CREATE DATABASE  IF NOT EXISTS `teammedic_final` /*!40100 DEFAULT CHARACTER SET utf8mb4 COLLATE utf8mb4_0900_ai_ci */ /*!80016 DEFAULT ENCRYPTION='N' */;
USE `teammedic_final`;
-- MySQL dump 10.13  Distrib 8.0.32, for Win64 (x86_64)
--
-- Host: localhost    Database: teammedic_final
-- ------------------------------------------------------
-- Server version	8.0.32

/*!40101 SET @OLD_CHARACTER_SET_CLIENT=@@CHARACTER_SET_CLIENT */;
/*!40101 SET @OLD_CHARACTER_SET_RESULTS=@@CHARACTER_SET_RESULTS */;
/*!40101 SET @OLD_COLLATION_CONNECTION=@@COLLATION_CONNECTION */;
/*!50503 SET NAMES utf8 */;
/*!40103 SET @OLD_TIME_ZONE=@@TIME_ZONE */;
/*!40103 SET TIME_ZONE='+00:00' */;
/*!40014 SET @OLD_UNIQUE_CHECKS=@@UNIQUE_CHECKS, UNIQUE_CHECKS=0 */;
/*!40014 SET @OLD_FOREIGN_KEY_CHECKS=@@FOREIGN_KEY_CHECKS, FOREIGN_KEY_CHECKS=0 */;
/*!40101 SET @OLD_SQL_MODE=@@SQL_MODE, SQL_MODE='NO_AUTO_VALUE_ON_ZERO' */;
/*!40111 SET @OLD_SQL_NOTES=@@SQL_NOTES, SQL_NOTES=0 */;

--
-- Table structure for table `authorize`
--

DROP TABLE IF EXISTS `authorize`;
/*!40101 SET @saved_cs_client     = @@character_set_client */;
/*!50503 SET character_set_client = utf8mb4 */;
CREATE TABLE `authorize` (
  `InstitutionKey` int NOT NULL,
  `PatientKey` int NOT NULL,
  PRIMARY KEY (`InstitutionKey`,`PatientKey`)
) ENGINE=InnoDB DEFAULT CHARSET=utf8mb4 COLLATE=utf8mb4_0900_ai_ci;
/*!40101 SET character_set_client = @saved_cs_client */;

--
-- Dumping data for table `authorize`
--

LOCK TABLES `authorize` WRITE;
/*!40000 ALTER TABLE `authorize` DISABLE KEYS */;
INSERT INTO `authorize` VALUES (1,1),(2,2),(3,3),(4,4),(5,5),(6,6),(7,7),(8,8),(9,9),(10,10),(11,11),(12,12),(13,13),(14,14),(15,15),(16,16),(17,17),(18,18),(19,19),(20,20),(21,21),(22,22),(23,23),(24,24),(25,25),(26,26),(27,27),(28,28),(29,29),(30,30),(31,31),(32,32),(33,33),(34,34),(35,35),(36,36),(37,37),(38,38),(39,39),(40,40),(41,41),(42,42),(43,43),(44,44),(45,45),(46,46),(47,47),(48,48),(49,49),(50,50),(51,51),(52,52),(53,53),(54,54),(55,55),(56,56),(57,57),(58,58),(59,59),(60,60),(61,61),(62,62),(63,63),(64,64),(201,201),(202,202),(203,203),(204,204),(205,205),(206,206),(207,207),(208,208),(209,209),(210,210),(211,211),(212,212),(213,213),(214,214),(215,215),(216,216),(217,217),(218,218),(219,219),(220,220),(221,221),(222,222),(223,223),(224,224),(225,225),(226,226),(227,227),(228,228),(229,229),(230,230),(231,231),(232,232),(233,233),(234,234),(235,235),(236,236),(237,237),(238,238),(239,239),(240,240),(241,241),(242,242),(243,243),(244,244),(245,245),(246,246),(247,247),(248,248),(249,249),(250,250),(251,251),(252,252),(253,253),(254,254),(255,255),(256,256),(257,257),(258,258),(259,259),(260,260),(261,261),(262,262),(263,263),(264,264),(265,265),(266,266),(401,401),(402,402),(403,403),(404,404),(405,405),(406,406),(407,407),(408,408),(409,409),(410,410),(411,411),(412,412),(413,413),(414,414),(415,415),(416,416),(417,417),(418,418),(419,419),(420,420),(421,421),(422,422),(423,423),(424,424),(425,425),(426,426),(427,427),(428,428),(429,429),(430,430),(431,431),(432,432),(433,433),(434,434),(435,435),(436,436),(437,437),(438,438),(439,439),(440,440),(441,441),(442,442),(443,443),(444,444),(445,445),(446,446),(447,447),(448,448),(449,449),(450,450),(451,451),(452,452),(453,453),(454,454),(455,455),(456,456),(457,457),(458,458),(459,459),(460,460),(461,461),(462,462),(463,463),(464,464),(465,465),(466,466),(467,467),(468,468),(469,469),(470,470);
/*!40000 ALTER TABLE `authorize` ENABLE KEYS */;
UNLOCK TABLES;

--
-- Table structure for table `clinic`
--

DROP TABLE IF EXISTS `clinic`;
/*!40101 SET @saved_cs_client     = @@character_set_client */;
/*!50503 SET character_set_client = utf8mb4 */;
CREATE TABLE `clinic` (
  `IKey` int NOT NULL AUTO_INCREMENT,
  `Labs` tinyint(1) DEFAULT NULL,
  `UrgentCare` tinyint(1) DEFAULT NULL,
  PRIMARY KEY (`IKey`),
  CONSTRAINT `clinic_ibfk_1` FOREIGN KEY (`IKey`) REFERENCES `institution` (`IKey`)
) ENGINE=InnoDB AUTO_INCREMENT=402 DEFAULT CHARSET=utf8mb4 COLLATE=utf8mb4_0900_ai_ci;
/*!40101 SET character_set_client = @saved_cs_client */;

--
-- Dumping data for table `clinic`
--

LOCK TABLES `clinic` WRITE;
/*!40000 ALTER TABLE `clinic` DISABLE KEYS */;
INSERT INTO `clinic` VALUES (201,1,0),(202,0,1),(203,1,0),(204,1,0),(205,1,1),(206,1,0),(207,1,0),(208,1,0),(209,1,1),(210,1,0),(211,1,1),(212,1,1),(213,1,0),(214,0,1),(215,1,1),(216,1,1),(217,1,0),(218,1,1),(219,1,0),(220,1,0),(221,1,0),(222,1,0),(223,0,1),(224,1,0),(225,1,0),(226,1,0),(227,1,0),(228,1,0),(229,1,0),(230,1,0),(231,0,1),(232,0,1),(233,1,0),(234,1,0),(235,1,0),(236,1,0),(237,0,1),(238,0,1),(239,1,0),(240,1,1),(241,0,1),(242,1,1),(243,1,0),(244,1,0),(245,1,0),(246,1,0),(247,1,0),(248,1,1),(249,1,0),(250,1,0),(251,1,1),(252,1,1),(253,1,0),(254,1,0),(255,1,1),(256,1,0),(257,0,1),(258,1,0),(259,1,1),(260,0,1),(261,1,1),(262,1,0),(263,1,1),(264,0,1),(265,1,1),(266,1,0),(267,1,1),(268,1,0),(269,0,1),(270,0,1),(271,1,0),(272,1,1),(273,1,0),(274,0,1),(275,1,0),(276,1,0),(277,1,0),(278,1,0),(279,0,1),(280,1,1),(281,1,0),(282,1,0),(283,0,1),(284,1,0),(285,1,0),(286,1,0),(287,1,1),(288,1,0),(289,1,0),(290,1,0),(291,1,1),(292,1,1),(293,1,0),(294,0,1),(295,1,0),(296,0,1),(297,1,0),(298,1,1),(299,0,1),(300,1,0),(301,0,1),(302,1,0),(303,1,1),(304,0,1),(305,1,1),(306,0,1),(307,1,0),(308,1,1),(309,1,0),(310,1,0),(311,0,1),(312,1,1),(313,1,1),(314,1,0),(315,1,0),(316,1,0),(317,0,1),(318,1,0),(319,0,1),(320,1,0),(321,1,0),(322,1,0),(323,0,1),(324,0,1),(325,1,1),(326,1,0),(327,1,1),(328,1,0),(329,1,0),(330,1,0),(331,0,1),(332,1,0),(333,1,1),(334,1,1),(335,1,0),(336,1,0),(337,1,0),(338,1,0),(339,0,1),(340,1,1),(341,0,1),(342,0,1),(343,0,1),(344,1,0),(345,1,1),(346,1,0),(347,0,1),(348,1,0),(349,1,0),(350,1,1),(351,1,0),(352,0,1),(353,1,0),(354,0,1),(355,0,1),(356,1,0),(357,1,0),(358,1,0),(359,1,0),(360,1,1),(361,1,0),(362,1,0),(363,1,1),(364,1,0),(365,1,0),(366,1,1),(367,1,0),(368,1,1),(369,1,0),(370,1,0),(371,1,0),(372,0,1),(373,1,0),(374,1,0),(375,1,0),(376,1,0),(377,0,1),(378,1,1),(379,0,1),(380,1,0),(381,0,1),(382,1,0),(383,1,0),(384,1,0),(385,1,1),(386,1,0),(387,0,1),(388,0,1),(389,1,0),(390,1,0),(391,1,0),(392,1,1),(393,1,0),(394,0,1),(395,1,1),(396,1,1),(397,0,1),(398,1,0),(399,1,1),(400,1,0),(401,1,1);
/*!40000 ALTER TABLE `clinic` ENABLE KEYS */;
UNLOCK TABLES;

--
-- Table structure for table `consistof`
--

DROP TABLE IF EXISTS `consistof`;
/*!40101 SET @saved_cs_client     = @@character_set_client */;
/*!50503 SET character_set_client = utf8mb4 */;
CREATE TABLE `consistof` (
  `InstitutionKey` int NOT NULL,
  `HealthKey` int NOT NULL,
  PRIMARY KEY (`InstitutionKey`,`HealthKey`)
) ENGINE=InnoDB DEFAULT CHARSET=utf8mb4 COLLATE=utf8mb4_0900_ai_ci;
/*!40101 SET character_set_client = @saved_cs_client */;

--
-- Dumping data for table `consistof`
--

LOCK TABLES `consistof` WRITE;
/*!40000 ALTER TABLE `consistof` DISABLE KEYS */;
INSERT INTO `consistof` VALUES (1,1),(2,2),(3,3),(4,4),(5,5),(6,6),(7,7),(8,8),(9,9),(10,10),(11,11),(12,12),(13,13),(14,14),(15,15),(16,16),(17,17),(18,18),(19,19),(20,20),(21,21),(22,22),(23,23),(24,24),(25,25),(26,26),(27,27),(28,28),(29,29),(30,30),(31,31),(32,32),(33,33),(34,34),(35,35),(36,36),(37,37),(38,38),(39,39),(40,40),(41,41),(42,42),(43,43),(44,44),(45,45),(46,46),(47,47),(48,48),(49,49),(50,50),(51,51),(52,52),(53,53),(54,54),(55,55),(56,56),(57,57),(58,58),(59,59),(60,60),(61,61),(62,62),(63,63),(64,64),(65,65),(201,201),(202,202),(203,203),(204,204),(205,205),(206,206),(207,207),(208,208),(209,209),(210,210),(211,211),(212,212),(213,213),(214,214),(215,215),(216,216),(217,217),(218,218),(219,219),(220,220),(221,221),(222,222),(223,223),(224,224),(225,225),(226,226),(227,227),(228,228),(229,229),(230,230),(231,231),(232,232),(233,233),(234,234),(235,235),(236,236),(237,237),(238,238),(239,239),(240,240),(241,241),(242,242),(243,243),(244,244),(245,245),(246,246),(247,247),(248,248),(249,249),(250,250),(251,251),(252,252),(253,253),(254,254),(255,255),(256,256),(257,257),(258,258),(259,259),(260,260),(261,261),(262,262),(263,263),(264,264),(265,265),(266,266),(401,401),(402,402),(403,403),(404,404),(405,405),(406,406),(407,407),(408,408),(409,409),(410,410),(411,411),(412,412),(413,413),(414,414),(415,415),(416,416),(417,417),(418,418),(419,419),(420,420),(421,421),(422,422),(423,423),(424,424),(425,425),(426,426),(427,427),(428,428),(429,429),(430,430),(431,431),(432,432),(433,433),(434,434),(435,435),(436,436),(437,437),(438,438),(439,439),(440,440),(441,441),(442,442),(443,443),(444,444),(445,445),(446,446),(447,447),(448,448),(449,449),(450,450),(451,451),(452,452),(453,453),(454,454),(455,455),(456,456),(457,457),(458,458),(459,459),(460,460),(461,461),(462,462),(463,463),(464,464),(465,465),(466,466),(467,467),(468,468),(469,469);
/*!40000 ALTER TABLE `consistof` ENABLE KEYS */;
UNLOCK TABLES;

--
-- Table structure for table `consultation`
--

DROP TABLE IF EXISTS `consultation`;
/*!40101 SET @saved_cs_client     = @@character_set_client */;
/*!50503 SET character_set_client = utf8mb4 */;
CREATE TABLE `consultation` (
  `SKey` int NOT NULL AUTO_INCREMENT,
  `InstructionforMedication` varchar(80) DEFAULT NULL,
  `PrescribedMedications` varchar(80) DEFAULT NULL,
  PRIMARY KEY (`SKey`),
  CONSTRAINT `consultation_ibfk_1` FOREIGN KEY (`SKey`) REFERENCES `services` (`SKey`)
) ENGINE=InnoDB AUTO_INCREMENT=201 DEFAULT CHARSET=utf8mb4 COLLATE=utf8mb4_0900_ai_ci;
/*!40101 SET character_set_client = @saved_cs_client */;

--
-- Dumping data for table `consultation`
--

LOCK TABLES `consultation` WRITE;
/*!40000 ALTER TABLE `consultation` DISABLE KEYS */;
INSERT INTO `consultation` VALUES (1,'Take without food','Amlodipine'),(2,'Take without food','Amlodipine'),(3,'Take with food','Augmentin'),(4,'Take with food','Amlodipine'),(5,'Take with food','Amlodipine'),(6,'Take without food','Amoxicillin'),(7,'Take with food','Amoxicillin'),(8,'Take without food','Augmentin'),(9,'Take without food','Metformin'),(10,'Take with food','Metformin'),(11,'Take with food','Ciprofloxacin'),(12,'Take without food','Metformin'),(13,'Take with food','Ciprofloxacin'),(14,'Take without food','Amlodipine'),(15,'Take without food','Augmentin'),(16,'Take with food','Ciprofloxacin'),(17,'Take without food','Amoxicillin'),(18,'Take with food','Amoxicillin'),(19,'Take with food','Augmentin'),(20,'Take with food','Ciprofloxacin'),(21,'Take without food','Metformin'),(22,'Take without food','Augmentin'),(23,'Take without food','Augmentin'),(24,'Take with food','Augmentin'),(25,'Take with food','Amlodipine'),(26,'Take without food','Amoxicillin'),(27,'Take with food','Ciprofloxacin'),(28,'Take with food','Amoxicillin'),(29,'Take with food','Amoxicillin'),(30,'Take without food','Metformin'),(31,'Take without food','Metformin'),(32,'Take with food','Ciprofloxacin'),(33,'Take with food','Metformin'),(34,'Take with food','Metformin'),(35,'Take without food','Ciprofloxacin'),(36,'Take without food','Amoxicillin'),(37,'Take with food','Amoxicillin'),(38,'Take with food','Augmentin'),(39,'Take without food','Amoxicillin'),(40,'Take with food','Amlodipine'),(41,'Take without food','Amoxicillin'),(42,'Take without food','Ciprofloxacin'),(43,'Take without food','Metformin '),(44,'Take without food','Metformin '),(45,'Take without food','Amoxicillin'),(46,'Take without food','Amoxicillin'),(47,'Take with food','Amoxicillin'),(48,'Take without food','Metformin '),(49,'Take without food','Metformin '),(50,'Take without food','Metformin '),(51,'Take with food','Metformin'),(52,'Take without food','Amoxicillin'),(53,'Take without food','Amoxicillin'),(54,'Take without food','Amoxicillin'),(55,'Take without food','Augmentin'),(56,'Take without food','Amlodipine'),(57,'Take with food','Amlodipine'),(58,'Take without food','Augmentin'),(59,'Take without food','Metformin '),(60,'Take with food','Ciprofloxacin'),(61,'Take with food','Amoxicillin'),(62,'Take with food','Metformin'),(63,'Take with food','Ciprofloxacin'),(64,'Take with food','Amoxicillin'),(65,'Take without food','Amlodipine'),(66,'Take without food','Amlodipine'),(67,'Take with food','Amlodipine'),(68,'Take without food','Metformin'),(69,'Take with food','Metformin'),(70,'Take with food','Augmentin'),(71,'Take without food','Amoxicillin'),(72,'Take with food','Amoxicillin'),(73,'Take with food','Ciprofloxacin'),(74,'Take without food','Amoxicillin'),(75,'Take with food','Amlodipine'),(76,'Take without food','Amlodipine'),(77,'Take with food','Amoxicillin'),(78,'Take with food','Amoxicillin'),(79,'Take without food','Augmentin'),(80,'Take without food','Augmentin'),(81,'Take without food','Augmentin'),(82,'Take with food','Amoxicillin'),(83,'Take without food','Metformin '),(84,'Take without food','Metformin'),(85,'Take without food','Amoxicillin'),(86,'Take without food','Amlodipine'),(87,'Take without food','Amlodipine'),(88,'Take with food','Amoxicillin'),(89,'Take without food','Amoxicillin'),(90,'Take with food','Metformin'),(91,'Take with food','Amoxicillin'),(92,'Take with food','Amoxicillin'),(93,'Take without food','Amoxicillin'),(94,'Take without food','Amoxicillin'),(95,'Take with food','Metformin'),(96,'Take with food','Amoxicillin'),(97,'Take with food','Metformin'),(98,'Take with food','Augmentin'),(99,'Take with food','Amoxicillin'),(100,'Take without food','Metformin'),(101,'Take without food','Metformin'),(102,'Take without food','Amlodipine'),(103,'Take without food','Metformin '),(104,'Take without food','Augmentin'),(105,'Take without food','Metformin'),(106,'Take without food','Metformin'),(107,'Take without food','Amlodipine'),(108,'Take with food','Ciprofloxacin'),(109,'Take with food','Metformin'),(110,'Take without food','Amlodipine'),(111,'Take with food','Amlodipine'),(112,'Take with food','Metformin'),(113,'Take with food','Amlodipine'),(114,'Take with food','Ciprofloxacin'),(115,'Take without food','Amoxicillin'),(116,'Take with food','Amlodipine'),(117,'Take with food','Ciprofloxacin'),(118,'Take without food','Amoxicillin'),(119,'Take without food','Augmentin'),(120,'Take with food','Augmentin'),(121,'Take with food','Amoxicillin'),(122,'Take without food','Amoxicillin'),(123,'Take without food','Metformin '),(124,'Take with food','Amlodipine'),(125,'Take with food','Augmentin'),(126,'Take with food','Amoxicillin'),(127,'Take without food','Augmentin'),(128,'Take without food','Augmentin'),(129,'Take with food','Augmentin'),(130,'Take with food','Metformin'),(131,'Take without food','Amlodipine'),(132,'Take without food','Augmentin'),(133,'Take without food','Augmentin'),(134,'Take with food','Amoxicillin'),(135,'Take with food','Ciprofloxacin'),(136,'Take with food','Augmentin'),(137,'Take without food','Amoxicillin'),(138,'Take with food','Amoxicillin'),(139,'Take without food','Amlodipine'),(140,'Take with food','Augmentin'),(141,'Take with food','Augmentin'),(142,'Take with food','Amoxicillin'),(143,'Take with food','Amlodipine'),(144,'Take with food','Augmentin'),(145,'Take with food','Augmentin'),(146,'Take without food','Amlodipine'),(147,'Take with food','Amoxicillin'),(148,'Take without food','Amoxicillin'),(149,'Take with food','Metformin'),(150,'Take with food','Augmentin'),(151,'Take with food','Amoxicillin'),(152,'Take without food','Metformin '),(153,'Take without food','Amoxicillin'),(154,'Take with food','Augmentin'),(155,'Take without food','Metformin'),(156,'Take with food','Metformin'),(157,'Take without food','Amoxicillin'),(158,'Take without food','Amoxicillin'),(159,'Take with food','Amlodipine'),(160,'Take with food','Amlodipine'),(161,'Take with food','Amoxicillin'),(162,'Take without food','Amoxicillin'),(163,'Take without food','Augmentin'),(164,'Take with food','Augmentin'),(165,'Take with food','Augmentin'),(166,'Take with food','Amoxicillin'),(167,'Take without food','Metformin'),(168,'Take with food','Ciprofloxacin'),(169,'Take with food','Amlodipine'),(170,'Take with food','Augmentin'),(171,'Take without food','Amoxicillin'),(172,'Take without food','Metformin '),(173,'Take without food','Metformin'),(174,'Take without food','Amoxicillin'),(175,'Take with food','Amlodipine'),(176,'Take without food','Amlodipine'),(177,'Take with food','Amlodipine'),(178,'Take without food','Amoxicillin'),(179,'Take with food','Augmentin'),(180,'Take with food','Amlodipine'),(181,'Take without food','Amoxicillin'),(182,'Take with food','Metformin'),(183,'Take with food','Amlodipine'),(184,'Take with food','Amlodipine'),(185,'Take without food','Amlodipine'),(186,'Take without food','Metformin '),(187,'Take with food','Amlodipine'),(188,'Take without food','Amoxicillin'),(189,'Take without food','Amoxicillin'),(190,'Take without food','Metformin '),(191,'Take without food','Amoxicillin'),(192,'Take with food','Amlodipine'),(193,'Take without food','Amoxicillin'),(194,'Take with food','Augmentin'),(195,'Take with food','Amoxicillin'),(196,'Take with food','Ciprofloxacin'),(197,'Take without food','Augmentin'),(198,'Take without food','Amlodipine'),(199,'Take with food','Amoxicillin'),(200,'Take with food','Ciprofloxacin');
/*!40000 ALTER TABLE `consultation` ENABLE KEYS */;
UNLOCK TABLES;

--
-- Table structure for table `deathcertificate`
--

DROP TABLE IF EXISTS `deathcertificate`;
/*!40101 SET @saved_cs_client     = @@character_set_client */;
/*!50503 SET character_set_client = utf8mb4 */;
CREATE TABLE `deathcertificate` (
  `FK_Patient` int NOT NULL AUTO_INCREMENT,
  `Location` varchar(80) DEFAULT NULL,
  `CauseOfDeath` varchar(80) DEFAULT NULL,
  `Owns_Pkey` int DEFAULT NULL,
  `DateOfDeath` date DEFAULT NULL,
  `TimeOfDeath` time DEFAULT NULL,
  PRIMARY KEY (`FK_Patient`),
  KEY `Owns_Pkey` (`Owns_Pkey`),
  CONSTRAINT `deathcertificate_ibfk_1` FOREIGN KEY (`Owns_Pkey`) REFERENCES `patient` (`Pkey`)
) ENGINE=InnoDB AUTO_INCREMENT=601 DEFAULT CHARSET=utf8mb4 COLLATE=utf8mb4_0900_ai_ci;
/*!40101 SET character_set_client = @saved_cs_client */;

--
-- Dumping data for table `deathcertificate`
--

LOCK TABLES `deathcertificate` WRITE;
/*!40000 ALTER TABLE `deathcertificate` DISABLE KEYS */;
INSERT INTO `deathcertificate` VALUES (1,NULL,NULL,1,NULL,NULL),(2,NULL,NULL,2,NULL,NULL),(3,'4187 Blackbird Street','Heart Failure',3,'2023-01-08','06:09:00'),(4,'52 Kensington Parkway','Pneumonia',4,'2022-05-13','12:55:00'),(5,NULL,NULL,5,NULL,NULL),(6,NULL,NULL,6,NULL,NULL),(7,NULL,NULL,7,NULL,NULL),(8,NULL,NULL,8,NULL,NULL),(9,NULL,NULL,9,NULL,NULL),(10,NULL,NULL,10,NULL,NULL),(11,NULL,NULL,11,NULL,NULL),(12,NULL,NULL,12,NULL,NULL),(13,NULL,NULL,13,NULL,NULL),(14,NULL,NULL,14,NULL,NULL),(15,'22743 Lakewood Circle','Liver Disease',15,'2023-03-28','23:39:00'),(16,NULL,NULL,16,NULL,NULL),(17,NULL,NULL,17,NULL,NULL),(18,NULL,NULL,18,NULL,NULL),(19,'9755 Thierer Lane','Accidental Poising',19,'2022-07-20','10:24:00'),(20,NULL,NULL,20,NULL,NULL),(21,'57337 Anzinger Center','Motor Vehicle Accident',21,'2022-07-26','11:15:00'),(22,NULL,NULL,22,NULL,NULL),(23,NULL,NULL,23,NULL,NULL),(24,NULL,NULL,24,NULL,NULL),(25,NULL,NULL,25,NULL,NULL),(26,NULL,NULL,26,NULL,NULL),(27,NULL,NULL,27,NULL,NULL),(28,'79 Walton Street','Influenza',28,'2023-02-09','15:15:00'),(29,NULL,NULL,29,NULL,NULL),(30,'5 Lighthouse Bay Point','Motor Vehicle Accident',30,'2022-09-24','14:53:00'),(31,NULL,NULL,31,NULL,NULL),(32,'270 Twin Pines Center','Skin Disease',32,'2022-08-04','09:54:00'),(33,NULL,NULL,33,NULL,NULL),(34,'3 Sommers Lane','Lung Failure',34,'2022-06-12','10:13:00'),(35,NULL,NULL,35,NULL,NULL),(36,NULL,NULL,36,NULL,NULL),(37,NULL,NULL,37,NULL,NULL),(38,'06 Carberry Road','Pneumonia',38,'2022-05-14','06:57:00'),(39,'00887 Del Sol Way','Pneumonia',39,'2022-07-26','15:33:00'),(40,'83784 Forest Point','Skin Disease',40,'2022-05-21','21:29:00'),(41,NULL,NULL,41,NULL,NULL),(42,'3 Ryan Park','Liver Disease',42,'2022-11-08','19:19:00'),(43,'2364 American Parkway','Physical Injury',43,'2022-11-08','04:11:00'),(44,NULL,NULL,44,NULL,NULL),(45,NULL,NULL,45,NULL,NULL),(46,NULL,NULL,46,NULL,NULL),(47,NULL,NULL,47,NULL,NULL),(48,NULL,NULL,48,NULL,NULL),(49,NULL,NULL,49,NULL,NULL),(50,NULL,NULL,50,NULL,NULL),(51,NULL,NULL,51,NULL,NULL),(52,NULL,NULL,52,NULL,NULL),(53,NULL,NULL,53,NULL,NULL),(54,'7305 Waxwing Junction','Motor Vehicle Accident',54,'2023-02-14','12:11:00'),(55,NULL,NULL,55,NULL,NULL),(56,NULL,NULL,56,NULL,NULL),(57,'1580 Village Center','Lung Failure',57,'2023-03-23','02:03:00'),(58,NULL,NULL,58,NULL,NULL),(59,NULL,NULL,59,NULL,NULL),(60,'00258 Homewood Terrace','Lung Failure',60,'2023-04-20','16:20:00'),(61,'3231 Garrison Court','Physical Injury',61,'2023-03-31','22:47:00'),(62,'21 Old Gate Terrace','Heart Failure',62,'2022-11-09','15:24:00'),(63,NULL,NULL,63,NULL,NULL),(64,NULL,NULL,64,NULL,NULL),(65,'5940 Cherokee Crossing','Diabetes',65,'2022-05-21','12:21:00'),(66,NULL,NULL,66,NULL,NULL),(67,NULL,NULL,67,NULL,NULL),(68,NULL,NULL,68,NULL,NULL),(69,NULL,NULL,69,NULL,NULL),(70,NULL,NULL,70,NULL,NULL),(71,NULL,NULL,71,NULL,NULL),(72,NULL,NULL,72,NULL,NULL),(73,NULL,NULL,73,NULL,NULL),(74,NULL,NULL,74,NULL,NULL),(75,NULL,NULL,75,NULL,NULL),(76,'29126 Gulseth Park','Skin Disease',76,'2022-06-06','20:59:00'),(77,NULL,NULL,77,NULL,NULL),(78,NULL,NULL,78,NULL,NULL),(79,NULL,NULL,79,NULL,NULL),(80,NULL,NULL,80,NULL,NULL),(81,NULL,NULL,81,NULL,NULL),(82,NULL,NULL,82,NULL,NULL),(83,NULL,NULL,83,NULL,NULL),(84,'2260 Roxbury Way','Accidental Poising',84,'2022-05-06','08:02:00'),(85,NULL,NULL,85,NULL,NULL),(86,'854 Annamark Lane','Motor Vehicle Accident',86,'2022-05-26','03:43:00'),(87,NULL,NULL,87,NULL,NULL),(88,NULL,NULL,88,NULL,NULL),(89,NULL,NULL,89,NULL,NULL),(90,NULL,NULL,90,NULL,NULL),(91,'956 Summerview Court','Heart Failure',91,'2022-06-13','16:47:00'),(92,NULL,NULL,92,NULL,NULL),(93,'1833 Dawn Crossing','Liver Disease',93,'2023-04-08','07:35:00'),(94,NULL,NULL,94,NULL,NULL),(95,NULL,NULL,95,NULL,NULL),(96,NULL,NULL,96,NULL,NULL),(97,NULL,NULL,97,NULL,NULL),(98,NULL,NULL,98,NULL,NULL),(99,'73774 Burning Wood Parkway','Physical Injury',99,'2022-09-26','21:11:00'),(100,'722 Texas Place','Physical Injury',100,'2023-01-30','06:41:00'),(101,NULL,NULL,101,NULL,NULL),(102,NULL,NULL,102,NULL,NULL),(103,'14376 Grasskamp Street','Influenza',103,'2022-06-08','06:49:00'),(104,NULL,NULL,104,NULL,NULL),(105,NULL,NULL,105,NULL,NULL),(106,NULL,NULL,106,NULL,NULL),(107,NULL,NULL,107,NULL,NULL),(108,NULL,NULL,108,NULL,NULL),(109,NULL,NULL,109,NULL,NULL),(110,NULL,NULL,110,NULL,NULL),(111,NULL,NULL,111,NULL,NULL),(112,'57629 Arkansas Circle','Heart Failure',112,'2022-06-10','16:28:00'),(113,NULL,NULL,113,NULL,NULL),(114,NULL,NULL,114,NULL,NULL),(115,NULL,NULL,115,NULL,NULL),(116,NULL,NULL,116,NULL,NULL),(117,'62 Gina Court','Physical Injury',117,'2023-03-25','22:49:00'),(118,'204 Judy Terrace','Pneumonia',118,'2022-09-20','06:12:00'),(119,'5 Sugar Court','Drowning',119,'2022-09-22','13:22:00'),(120,NULL,NULL,120,NULL,NULL),(121,NULL,NULL,121,NULL,NULL),(122,NULL,NULL,122,NULL,NULL),(123,NULL,NULL,123,NULL,NULL),(124,'9 Drewry Lane','Liver Disease',124,'2022-06-19','07:16:00'),(125,NULL,NULL,125,NULL,NULL),(126,'68557 Sheridan Junction','Liver Disease',126,'2022-08-02','07:17:00'),(127,NULL,NULL,127,NULL,NULL),(128,'7 Glendale Circle','Motor Vehicle Accident',128,'2022-06-10','12:34:00'),(129,NULL,NULL,129,NULL,NULL),(130,NULL,NULL,130,NULL,NULL),(131,NULL,NULL,131,NULL,NULL),(132,NULL,NULL,132,NULL,NULL),(133,'8256 Marquette Drive','Pneumonia',133,'2022-12-03','17:43:00'),(134,NULL,NULL,134,NULL,NULL),(135,NULL,NULL,135,NULL,NULL),(136,NULL,NULL,136,NULL,NULL),(137,NULL,NULL,137,NULL,NULL),(138,NULL,NULL,138,NULL,NULL),(139,NULL,NULL,139,NULL,NULL),(140,NULL,NULL,140,NULL,NULL),(141,NULL,NULL,141,NULL,NULL),(142,NULL,NULL,142,NULL,NULL),(143,NULL,NULL,143,NULL,NULL),(144,NULL,NULL,144,NULL,NULL),(145,NULL,NULL,145,NULL,NULL),(146,'57 Comanche Avenue','Asthma',146,'2023-01-25','15:49:00'),(147,'3813 Hooker Drive','Accidental Poising',147,'2022-07-27','23:49:00'),(148,NULL,NULL,148,NULL,NULL),(149,NULL,NULL,149,NULL,NULL),(150,NULL,NULL,150,NULL,NULL),(151,NULL,NULL,151,NULL,NULL),(152,NULL,NULL,152,NULL,NULL),(153,NULL,NULL,153,NULL,NULL),(154,NULL,NULL,154,NULL,NULL),(155,NULL,NULL,155,NULL,NULL),(156,'172 Barby Drive','Accidental Poising',156,'2022-07-27','22:10:00'),(157,NULL,NULL,157,NULL,NULL),(158,'91 Old Shore Pass','Lung Failure',158,'2023-02-04','11:18:00'),(159,NULL,NULL,159,NULL,NULL),(160,NULL,NULL,160,NULL,NULL),(161,NULL,NULL,161,NULL,NULL),(162,'22043 West Drive','Accidental Poising',162,'2022-10-14','07:00:00'),(163,'48 Barby Hill','Accidental Poising',163,'2022-09-30','02:31:00'),(164,NULL,NULL,164,NULL,NULL),(165,NULL,NULL,165,NULL,NULL),(166,NULL,NULL,166,NULL,NULL),(167,NULL,NULL,167,NULL,NULL),(168,NULL,NULL,168,NULL,NULL),(169,NULL,NULL,169,NULL,NULL),(170,'67 Sutteridge Drive','Physical Injury',170,'2022-05-18','15:51:00'),(171,NULL,NULL,171,NULL,NULL),(172,NULL,NULL,172,NULL,NULL),(173,'696 Hazelcrest Pass','Physical Injury',173,'2022-04-27','04:28:00'),(174,'332 Transport Street','Pneumonia',174,'2022-10-28','08:12:00'),(175,NULL,NULL,175,NULL,NULL),(176,NULL,NULL,176,NULL,NULL),(177,NULL,NULL,177,NULL,NULL),(178,'1 Stang Alley','Influenza',178,'2022-10-22','21:21:00'),(179,NULL,NULL,179,NULL,NULL),(180,NULL,NULL,180,NULL,NULL),(181,NULL,NULL,181,NULL,NULL),(182,NULL,NULL,182,NULL,NULL),(183,NULL,NULL,183,NULL,NULL),(184,NULL,NULL,184,NULL,NULL),(185,NULL,NULL,185,NULL,NULL),(186,NULL,NULL,186,NULL,NULL),(187,NULL,NULL,187,NULL,NULL),(188,NULL,NULL,188,NULL,NULL),(189,NULL,NULL,189,NULL,NULL),(190,'69 Farmco Avenue','Physical Injury',190,'2022-09-15','17:18:00'),(191,NULL,NULL,191,NULL,NULL),(192,NULL,NULL,192,NULL,NULL),(193,NULL,NULL,193,NULL,NULL),(194,'54103 Duke Terrace','Motor Vehicle Accident',194,'2022-10-06','07:33:00'),(195,NULL,NULL,195,NULL,NULL),(196,NULL,NULL,196,NULL,NULL),(197,NULL,NULL,197,NULL,NULL),(198,NULL,NULL,198,NULL,NULL),(199,'44538 Sundown Street','Influenza',199,'2022-08-31','08:45:00'),(200,'294 Northport Trail','Stroke',200,'2022-09-12','05:28:00'),(201,NULL,NULL,201,'2022-08-31','07:33:00'),(202,NULL,'Physical Injury',202,NULL,NULL),(203,NULL,NULL,203,NULL,NULL),(204,NULL,NULL,204,NULL,NULL),(205,NULL,NULL,205,NULL,NULL),(206,NULL,NULL,206,NULL,NULL),(207,NULL,NULL,207,NULL,NULL),(208,NULL,NULL,208,NULL,NULL),(209,'15 Butterfield Parkway','Motor Vehicle Accident',209,'2022-10-23','12:53:28'),(210,NULL,NULL,210,NULL,NULL),(211,NULL,NULL,211,NULL,NULL),(212,NULL,NULL,212,NULL,NULL),(213,NULL,NULL,213,NULL,NULL),(214,NULL,NULL,214,NULL,NULL),(215,NULL,NULL,215,NULL,NULL),(216,NULL,NULL,216,NULL,NULL),(217,NULL,NULL,217,NULL,NULL),(218,NULL,NULL,218,NULL,NULL),(219,NULL,NULL,219,NULL,NULL),(220,NULL,NULL,220,NULL,NULL),(221,NULL,NULL,221,NULL,NULL),(222,NULL,NULL,222,NULL,NULL),(223,NULL,NULL,223,NULL,NULL),(224,NULL,NULL,224,NULL,NULL),(225,NULL,NULL,225,NULL,NULL),(226,'1 4th Park','Physical Injury',226,'2022-08-05','05:34:21'),(227,NULL,NULL,227,NULL,NULL),(228,'5585 Oakridge Center','Motor Vehicle Accident',228,'2023-01-04','21:16:21'),(229,NULL,NULL,229,NULL,NULL),(230,NULL,NULL,230,NULL,NULL),(231,NULL,NULL,231,NULL,NULL),(232,NULL,NULL,232,NULL,NULL),(233,NULL,NULL,233,NULL,NULL),(234,NULL,NULL,234,NULL,NULL),(235,NULL,NULL,235,NULL,NULL),(236,NULL,NULL,236,NULL,NULL),(237,NULL,NULL,237,NULL,NULL),(238,NULL,NULL,238,NULL,NULL),(239,NULL,NULL,239,NULL,NULL),(240,NULL,NULL,240,NULL,NULL),(241,NULL,NULL,241,NULL,NULL),(242,NULL,NULL,242,NULL,NULL),(243,NULL,NULL,243,NULL,NULL),(244,'137 8th Court','Asthma',244,'2022-06-20','22:25:07'),(245,NULL,NULL,245,NULL,NULL),(246,NULL,NULL,246,NULL,NULL),(247,NULL,NULL,247,NULL,NULL),(248,NULL,NULL,248,NULL,NULL),(249,NULL,NULL,249,NULL,NULL),(250,NULL,NULL,250,NULL,NULL),(251,NULL,NULL,251,NULL,NULL),(252,'5 Dawn Alley','Skin Disease',252,'2022-10-28','21:46:56'),(253,NULL,NULL,253,NULL,NULL),(254,'1937 Eagan Hill','Asthma',254,'2022-08-22','00:30:48'),(255,NULL,NULL,255,NULL,NULL),(256,'7753 Mariners Cove Point','Skin Disease',256,'2022-10-29','11:19:14'),(257,NULL,NULL,257,NULL,NULL),(258,NULL,NULL,258,NULL,NULL),(259,NULL,NULL,259,NULL,NULL),(260,NULL,NULL,260,NULL,NULL),(261,NULL,NULL,261,NULL,NULL),(262,'4 Crownhardt Street','Heart Failure',262,'2023-04-18','02:14:24'),(263,NULL,NULL,263,NULL,NULL),(264,NULL,NULL,264,NULL,NULL),(265,'2 Becker Terrace','Skin Disease',265,'2023-04-08','20:39:48'),(266,NULL,NULL,266,NULL,NULL),(267,NULL,NULL,267,NULL,NULL),(268,NULL,NULL,268,NULL,NULL),(269,NULL,NULL,269,NULL,NULL),(270,NULL,NULL,270,NULL,NULL),(271,NULL,NULL,271,NULL,NULL),(272,'45458 John Wall Street','Heart Failure',272,'2023-01-29','00:11:06'),(273,'749 Maple Trail','Physical Injury',273,'2023-01-22','03:31:14'),(274,NULL,NULL,274,NULL,NULL),(275,NULL,NULL,275,NULL,NULL),(276,'80772 Hoepker Terrace','Skin Disease',276,'2022-05-12','18:09:30'),(277,NULL,NULL,277,NULL,NULL),(278,NULL,NULL,278,NULL,NULL),(279,NULL,NULL,279,NULL,NULL),(280,NULL,NULL,280,NULL,NULL),(281,NULL,NULL,281,NULL,NULL),(282,NULL,NULL,282,NULL,NULL),(283,NULL,NULL,283,NULL,NULL),(284,NULL,NULL,284,NULL,NULL),(285,NULL,NULL,285,NULL,NULL),(286,'288 Scoville Junction','Pneumonia',286,'2023-02-15','21:17:28'),(287,NULL,NULL,287,NULL,NULL),(288,NULL,NULL,288,NULL,NULL),(289,'10 Dryden Center','Skin Disease',289,'2022-12-05','03:16:50'),(290,NULL,NULL,290,NULL,NULL),(291,NULL,NULL,291,NULL,NULL),(292,'5 Forest Dale Court','Physical Injury',292,'2023-01-05','23:06:45'),(293,NULL,NULL,293,NULL,NULL),(294,NULL,NULL,294,NULL,NULL),(295,NULL,NULL,295,NULL,NULL),(296,NULL,NULL,296,NULL,NULL),(297,NULL,NULL,297,NULL,NULL),(298,NULL,NULL,298,NULL,NULL),(299,'15239 Basil Place','Pneumonia',299,'2022-10-01','10:57:13'),(300,NULL,NULL,300,NULL,NULL),(301,NULL,NULL,301,NULL,NULL),(302,NULL,NULL,302,NULL,NULL),(303,NULL,NULL,303,NULL,NULL),(304,'4 Donald Junction','Skin Disease',304,'2022-12-17','20:30:22'),(305,'0826 Eggendart Junction','Pneumonia',305,'2022-08-04','22:07:26'),(306,NULL,NULL,306,NULL,NULL),(307,NULL,NULL,307,NULL,NULL),(308,NULL,NULL,308,NULL,NULL),(309,NULL,NULL,309,NULL,NULL),(310,NULL,NULL,310,NULL,NULL),(311,NULL,NULL,311,NULL,NULL),(312,NULL,NULL,312,NULL,NULL),(313,NULL,NULL,313,NULL,NULL),(314,NULL,NULL,314,NULL,NULL),(315,NULL,NULL,315,NULL,NULL),(316,NULL,NULL,316,NULL,NULL),(317,NULL,NULL,317,NULL,NULL),(318,NULL,NULL,318,NULL,NULL),(319,NULL,NULL,319,NULL,NULL),(320,NULL,NULL,320,NULL,NULL),(321,NULL,NULL,321,NULL,NULL),(322,NULL,NULL,322,NULL,NULL),(323,'8735 Doe Crossing Road','Physical Injury',323,'2022-05-22','04:38:12'),(324,NULL,NULL,324,NULL,NULL),(325,'4340 Cottonwood Drive','Heart Failure',325,'2023-03-20','22:22:11'),(326,'2 Mitchell Avenue','Pneumonia',326,'2022-11-26','05:11:47'),(327,NULL,NULL,327,NULL,NULL),(328,NULL,NULL,328,NULL,NULL),(329,NULL,NULL,329,NULL,NULL),(330,NULL,NULL,330,NULL,NULL),(331,NULL,NULL,331,NULL,NULL),(332,NULL,NULL,332,NULL,NULL),(333,NULL,NULL,333,NULL,NULL),(334,NULL,NULL,334,NULL,NULL),(335,NULL,NULL,335,NULL,NULL),(336,NULL,NULL,336,NULL,NULL),(337,NULL,NULL,337,NULL,NULL),(338,NULL,NULL,338,NULL,NULL),(339,NULL,NULL,339,NULL,NULL),(340,'758 Tennessee Hill','Physical Injury',340,'2023-03-16','01:40:49'),(341,NULL,NULL,341,NULL,NULL),(342,NULL,NULL,342,NULL,NULL),(343,NULL,NULL,343,NULL,NULL),(344,NULL,NULL,344,NULL,NULL),(345,NULL,NULL,345,NULL,NULL),(346,NULL,NULL,346,NULL,NULL),(347,NULL,NULL,347,NULL,NULL),(348,NULL,NULL,348,NULL,NULL),(349,NULL,NULL,349,NULL,NULL),(350,'584 Lakewood Crossing','Physical Injury',350,'2022-10-04','21:32:11'),(351,'563 Sutherland Trail','Pneumonia',351,'2022-05-28','10:20:35'),(352,NULL,NULL,352,NULL,NULL),(353,NULL,NULL,353,NULL,NULL),(354,NULL,NULL,354,NULL,NULL),(355,NULL,NULL,355,NULL,NULL),(356,NULL,NULL,356,NULL,NULL),(357,NULL,NULL,357,NULL,NULL),(358,NULL,NULL,358,NULL,NULL),(359,NULL,NULL,359,NULL,NULL),(360,NULL,NULL,360,NULL,NULL),(361,NULL,NULL,361,NULL,NULL),(362,NULL,NULL,362,NULL,NULL),(363,NULL,NULL,363,NULL,NULL),(364,NULL,NULL,364,NULL,NULL),(365,'8 John Wall Alley','Accidental Poising',365,'2023-03-06','19:13:59'),(366,NULL,NULL,366,NULL,NULL),(367,NULL,NULL,367,NULL,NULL),(368,NULL,NULL,368,NULL,NULL),(369,'206 Dwight Pass','Accidental Poising',369,'2023-03-14','05:11:36'),(370,NULL,NULL,370,NULL,NULL),(371,'1652 Gina Street','Accidental Poising',371,'2022-09-19','08:36:17'),(372,NULL,NULL,372,NULL,NULL),(373,NULL,NULL,373,NULL,NULL),(374,'1 Thierer Circle','Motor Vehicle Accident',374,'2022-11-27','09:33:18'),(375,NULL,NULL,375,NULL,NULL),(376,'349 Barby Terrace','Motor Vehicle Accident',376,'2022-12-11','01:52:27'),(377,NULL,NULL,377,NULL,NULL),(378,NULL,NULL,378,NULL,NULL),(379,NULL,NULL,379,NULL,NULL),(380,NULL,NULL,380,NULL,NULL),(381,'9128 Sugar Street','Physical Injury',381,'2023-03-07','14:07:57'),(382,'998 New Castle Park','Pneumonia',382,'2023-02-10','14:19:07'),(383,'07 Northport Alley','Accidental Poising',383,'2023-02-19','18:17:00'),(384,'7512 Lukken Way','Accidental Poising',384,'2023-02-12','00:53:23'),(385,'6690 Dorton Circle','Physical Injury',385,'2022-08-15','03:25:52'),(386,'5734 Eastwood Street','Heart Failure',386,'2022-11-19','18:59:07'),(387,'57 Norway Maple Crossing','Pneumonia',387,'2023-03-21','14:23:26'),(388,'552 Orin Court','Accidental Poising',388,'2022-04-30','17:41:28'),(389,NULL,'Physical Injury',389,NULL,NULL),(390,NULL,'Heart Failure',390,NULL,NULL),(391,NULL,NULL,391,NULL,NULL),(392,'876 School Way','Liver Disease',392,'2023-02-28','23:02:16'),(393,NULL,NULL,393,NULL,NULL),(394,'5847 Elgar Terrace','Skin Disease',394,'2022-10-29','20:23:37'),(395,NULL,NULL,395,NULL,NULL),(396,'1 Colorado Alley','Liver Disease',396,'2022-05-15','03:40:30'),(397,NULL,NULL,397,NULL,NULL),(398,NULL,NULL,398,NULL,NULL),(399,NULL,'Physical Injury',399,NULL,NULL),(400,NULL,'Heart Failure',400,NULL,NULL),(401,'3 Drewry Pass','Liver Disease',401,'2022-05-28','15:45:51'),(402,'8053 Little Fleur Court','Liver Disease',402,'2022-05-27','15:29:38'),(403,NULL,NULL,403,NULL,NULL),(404,'618 Mcbride Alley','Skin Disease',404,'2022-09-23','13:12:44'),(405,NULL,NULL,405,NULL,NULL),(406,NULL,NULL,406,NULL,NULL),(407,NULL,NULL,407,NULL,NULL),(408,'8 Oriole Circle','Physical Injury',408,'2022-11-20','05:18:05'),(409,'20297 Rigney Alley','Pneumonia',409,'2022-09-16','02:31:44'),(410,NULL,NULL,410,NULL,NULL),(411,NULL,NULL,411,NULL,NULL),(412,NULL,NULL,412,NULL,NULL),(413,NULL,NULL,413,NULL,NULL),(414,NULL,NULL,414,NULL,NULL),(415,NULL,NULL,415,NULL,NULL),(416,NULL,NULL,416,NULL,NULL),(417,NULL,NULL,417,NULL,NULL),(418,NULL,NULL,418,NULL,NULL),(419,NULL,NULL,419,NULL,NULL),(420,'708 Spenser Point','Skin Disease',420,'2022-12-17','10:19:06'),(421,NULL,NULL,421,NULL,NULL),(422,NULL,NULL,422,NULL,NULL),(423,NULL,NULL,423,NULL,NULL),(424,NULL,NULL,424,NULL,NULL),(425,NULL,NULL,425,NULL,NULL),(426,NULL,NULL,426,NULL,NULL),(427,NULL,NULL,427,NULL,NULL),(428,NULL,NULL,428,NULL,NULL),(429,NULL,NULL,429,NULL,NULL),(430,NULL,NULL,430,NULL,NULL),(431,NULL,NULL,431,NULL,NULL),(432,NULL,NULL,432,NULL,NULL),(433,NULL,NULL,433,NULL,NULL),(434,NULL,NULL,434,NULL,NULL),(435,NULL,NULL,435,NULL,NULL),(436,NULL,NULL,436,NULL,NULL),(437,NULL,NULL,437,NULL,NULL),(438,NULL,NULL,438,NULL,NULL),(439,NULL,NULL,439,NULL,NULL),(440,NULL,NULL,440,NULL,NULL),(441,NULL,NULL,441,NULL,NULL),(442,NULL,NULL,442,NULL,NULL),(443,NULL,NULL,443,NULL,NULL),(444,NULL,NULL,444,NULL,NULL),(445,NULL,NULL,445,NULL,NULL),(446,NULL,NULL,446,NULL,NULL),(447,NULL,NULL,447,NULL,NULL),(448,NULL,NULL,448,NULL,NULL),(449,NULL,NULL,449,NULL,NULL),(450,NULL,NULL,450,NULL,NULL),(451,NULL,NULL,451,NULL,NULL),(452,NULL,NULL,452,NULL,NULL),(453,NULL,NULL,453,NULL,NULL),(454,NULL,NULL,454,NULL,NULL),(455,NULL,NULL,455,NULL,NULL),(456,'19433 Rigney Avenue','Physical Injury',456,'2022-12-15','23:48:22'),(457,'60889 Logan Trail','Pneumonia',457,'2022-10-17','05:39:53'),(458,NULL,NULL,458,NULL,NULL),(459,NULL,NULL,459,NULL,NULL),(460,NULL,NULL,460,NULL,NULL),(461,NULL,NULL,461,NULL,NULL),(462,NULL,NULL,462,NULL,NULL),(463,NULL,NULL,463,NULL,NULL),(464,NULL,NULL,464,NULL,NULL),(465,NULL,NULL,465,NULL,NULL),(466,'2 Waywood Place','Heart Failure',466,'2023-02-24','17:49:50'),(467,NULL,NULL,467,NULL,NULL),(468,NULL,NULL,468,NULL,NULL),(469,NULL,NULL,469,NULL,NULL),(470,NULL,NULL,470,NULL,NULL),(471,NULL,NULL,471,NULL,NULL),(472,NULL,NULL,472,NULL,NULL),(473,NULL,NULL,473,NULL,NULL),(474,NULL,NULL,474,NULL,NULL),(475,NULL,NULL,475,NULL,NULL),(476,NULL,NULL,476,NULL,NULL),(477,NULL,NULL,477,NULL,NULL),(478,NULL,NULL,478,NULL,NULL),(479,NULL,NULL,479,NULL,NULL),(480,NULL,NULL,480,NULL,NULL),(481,'26314 Meadow Valley Terrace','Heart Failure',481,'2023-01-01','01:44:35'),(482,'9723 Bay Center','Accidental Poising',482,'2022-08-07','03:37:26'),(483,NULL,NULL,483,NULL,NULL),(484,NULL,NULL,484,NULL,NULL),(485,NULL,NULL,485,NULL,NULL),(486,NULL,NULL,486,NULL,NULL),(487,NULL,NULL,487,NULL,NULL),(488,NULL,NULL,488,NULL,NULL),(489,NULL,NULL,489,NULL,NULL),(490,NULL,NULL,490,NULL,NULL),(491,NULL,NULL,491,NULL,NULL),(492,NULL,NULL,492,NULL,NULL),(493,NULL,NULL,493,NULL,NULL),(494,NULL,NULL,494,NULL,NULL),(495,NULL,NULL,495,NULL,NULL),(496,'19930 Summit Plaza','Physical Injury',496,'2022-07-19','23:54:25'),(497,'56745 Jenna Crossing','Heart Failure',497,'2023-02-18','04:45:48'),(498,NULL,NULL,498,NULL,NULL),(499,NULL,NULL,499,NULL,NULL),(500,NULL,NULL,500,NULL,NULL),(501,NULL,NULL,501,NULL,NULL),(502,NULL,NULL,502,NULL,NULL),(503,'480 Corry Circle','Heart Failure',503,'2022-05-21','20:24:41'),(504,NULL,NULL,504,NULL,NULL),(505,'49 Dottie Plaza','Heart Failure',505,'2023-01-22','03:11:30'),(506,NULL,NULL,506,NULL,NULL),(507,NULL,NULL,507,NULL,NULL),(508,'43845 Ludington Plaza','Heart Failure',508,'2023-02-03','10:04:16'),(509,NULL,NULL,509,NULL,NULL),(510,NULL,NULL,510,NULL,NULL),(511,NULL,NULL,511,NULL,NULL),(512,NULL,NULL,512,NULL,NULL),(513,NULL,NULL,513,NULL,NULL),(514,'310 Jay Circle','Accidental Poising',514,'2022-05-24','16:45:34'),(515,NULL,NULL,515,NULL,NULL),(516,'19902 Miller Avenue','Heart Failure',516,'2023-03-28','18:01:37'),(517,NULL,NULL,517,NULL,NULL),(518,NULL,NULL,518,NULL,NULL),(519,NULL,NULL,519,NULL,NULL),(520,NULL,NULL,520,NULL,NULL),(521,NULL,NULL,521,NULL,NULL),(522,NULL,NULL,522,NULL,NULL),(523,'0456 Drewry Lane','Pneumonia',523,'2022-07-16','03:35:15'),(524,NULL,NULL,524,NULL,NULL),(525,NULL,NULL,525,NULL,NULL),(526,NULL,NULL,526,NULL,NULL),(527,NULL,NULL,527,NULL,NULL),(528,NULL,NULL,528,NULL,NULL),(529,'0487 Reindahl Avenue','Heart Failure',529,'2023-01-05','13:04:16'),(530,NULL,NULL,530,NULL,NULL),(531,NULL,NULL,531,NULL,NULL),(532,NULL,NULL,532,NULL,NULL),(533,NULL,NULL,533,NULL,NULL),(534,NULL,NULL,534,NULL,NULL),(535,NULL,NULL,535,NULL,NULL),(536,NULL,NULL,536,NULL,NULL),(537,NULL,NULL,537,NULL,NULL),(538,NULL,NULL,538,NULL,NULL),(539,NULL,NULL,539,NULL,NULL),(540,NULL,NULL,540,NULL,NULL),(541,NULL,NULL,541,NULL,NULL),(542,NULL,NULL,542,NULL,NULL),(543,'77 Bay Road','Physical Injury',543,'2023-04-12','04:36:17'),(544,NULL,NULL,544,NULL,NULL),(545,NULL,NULL,545,NULL,NULL),(546,NULL,NULL,546,NULL,NULL),(547,NULL,NULL,547,NULL,NULL),(548,NULL,NULL,548,NULL,NULL),(549,NULL,NULL,549,NULL,NULL),(550,NULL,NULL,550,NULL,NULL),(551,NULL,NULL,551,NULL,NULL),(552,'371 Westport Point','Physical Injury',552,'2023-01-06','14:09:31'),(553,NULL,NULL,553,NULL,NULL),(554,NULL,NULL,554,NULL,NULL),(555,NULL,NULL,555,NULL,NULL),(556,NULL,NULL,556,NULL,NULL),(557,NULL,NULL,557,NULL,NULL),(558,NULL,NULL,558,NULL,NULL),(559,'2352 Riverside Road','Heart Failure',559,'2022-11-19','03:48:22'),(560,NULL,NULL,560,NULL,NULL),(561,NULL,NULL,561,NULL,NULL),(562,NULL,NULL,562,NULL,NULL),(563,NULL,NULL,563,NULL,NULL),(564,'75672 Hazelcrest Point','Physical Injury',564,'2022-07-25','16:10:32'),(565,'1485 Elka Junction','Heart Failure',565,'2023-02-03','18:28:56'),(566,NULL,NULL,566,NULL,NULL),(567,NULL,NULL,567,NULL,NULL),(568,NULL,NULL,568,NULL,NULL),(569,'5243 Cambridge Center','Heart Failure',569,'2022-11-22','20:32:34'),(570,'1 Arapahoe Center','Physical Injury',570,'2022-05-06','03:21:01'),(571,'5 Towne Circle','Heart Failure',571,'2022-05-30','12:15:12'),(572,NULL,NULL,572,NULL,NULL),(573,NULL,NULL,573,NULL,NULL),(574,NULL,NULL,574,NULL,NULL),(575,NULL,NULL,575,NULL,NULL),(576,'89 Burning Wood Center','Physical Injury',576,'2022-06-07','11:00:32'),(577,NULL,NULL,577,NULL,NULL),(578,NULL,NULL,578,NULL,NULL),(579,NULL,NULL,579,NULL,NULL),(580,'734 Sutteridge Park','Heart Failure',580,'2022-12-16','01:30:24'),(581,'7917 Dottie Lane','Physical Injury',581,'2023-01-20','02:03:31'),(582,NULL,NULL,582,NULL,NULL),(583,NULL,NULL,583,NULL,NULL),(584,NULL,NULL,584,NULL,NULL),(585,NULL,NULL,585,NULL,NULL),(586,'294 Dexter Road','Heart Failure',586,'2022-11-05','12:38:44'),(587,NULL,NULL,587,NULL,NULL),(588,NULL,NULL,588,NULL,NULL),(589,NULL,NULL,589,NULL,NULL),(590,NULL,NULL,590,NULL,NULL),(591,NULL,NULL,591,NULL,NULL),(592,NULL,NULL,592,NULL,NULL),(593,NULL,NULL,593,NULL,NULL),(594,NULL,NULL,594,NULL,NULL),(595,NULL,NULL,595,NULL,NULL),(596,NULL,NULL,596,NULL,NULL),(597,NULL,NULL,597,NULL,NULL),(598,NULL,NULL,598,NULL,NULL),(599,NULL,NULL,599,NULL,NULL),(600,NULL,NULL,600,NULL,NULL);
/*!40000 ALTER TABLE `deathcertificate` ENABLE KEYS */;
UNLOCK TABLES;

--
-- Table structure for table `doctor`
--

DROP TABLE IF EXISTS `doctor`;
/*!40101 SET @saved_cs_client     = @@character_set_client */;
/*!50503 SET character_set_client = utf8mb4 */;
CREATE TABLE `doctor` (
  `HPKey` int NOT NULL AUTO_INCREMENT,
  `Surgeon` tinyint(1) DEFAULT NULL,
  `Physician` tinyint(1) DEFAULT NULL,
  PRIMARY KEY (`HPKey`),
  CONSTRAINT `doctor_ibfk_1` FOREIGN KEY (`HPKey`) REFERENCES `healthprofessionals` (`HPKey`)
) ENGINE=InnoDB AUTO_INCREMENT=201 DEFAULT CHARSET=utf8mb4 COLLATE=utf8mb4_0900_ai_ci;
/*!40101 SET character_set_client = @saved_cs_client */;

--
-- Dumping data for table `doctor`
--

LOCK TABLES `doctor` WRITE;
/*!40000 ALTER TABLE `doctor` DISABLE KEYS */;
INSERT INTO `doctor` VALUES (1,1,0),(2,1,0),(3,0,1),(4,0,1),(5,0,1),(6,1,0),(7,1,0),(8,1,0),(9,0,1),(10,1,0),(11,1,0),(12,1,0),(13,1,0),(14,1,0),(15,0,1),(16,0,1),(17,1,0),(18,0,1),(19,0,1),(20,1,0),(21,1,0),(22,0,1),(23,0,1),(24,0,1),(25,0,1),(26,0,1),(27,1,0),(28,0,1),(29,1,0),(30,0,1),(31,0,1),(32,1,0),(33,0,1),(34,1,0),(35,0,1),(36,1,0),(37,1,0),(38,1,0),(39,0,1),(40,1,0),(41,0,1),(42,0,1),(43,0,1),(44,1,0),(45,1,0),(46,0,1),(47,0,1),(48,0,1),(49,0,1),(50,1,0),(51,1,0),(52,1,0),(53,0,1),(54,1,0),(55,0,1),(56,1,0),(57,0,1),(58,1,0),(59,1,0),(60,0,1),(61,1,0),(62,1,0),(63,0,1),(64,1,0),(65,0,1),(66,0,1),(67,1,0),(68,1,0),(69,0,1),(70,1,0),(71,1,0),(72,1,0),(73,0,1),(74,0,1),(75,0,1),(76,0,1),(77,1,0),(78,0,1),(79,0,1),(80,1,0),(81,0,1),(82,0,1),(83,1,0),(84,0,1),(85,0,1),(86,1,0),(87,1,0),(88,1,0),(89,0,1),(90,1,0),(91,0,1),(92,1,0),(93,1,0),(94,1,0),(95,0,1),(96,0,1),(97,0,1),(98,0,1),(99,0,1),(100,1,0),(101,1,0),(102,1,0),(103,1,0),(104,1,0),(105,1,0),(106,1,0),(107,1,0),(108,1,0),(109,0,1),(110,0,1),(111,0,1),(112,0,1),(113,1,0),(114,1,0),(115,0,1),(116,1,0),(117,0,1),(118,1,0),(119,1,0),(120,1,0),(121,0,1),(122,1,0),(123,1,0),(124,0,1),(125,1,0),(126,1,0),(127,1,0),(128,1,0),(129,0,1),(130,0,1),(131,0,1),(132,1,0),(133,0,1),(134,1,0),(135,0,1),(136,0,1),(137,1,0),(138,0,1),(139,0,1),(140,0,1),(141,0,1),(142,1,0),(143,0,1),(144,0,1),(145,1,0),(146,1,0),(147,1,0),(148,0,1),(149,0,1),(150,0,1),(151,1,0),(152,0,1),(153,0,1),(154,0,1),(155,1,0),(156,1,0),(157,1,0),(158,0,1),(159,1,0),(160,0,1),(161,0,1),(162,1,0),(163,1,0),(164,0,1),(165,0,1),(166,0,1),(167,0,1),(168,0,1),(169,1,0),(170,1,0),(171,0,1),(172,1,0),(173,1,0),(174,1,0),(175,0,1),(176,1,0),(177,1,0),(178,0,1),(179,1,0),(180,1,0),(181,0,1),(182,1,0),(183,1,0),(184,1,0),(185,1,0),(186,1,0),(187,0,1),(188,0,1),(189,1,0),(190,0,1),(191,0,1),(192,1,0),(193,0,1),(194,1,0),(195,0,1),(196,1,0),(197,0,1),(198,1,0),(199,1,0),(200,0,1);
/*!40000 ALTER TABLE `doctor` ENABLE KEYS */;
UNLOCK TABLES;

--
-- Table structure for table `healthprofessionals`
--

DROP TABLE IF EXISTS `healthprofessionals`;
/*!40101 SET @saved_cs_client     = @@character_set_client */;
/*!50503 SET character_set_client = utf8mb4 */;
CREATE TABLE `healthprofessionals` (
  `HPKey` int NOT NULL AUTO_INCREMENT,
  `Fname` varchar(50) DEFAULT NULL,
  `Lname` varchar(50) DEFAULT NULL,
  `License` varchar(80) DEFAULT NULL,
  PRIMARY KEY (`HPKey`)
) ENGINE=InnoDB AUTO_INCREMENT=603 DEFAULT CHARSET=utf8mb4 COLLATE=utf8mb4_0900_ai_ci;
/*!40101 SET character_set_client = @saved_cs_client */;

--
-- Dumping data for table `healthprofessionals`
--

LOCK TABLES `healthprofessionals` WRITE;
/*!40000 ALTER TABLE `healthprofessionals` DISABLE KEYS */;
INSERT INTO `healthprofessionals` VALUES (1,'Heall','Pickerill','562277722'),(2,'Blake','Oldam','1181088011'),(3,'Kaycee','Metzke','7425389452'),(4,'Helen','Dast','6847441429'),(5,'Rowen','Giraudoux','4609557185'),(6,'Andriette','Traice','9929938338'),(7,'Gale','Oleksiak','5759550888'),(8,'Lyn','Cropton','469872098'),(9,'Lonna','Crauford','6865479998'),(10,'Trescha','MacVagh','4453244371'),(11,'Zedekiah','Anker','1685576869'),(12,'Stormi','Pullinger','7655936528'),(13,'Melli','Tomaino','4437989058'),(14,'Hershel','Kimber','5640730072'),(15,'Shaun','Stachini','6495469640'),(16,'Alysia','Rampage','2445006090'),(17,'Harmonie','Jemmison','4437419642'),(18,'Robbie','Barsham','9451962050'),(19,'Falkner','Reyner','4997535605'),(20,'Dorrie','Ovenell','6952281576'),(21,'Ches','Clemenzo','2212505256'),(22,'Shaylah','Warwick','2532887516'),(23,'Rosie','Bernardo','9511755536'),(24,'Lorrie','Pinniger','7600247674'),(25,'Trent','Barukh','316023744'),(26,'Oralla','Keniwell','3864744997'),(27,'Gaven','Fligg','341343668'),(28,'Julina','Janz','2910590607'),(29,'Angelita','Fibbens','297234013'),(30,'Elianora','Folli','6378037817'),(31,'Traver','Brownhill','8265679661'),(32,'Joeann','Colwill','1687424233'),(33,'Florentia','Kitteringham','5167612993'),(34,'Rosene','Leatherland','5471568095'),(35,'Cash','Richarson','1716919770'),(36,'Carmelita','Erat','5385588830'),(37,'Randi','Orriss','676443893'),(38,'Beatrix','Spellman','7957140114'),(39,'Duffy','Udden','6441479311'),(40,'Maressa','McLanachan','257572260'),(41,'Margot','Glasspoole','291236243'),(42,'Tibold','Mc Elory','2214001441'),(43,'Maryl','Scandwright','7577581674'),(44,'Neall','Crosscombe','3964624357'),(45,'Dennet','Housbey','6909799917'),(46,'Missie','Muggleston','6845979502'),(47,'Shaine','Boggs','2183437529'),(48,'Herb','McGlaud','2541726783'),(49,'Nichol','Errigo','505108712'),(50,'Cliff','Elwood','6962964625'),(51,'Susana','Rolin','8475681697'),(52,'Pru','Diggar','7122764435'),(53,'Reynolds','Cousen','713929421'),(54,'Lauryn','Cruttenden','5881986415'),(55,'Lois','Pepon','6606962374'),(56,'Reid','Laxston','3746940621'),(57,'Virginie','Rushworth','8050715388'),(58,'Fanny','MacIan','1452659222'),(59,'Rhea','McGinty','768443350'),(60,'Lilllie','Kingstne','80268714'),(61,'Jami','Hazelgreave','7232913834'),(62,'Ragnar','Gavaghan','408906553'),(63,'Aigneis','Woollin','8092402256'),(64,'Adrienne','Cheatle','3114169945'),(65,'Amble','Choules','3214045857'),(66,'Darin','Beavers','704919753'),(67,'Tybie','Mival','3896202715'),(68,'Jillie','Castiglio','5412158757'),(69,'Rochester','Priter','5900017613'),(70,'Constantino','Bienvenu','6353710291'),(71,'Dedra','Barnet','3338383703'),(72,'Blondelle','Dannehl','400842904'),(73,'Elianora','Gibben','8031839999'),(74,'Amabel','Rilings','2166126413'),(75,'Brooks','Dahlbom','5730206690'),(76,'Karee','Ladd','4120155749'),(77,'Gustavo','Dyhouse','7838113229'),(78,'Ariadne','Beincken','9004321829'),(79,'Anya','Longstaffe','301837066'),(80,'Warde','Conkey','3084238987'),(81,'Allayne','Gandey','7635726471'),(82,'Wendel','Hebden','6885044784'),(83,'Christi','Iacopo','4762610070'),(84,'Stanleigh','Bencher','9268119420'),(85,'Angeli','Wilcock','7467045565'),(86,'Ruthy','Tease','9790582080'),(87,'Jard','Slimme','6762354130'),(88,'Nalani','Keough','9711086573'),(89,'Ashli','Foulkes','2402490322'),(90,'Berkeley','Coldrick','8414676553'),(91,'Clarance','Darton','6065482358'),(92,'Elene','Demetr','2879269466'),(93,'Retha','Golton','7800006115'),(94,'Janaye','Rawes','9833757529'),(95,'Yelena','Hold','7986000120'),(96,'Emlynne','McCrorie','2117069770'),(97,'Mill','Lawless','6383702653'),(98,'Oralle','Kiley','3512357865'),(99,'Alaster','Gartrell','5657548485'),(100,'Erda','Brunsdon','6422555474'),(101,'Mariann','Worsall','6218457656'),(102,'Eddi','Mullins','8706500250'),(103,'Killian','Shelton','8886315686'),(104,'Edyth','Farrens','5091189831'),(105,'Van','Sherwin','4992488641'),(106,'Ailbert','Matthieson','504816195'),(107,'Talbert','Marques','644956925'),(108,'Chere','Geydon','6919601532'),(109,'Orsola','Gravenor','4577187825'),(110,'Paxon','Goggin','7264362892'),(111,'Bank','Budd','4427516858'),(112,'Lemmy','Bown','5540405110'),(113,'Anthe','Cushion','5437370296'),(114,'Edgar','Crosson','423757768'),(115,'Isak','Ellicombe','8550721603'),(116,'Steve','Agglione','4367613054'),(117,'Karlee','Housegoe','89566262'),(118,'Gert','MacConnal','9705979111'),(119,'Job','Stubbert','502531797'),(120,'Stephie','Medling','3545026086'),(121,'Fan','Eldridge','9852702696'),(122,'Doreen','Levi','3437228307'),(123,'Cordey','Bisatt','6472998809'),(124,'Cara','Trighton','7979740068'),(125,'Edgardo','Hiscocks','5439806024'),(126,'Falkner','Quye','9542349610'),(127,'Rustin','Pomphrey','9531667039'),(128,'Sheeree','Lamboll','1356382991'),(129,'Tudor','Sargant','1193726107'),(130,'Hedwiga','Brandom','996715053'),(131,'Ilysa','Josefovic','8963441733'),(132,'Aloisia','Mattiazzo','2024578187'),(133,'Derick','Aldiss','2037214316'),(134,'Raimondo','Olivey','5390285328'),(135,'Zebedee','Purchon','6957403734'),(136,'Clevie','Daniells','3540585273'),(137,'Susi','Weyman','1529723450'),(138,'Scarface','Buffham','4097765264'),(139,'Bertie','Richley','7720636783'),(140,'Auroora','Kernes','9977966036'),(141,'Taddeusz','Andree','2656862140'),(142,'Jaye','Thornham','7088695022'),(143,'Elliot','Wasmer','1790696895'),(144,'Thatch','Caesmans','560916841'),(145,'Bartolemo','Rangell','4534688954'),(146,'Hendrik','Tebb','5502593681'),(147,'Brittan','Stud','2286312974'),(148,'Lauraine','Crichmere','7507860841'),(149,'Jeromy','Pistol','9612678561'),(150,'Kelli','Kirrens','2637750723'),(151,'Leo','Lofting','36457191'),(152,'Siward','Gribbins','2417900793'),(153,'Lillian','Defries','5022058197'),(154,'Peggie','Ertelt','9622748066'),(155,'Natty','Pinnington','4187247580'),(156,'Alanson','Langelay','2356719245'),(157,'Katerine','Jeannon','4799669842'),(158,'Estele','Warder','6909494822'),(159,'Josie','Petheridge','388029250'),(160,'Zonda','Dolman','2412478244'),(161,'Tasha','Cavilla','5653620408'),(162,'Dorella','Boyett','630880670'),(163,'Candis','Pistol','1592814700'),(164,'Dorotea','Ballach','9883505736'),(165,'Irvin','Romans','3015681095'),(166,'Vance','Mitchell','4542995771'),(167,'Godwin','Chaucer','5749372219'),(168,'Debora','Lemme','9965810125'),(169,'Pavel','Colebrook','1318802911'),(170,'Claudetta','McAloren','5583755156'),(171,'Darcee','Goodred','832640670'),(172,'Terrance','Camp','7597577397'),(173,'Phebe','Beviss','6957822451'),(174,'Cammi','Elcome','7789203738'),(175,'Kariotta','Morrott','4327548790'),(176,'Alethea','Newgrosh','9809188110'),(177,'Row','Haile','8935665193'),(178,'Margie','Stukings','3723247199'),(179,'Barb','Curado','9972984516'),(180,'Edithe','Persitt','2640231588'),(181,'Alonso','Durnford','2485490864'),(182,'Brandtr','Lawrenz','7317600334'),(183,'Lisbeth','Gerram','8177768484'),(184,'Tabb','Weildish','3712468989'),(185,'Prissie','Antonopoulos','3629451756'),(186,'Phaidra','Keunemann','201634791'),(187,'Vaughn','Pickard','8167141071'),(188,'Karlie','Cassely','8290185081'),(189,'Meggi','Howat','6588779763'),(190,'Faustina','Pettiward','9106777937'),(191,'Kennan','Boutwell','1962731340'),(192,'Karlee','Chartres','7693898859'),(193,'Karee','Dorwood','7803713165'),(194,'Emelia','Timmons','9216453346'),(195,'Spike','Ridgway','7987588598'),(196,'Erda','Varnes','4952860515'),(197,'Selena','Rathe','6416720841'),(198,'Florencia','Kunneke','546598943'),(199,'Herold','Nottingam','1539198723'),(200,'Joleen','Bletcher','958259003'),(201,'Carter','Phipard-Shears','5709633941'),(202,'Joyan','Oddey','6157961805'),(203,'Avrom','Gissop','450784614'),(204,'Paolo','Cullimore','9127636305'),(205,'Harriott','Bonnette','7481912947'),(206,'Jeth','Samuels','2992587605'),(207,'Geordie','Endley','1090567804'),(208,'Ludovika','Lethcoe','73003697'),(209,'Catrina','Sager','428670024'),(210,'Stepha','Coenraets','3248373555'),(211,'Max','Mc Caghan','9972706044'),(212,'Jayne','Firminger','5458919815'),(213,'Henry','Toderini','4828329854'),(214,'Royce','Josskowitz','4336675376'),(215,'Gilles','Ringham','9219374722'),(216,'Berkie','MacCallester','7417487599'),(217,'Benjy','Mees','5171627908'),(218,'Donalt','Bastian','4157920201'),(219,'Bobinette','Lafayette','7217792827'),(220,'Dickie','Angelini','8395123787'),(221,'Forrester','Pargetter','644239093'),(222,'Dallas','Collen','7891400792'),(223,'Nappy','Trigg','5091883002'),(224,'Paula','Wilcocks','2250419132'),(225,'Alf','Boorman','3829085850'),(226,'Jemmie','Farnish','8270953733'),(227,'Rudolph','Prene','4070975446'),(228,'Sheryl','Muir','5259072774'),(229,'Frasco','Leversha','4667268026'),(230,'Baillie','Gritland','4383637493'),(231,'Agnola','Swetenham','2005756571'),(232,'Delaney','Keddey','7123392345'),(233,'Kayley','Petrenko','7135548051'),(234,'Marybeth','Hassekl','4691248676'),(235,'Berti','Gwillyam','1159788235'),(236,'Raynell','Ince','3070534104'),(237,'Tamas','Smitten','4606571578'),(238,'Madeleine','Spileman','6025625077'),(239,'Veda','Eynald','938631543'),(240,'Emelia','Ludgrove','8016075959'),(241,'Boothe','Ainge','6260768079'),(242,'Efrem','Whittam','1232756261'),(243,'Turner','Widdowes','8981982805'),(244,'Aubrette','Marke','116368438'),(245,'Augustus','Boxell','4048467042'),(246,'Delia','Wasbrough','9791105634'),(247,'Alexio','Schorah','6849217666'),(248,'Brande','Credland','6731656895'),(249,'Nananne','Pool','1100253319'),(250,'Jobi','Kleisel','853579725'),(251,'Clary','Bourrel','8827901469'),(252,'Torr','Keast','5639346906'),(253,'Jeannette','Dicks','4591039862'),(254,'Brandyn','Lampens','9931157984'),(255,'Maximilian','Boshell','680060456'),(256,'Rudie','Figliovanni','391512048'),(257,'Dido','Doby','7384625610'),(258,'Lukas','Asker','8526691015'),(259,'Cass','Grisbrook','921287887'),(260,'Hewe','Dudleston','4058301600'),(261,'Bibby','Livett','6205485389'),(262,'Burton','Condy','9029366230'),(263,'Sonya','Coley','9100065900'),(264,'Jinny','Gale','9746906461'),(265,'Kaylee','Viggers','4999492938'),(266,'Langsdon','Chieze','2407234790'),(267,'Harriette','Bodimeade','7762175547'),(268,'Nertie','Camosso','1245784110'),(269,'Richie','Murgatroyd','6143747547'),(270,'Murry','Pollitt','9923049493'),(271,'Christiane','Malloy','2930871512'),(272,'Denny','Scarr','7402779033'),(273,'Teodoro','Heintze','8380602161'),(274,'Cal','Ferry','8651273762'),(275,'Marsha','Castagno','9893355362'),(276,'Regan','Shearme','8406788208'),(277,'Margery','Bertomier','2977738606'),(278,'Norman','Keenleyside','5670253957'),(279,'Brandice','Roke','5735362097'),(280,'Hunt','Funnell','5471795547'),(281,'Lea','Bumby','3382447088'),(282,'Courtney','Free','8242500363'),(283,'Adrian','Brockton','1997529912'),(284,'Nicola','Kochl','2823692789'),(285,'Etheline','Jacobowits','1827426748'),(286,'Tim','Ickovits','1521684464'),(287,'Gaston','Blancowe','7458842237'),(288,'Wesley','Geist','2286568227'),(289,'Jacquetta','Getty','7059366563'),(290,'Cathryn','Crawforth','6551152589'),(291,'Nicki','Amort','9345541578'),(292,'Damiano','Stanford','2890111032'),(293,'Sandi','Bassick','8546384894'),(294,'Bettye','McCluney','4526185914'),(295,'Ammamaria','Baguley','3895649848'),(296,'Amber','Ramard','5721420073'),(297,'Vergil','Ducker','8068004769'),(298,'Gayle','Ettridge','2587592135'),(299,'Bettye','Kerin','7173069696'),(300,'Suzanne','Hastilow','1403469253'),(301,'Henriette','Girt','7203320820'),(302,'Jay','Claw','663957486'),(303,'Selinda','Edgin','5801164146'),(304,'Renee','Gosnall','5048625048'),(305,'Orland','Rains','9288890262'),(306,'Jordanna','Wildber','92260039'),(307,'Nelie','Nunns','8369220401'),(308,'Cayla','Brittles','7516778370'),(309,'Cristen','Grubb','1258190761'),(310,'Sybille','Rittmeyer','2154719538'),(311,'Babb','Pietruschka','3489099656'),(312,'Dawn','Lofting','210821914'),(313,'Yalonda','Beadle','2721350722'),(314,'Avery','Bloy','1562022423'),(315,'Wilie','Dripp','1637635354'),(316,'Jandy','Keilty','7564135166'),(317,'Arielle','Coldtart','2880363330'),(318,'Ninette','Vidgeon','4936249653'),(319,'Kamila','Schoenfisch','9706290699'),(320,'Lek','Blazek','3309886980'),(321,'Grata','Matyushenko','7033908652'),(322,'Gris','McCowen','8392242904'),(323,'Porty','Patterson','5565205948'),(324,'Loraine','Tatlock','1623847788'),(325,'Andras','Nickols','3010908601'),(326,'Craggy','Winterflood','5902799953'),(327,'Culver','Medland','6385349195'),(328,'Garrett','Ipsgrave','7542416863'),(329,'Barry','Henworth','5255338990'),(330,'Katleen','Harder','3272689214'),(331,'Easter','Donnison','2531437908'),(332,'Corey','VanBrugh','3860821628'),(333,'Lindsey','Blundell','2940643032'),(334,'Al','Dorian','7776826057'),(335,'Joni','Poacher','7287379007'),(336,'Elladine','Mc Comb','5876627399'),(337,'Rhonda','Hartill','4434062034'),(338,'Ogdan','Flaherty','1700979035'),(339,'Lance','McCaffrey','265824265'),(340,'Jarrett','Farres','277540844'),(341,'Tonia','Dimitriou','3637886839'),(342,'Evangelia','Weedall','7429439268'),(343,'Marcello','Kinze','8732291132'),(344,'Annelise','Heinreich','293551375'),(345,'Olva','Le Pine','3841979882'),(346,'Wildon','Keeling','9126949245'),(347,'Timotheus','Fidler','2101930366'),(348,'Doroteya','Sinnett','3527141979'),(349,'Danell','Thormann','100600468'),(350,'Hester','Redwing','8273279057'),(351,'Jewell','Rosbrough','6263370440'),(352,'Rebekkah','Helkin','2336432692'),(353,'Verene','Sekulla','2917494409'),(354,'Sander','Towsie','5841464035'),(355,'Alta','Jodlkowski','915456117'),(356,'Chelsea','Francis','4244987614'),(357,'Natalie','Berzins','5173838183'),(358,'Bertram','Yuill','250467607'),(359,'Pavia','Sandiford','6325722191'),(360,'Hamil','Duggen','5572669547'),(361,'Georgette','Tafani','1701315076'),(362,'Burtie','Cruces','5725550729'),(363,'Kariotta','Saxton','1721070516'),(364,'Abbe','Ashbe','2586260848'),(365,'Clary','Allwright','407920102'),(366,'Tonnie','Dendle','5211000862'),(367,'Mario','Hilling','9095585646'),(368,'Gregoire','Fernley','279272685'),(369,'Fiona','Edel','539382957'),(370,'Clemens','Cuttle','8306945905'),(371,'Keelby','Hummerston','6296742142'),(372,'Mildrid','Gytesham','3641889103'),(373,'Concettina','Oles','651240212'),(374,'Nana','Purvey','6207655826'),(375,'Raul','Ayscough','8908025251'),(376,'Birgit','Blazewicz','21808546'),(377,'Adelbert','Blabie','4478956340'),(378,'Dill','Laslett','243851219'),(379,'Kimble','Farfull','4408200239'),(380,'Hollis','Munnion','8880512056'),(381,'Milka','Barras','6014136282'),(382,'Kristos','Sutlieff','8292848452'),(383,'Sadie','Boulstridge','7651727452'),(384,'Kalil','Mackie','2985549094'),(385,'Cordi','Panter','1120361915'),(386,'Mackenzie','Pettisall','9722832077'),(387,'Dugald','Klesl','4609188783'),(388,'Cloe','Barlace','9174189247'),(389,'Anatole','Anders','3852647983'),(390,'Alister','Froggatt','3269678002'),(391,'Basil','Gilson','9948426037'),(392,'Brant','Pauletti','8525136263'),(393,'Petronia','Petts','8056348891'),(394,'Lowell','Lewsy','6935290619'),(395,'Irma','Arni','1429203226'),(396,'Darrell','Garlett','2147558079'),(397,'Phyllis','Borit','7772328877'),(398,'Axel','Pyer','891454462'),(399,'Corrie','Anscott','7373993958'),(400,'Caralie','Eglese','5460210534'),(401,'Amberly','Cellier','4615764634'),(402,'Sophronia','Silly','1990078273'),(403,'Baxy','Childes','6092838303'),(404,'Adolphus','Carrabot','7041431975'),(405,'Dorise','Markie','2793292451'),(406,'Fanchette','Sekulla','7611257307'),(407,'Ezequiel','Bispham','709843747'),(408,'Ame','Antusch','5590662389'),(409,'Melva','Marlen','61332666'),(410,'Onfre','Scholz','1909867942'),(411,'Jacques','Beran','3144679364'),(412,'Janelle','Arstingall','1898698821'),(413,'Levon','Ridsdale','9136233919'),(414,'Codi','Catley','7170502542'),(415,'Darnell','Lewisham','3704565504'),(416,'Red','Jouning','6756172123'),(417,'Bron','Urien','8328313375'),(418,'Ralph','Tevelov','4823789199'),(419,'Agata','Rait','8099150163'),(420,'Vinson','Baldrick','170409465'),(421,'Flory','Garling','2473493650'),(422,'Caresa','Yeeles','8174988998'),(423,'Farah','Winchurst','338793100'),(424,'Raleigh','Orteau','3575057079'),(425,'Archibaldo','Letrange','2358706124'),(426,'Garner','Frankel','9743763422'),(427,'Ruthi','Brittan','302707573'),(428,'Antonina','Parkman','8616022341'),(429,'Enrica','Matic','8898044038'),(430,'Northrop','Brixey','6250200150'),(431,'Richy','Moger','1321312849'),(432,'Ode','Keyzor','2548626679'),(433,'Karlan','Caldairou','3956735978'),(434,'Daveen','Toffolo','2335413848'),(435,'Katharyn','Aldersea','8421105205'),(436,'Andrew','Harniman','5902292603'),(437,'Cornall','Warrier','817303057'),(438,'Ely','Wivell','7601398536'),(439,'Domingo','Reignolds','5739577780'),(440,'Gertrudis','MacKintosh','6138266625'),(441,'Fredrika','Acaster','2133003274'),(442,'Hanna','Lewsy','7985599347'),(443,'Nanon','Lambert-Ciorwyn','1311347119'),(444,'Grenville','Winchurst','6740271941'),(445,'Fons','Purse','6261383820'),(446,'Valentina','Pennells','5635388523'),(447,'Purcell','McCarroll','9668786351'),(448,'Tomkin','Card','1202282423'),(449,'Consalve','Haeslier','1817885316'),(450,'Saunderson','Tunstall','8819806185'),(451,'Corbett','McArte','397993773'),(452,'Daniela','Oddboy','9559731602'),(453,'Cyndy','Cox','3812504359'),(454,'Barnie','Horsey','3229975839'),(455,'Laureen','Gittings','5145413491'),(456,'Stuart','Inge','8408810626'),(457,'Konstance','Noell','9794347574'),(458,'Renae','Broinlich','9027406375'),(459,'Jarrad','Mayman','3660963976'),(460,'Charleen','Mowatt','6916761946'),(461,'Nils','Cafferky','3815747082'),(462,'Vidovik','Cuffley','8202522773'),(463,'Kalinda','Shee','7282925763'),(464,'Odessa','Griffen','2561046060'),(465,'Milty','Dogg','2022036158'),(466,'Lorelle','Foyster','3004465027'),(467,'Deerdre','Bampfield','8509279349'),(468,'Evangelina','Quainton','3559339103'),(469,'Kathye','Russel','2259252524'),(470,'Leese','Plewman','4612152719'),(471,'Poul','Shipman','1928967574'),(472,'Hagen','Kinkaid','4024123440'),(473,'Lucas','Thorbon','9756428570'),(474,'Deloria','Weerdenburg','9238013683'),(475,'Sebastian','Showen','5002103545'),(476,'Lizette','Mateescu','8515427923'),(477,'Sidoney','Feeham','1915978777'),(478,'Eduardo','McFee','5931450025'),(479,'Dianne','Rumbelow','1751988910'),(480,'Erina','Seed','4702762370'),(481,'Adamo','Zelley','2726450253'),(482,'Kristel','Willey','5815609935'),(483,'Hannis','Dadley','2537763947'),(484,'Sonny','Anstey','3592022598'),(485,'Humphrey','Yashaev','8656327216'),(486,'Ravid','Delgardo','3175603793'),(487,'Berna','Stowte','5592225040'),(488,'Melba','Barthot','9457771397'),(489,'Max','Howard','5722478377'),(490,'Gilli','Inggall','9718150471'),(491,'Robb','Pooke','1009573667'),(492,'Milt','Babber','2683714920'),(493,'Bailey','Yeend','296781630'),(494,'Min','Caves','965393232'),(495,'Chrisse','Cramb','8798045873'),(496,'Constantino','Trevains','5744348565'),(497,'Crawford','Lamprecht','2158738243'),(498,'Karrie','Potter','507252497'),(499,'Flinn','Tremaine','4159943896'),(500,'Robbyn','Lideard','6581439576'),(501,'Forest','Milnes','4092939779'),(502,'Shaw','Jameson','3119675490'),(503,'Brenna','Silcox','2995532828'),(504,'Olympe','Keddle','708131824'),(505,'Ulric','Baurerich','1984512315'),(506,'Eliza','Parzizek','6050440786'),(507,'Zedekiah','Paskell','4491813000'),(508,'Raye','Armatage','8063044584'),(509,'Boycey','Giannoni','2175430154'),(510,'Cathrine','Diemer','6526524699'),(511,'Ellwood','Cleworth','5331646352'),(512,'Nickolas','Mugridge','5656573885'),(513,'Morlee','Straw','7562266700'),(514,'Debee','Shmyr','1350593990'),(515,'Janessa','Cullimore','166025526'),(516,'Guendolen','Spreadbury','1399298178'),(517,'Justen','Rosi','8234991639'),(518,'Orv','Fallowes','346593719'),(519,'Rosy','Trouel','9649638865'),(520,'Rosalind','Heikkinen','1946015512'),(521,'Randy','Beckingham','7207546653'),(522,'Deva','Stower','6249945563'),(523,'Isidor','Bradnock','8270884642'),(524,'Wes','Josiah','1248695372'),(525,'Prinz','Barriball','5462527365'),(526,'Mikaela','Faircliffe','3610578181'),(527,'Amble','Worsnap','6796640233'),(528,'Beck','Pichan','83440844'),(529,'Osbert','Stockow','4201913899'),(530,'Launce','Bacher','9889118335'),(531,'Jorgan','Gorham','3223988173'),(532,'Gabriel','Gorrick','2189460905'),(533,'Malvina','Legh','7967009479'),(534,'Haskel','Ditchett','4800849608'),(535,'Dorise','Leaver','2599425913'),(536,'Eolande','Spencock','5018037628'),(537,'Shelba','Dibner','8943553544'),(538,'Ginger','Landers','9672712146'),(539,'Magdalena','Stoffer','5239637776'),(540,'Betta','Peniman','5462102496'),(541,'Layla','Latan','7957001122'),(542,'Dorelle','Painter','2242048244'),(543,'Inglis','Cordie','7468474060'),(544,'Norrie','Thominga','5661246099'),(545,'Tori','Veale','9994920731'),(546,'Lila','Kelemen','1535561556'),(547,'Huberto','Sibbe','1264445199'),(548,'Inez','Shorie','214096637'),(549,'Emlen','Sphinxe','6090979597'),(550,'Twila','Larway','4566074382'),(551,'Lorianne','Canham','9796792133'),(552,'Hillie','Wapplington','2339704170'),(553,'Helene','Galloway','9586946916'),(554,'Georgia','Childerhouse','2706041633'),(555,'Peyton','Hallgath','7440155777'),(556,'Joyce','Fairfull','6705540125'),(557,'Cecilius','Shillito','9236923984'),(558,'Judas','MacQuarrie','2246362660'),(559,'Fifi','Alday','7883916718'),(560,'Corry','Lansdale','8353323427'),(561,'Ethyl','Grieswood','5855847357'),(562,'Darcee','Stoeck','3630117414'),(563,'Dene','Hogsden','32117035'),(564,'Karlen','Redsull','3808086165'),(565,'Gracia','Chadwell','2740758308'),(566,'Barnebas','Elliff','7627236185'),(567,'Laurene','Inglish','5051712177'),(568,'Marcile','Seary','5153260402'),(569,'Ruprecht','Adel','609237691'),(570,'Pennie','Lashford','6191134363'),(571,'Judye','Truswell','6672110712'),(572,'Constantia','Murtagh','1728582512'),(573,'Nalani','Ruppeli','5663930086'),(574,'Mirabelle','Spreadbury','132454998'),(575,'Nester','Trowl','49117173'),(576,'Stacey','Barker','184879280'),(577,'Jennine','Cuberley','1310659567'),(578,'Brenda','Monan','4303017507'),(579,'Yorker','Swaden','7803092357'),(580,'Waverly','Sabatier','3066651800'),(581,'Buckie','Lanfear','1233708643'),(582,'Shel','Hoyle','9121554420'),(583,'Godard','Probin','6946214951'),(584,'Kirbie','Trimmill','5192220432'),(585,'Augie','Diehn','1389566889'),(586,'Emlen','O\'Coskerry','6989728833'),(587,'Zulema','Train','9716790767'),(588,'Karita','Bleaden','4329607204'),(589,'Dominique','Chrishop','9814962678'),(590,'Beverlee','Jeratt','7374517416'),(591,'Nealon','Roxby','1274472105'),(592,'Natalie','Roskeilly','4407250518'),(593,'Fernando','Baniard','3973118329'),(594,'Pamela','Pullan','5749354725'),(595,'Cody','Schonfeld','9244431491'),(596,'Hall','Elson','9154619866'),(597,'Ashlan','Killeen','9688442666'),(598,'Latrena','Toffaloni','2710088215'),(599,'Keane','Bramhill','1747234842'),(600,'Raven','Shakshaft','4547335079'),(601,'Glenden','Kullmann','1455323659'),(602,'Theodoric','Ions','6489904683');
/*!40000 ALTER TABLE `healthprofessionals` ENABLE KEYS */;
UNLOCK TABLES;

--
-- Table structure for table `hospital`
--

DROP TABLE IF EXISTS `hospital`;
/*!40101 SET @saved_cs_client     = @@character_set_client */;
/*!50503 SET character_set_client = utf8mb4 */;
CREATE TABLE `hospital` (
  `IKey` int NOT NULL AUTO_INCREMENT,
  `InOutPatient` tinyint(1) DEFAULT NULL,
  `ICU` tinyint(1) DEFAULT NULL,
  `Labs` tinyint(1) DEFAULT NULL,
  `EmergencyRoom` tinyint(1) DEFAULT NULL,
  PRIMARY KEY (`IKey`),
  CONSTRAINT `hospital_ibfk_1` FOREIGN KEY (`IKey`) REFERENCES `institution` (`IKey`)
) ENGINE=InnoDB AUTO_INCREMENT=201 DEFAULT CHARSET=utf8mb4 COLLATE=utf8mb4_0900_ai_ci;
/*!40101 SET character_set_client = @saved_cs_client */;

--
-- Dumping data for table `hospital`
--

LOCK TABLES `hospital` WRITE;
/*!40000 ALTER TABLE `hospital` DISABLE KEYS */;
INSERT INTO `hospital` VALUES (1,1,0,1,0),(2,1,1,1,0),(3,0,1,1,1),(4,0,0,1,0),(5,0,0,1,1),(6,0,1,1,1),(7,0,0,1,1),(8,0,0,1,1),(9,1,0,0,0),(10,0,0,1,0),(11,1,0,0,0),(12,0,1,1,1),(13,0,0,0,1),(14,0,0,1,0),(15,1,0,0,0),(16,1,0,1,0),(17,1,0,0,0),(18,1,1,0,1),(19,0,1,1,0),(20,0,0,0,1),(21,1,1,0,0),(22,1,1,0,1),(23,0,1,1,1),(24,1,1,0,1),(25,1,0,0,0),(26,0,1,1,0),(27,1,1,0,0),(28,0,1,1,1),(29,1,1,0,1),(30,0,0,1,0),(31,1,1,0,1),(32,1,1,1,0),(33,1,0,1,0),(34,1,0,0,1),(35,0,0,1,0),(36,1,0,1,0),(37,1,0,0,0),(38,1,0,0,1),(39,1,1,0,0),(40,1,0,0,1),(41,0,1,0,0),(42,1,0,0,0),(43,1,0,0,0),(44,1,0,0,1),(45,1,0,0,0),(46,0,1,1,0),(47,1,0,0,0),(48,1,1,0,1),(49,1,0,1,0),(50,1,1,0,1),(51,0,1,1,0),(52,0,1,0,0),(53,0,0,0,1),(54,0,1,0,0),(55,1,1,0,1),(56,0,1,0,1),(57,1,1,0,0),(58,1,1,1,1),(59,1,1,1,1),(60,1,0,1,0),(61,0,0,1,0),(62,0,1,1,0),(63,0,1,0,1),(64,1,1,0,1),(65,1,0,1,1),(66,0,1,1,1),(67,0,0,1,1),(68,0,1,0,1),(69,0,1,0,0),(70,0,1,0,0),(71,0,0,1,1),(72,0,1,0,1),(73,1,1,0,1),(74,0,1,0,0),(75,1,1,1,0),(76,0,1,1,0),(77,1,0,0,1),(78,0,1,1,1),(79,1,1,1,0),(80,1,1,1,0),(81,0,1,1,0),(82,0,1,1,0),(83,1,1,0,1),(84,0,0,0,1),(85,0,0,1,1),(86,1,1,1,0),(87,0,1,1,0),(88,0,1,0,0),(89,1,0,1,1),(90,1,1,1,1),(91,0,1,1,0),(92,1,0,0,0),(93,0,1,0,0),(94,1,0,1,1),(95,1,0,1,1),(96,1,1,0,0),(97,1,1,0,0),(98,0,1,1,0),(99,1,0,0,1),(100,1,0,0,0),(101,1,0,0,1),(102,0,1,0,1),(103,0,0,1,1),(104,0,1,1,1),(105,1,1,0,1),(106,1,1,0,0),(107,1,0,0,0),(108,0,1,0,1),(109,0,1,1,0),(110,1,1,1,0),(111,0,0,1,0),(112,0,1,1,1),(113,0,1,0,0),(114,0,1,1,1),(115,0,1,1,0),(116,1,0,0,1),(117,0,1,0,0),(118,0,1,1,0),(119,1,1,0,0),(120,0,1,1,0),(121,1,0,1,1),(122,1,1,0,1),(123,0,1,1,1),(124,1,0,0,1),(125,0,1,0,0),(126,1,1,0,1),(127,0,1,1,1),(128,0,1,1,1),(129,1,0,1,0),(130,1,0,0,1),(131,0,0,1,0),(132,1,1,1,1),(133,1,0,0,1),(134,0,1,0,1),(135,1,0,0,1),(136,1,1,1,0),(137,1,1,1,1),(138,0,0,1,0),(139,0,0,1,1),(140,1,0,0,1),(141,1,0,0,1),(142,1,1,0,1),(143,1,1,0,1),(144,1,1,1,0),(145,0,0,1,0),(146,1,0,1,1),(147,0,1,1,0),(148,0,1,0,1),(149,1,0,0,0),(150,0,1,1,0),(151,0,0,1,1),(152,0,0,0,1),(153,1,0,1,0),(154,0,0,0,1),(155,0,1,0,0),(156,1,1,1,0),(157,1,0,1,0),(158,1,0,1,0),(159,1,1,0,1),(160,0,1,1,0),(161,1,0,0,1),(162,0,1,0,0),(163,1,1,0,1),(164,0,0,1,0),(165,0,0,0,1),(166,0,0,0,1),(167,1,0,1,1),(168,0,1,1,1),(169,1,0,0,1),(170,0,1,0,0),(171,0,1,1,1),(172,1,1,0,1),(173,1,1,0,0),(174,1,1,0,0),(175,0,0,0,1),(176,1,1,0,0),(177,1,1,0,1),(178,1,1,1,1),(179,1,1,0,0),(180,0,1,1,0),(181,0,1,0,1),(182,1,0,1,1),(183,0,1,0,1),(184,0,1,0,1),(185,0,0,0,1),(186,1,1,0,1),(187,1,0,1,1),(188,1,0,1,1),(189,1,1,0,1),(190,1,0,1,1),(191,0,1,1,1),(192,0,1,0,0),(193,1,1,0,1),(194,0,1,0,0),(195,0,1,1,1),(196,1,0,1,1),(197,0,1,1,1),(198,1,1,0,1),(199,1,1,1,0),(200,0,1,1,1);
/*!40000 ALTER TABLE `hospital` ENABLE KEYS */;
UNLOCK TABLES;

--
-- Table structure for table `hp_titles`
--

DROP TABLE IF EXISTS `hp_titles`;
/*!40101 SET @saved_cs_client     = @@character_set_client */;
/*!50503 SET character_set_client = utf8mb4 */;
CREATE TABLE `hp_titles` (
  `HPKey` int NOT NULL,
  `HPtitles` varchar(80) NOT NULL,
  PRIMARY KEY (`HPKey`,`HPtitles`)
) ENGINE=InnoDB DEFAULT CHARSET=utf8mb4 COLLATE=utf8mb4_0900_ai_ci;
/*!40101 SET character_set_client = @saved_cs_client */;

--
-- Dumping data for table `hp_titles`
--

LOCK TABLES `hp_titles` WRITE;
/*!40000 ALTER TABLE `hp_titles` DISABLE KEYS */;
INSERT INTO `hp_titles` VALUES (1,'MD'),(2,'PA'),(3,'DPM'),(4,'PA'),(5,'PHD'),(6,'PA'),(7,'MD'),(8,'MD'),(9,'DPM'),(10,'PA'),(11,'DPM'),(12,'PA-C'),(13,'PA'),(14,'MD'),(15,'MD'),(16,'PHD'),(17,'MD'),(18,'PHD'),(19,'PA-C'),(20,'MD'),(21,'PA-C'),(22,'PA'),(23,'DPM'),(24,'PA-C'),(25,'PHD'),(26,'DPM'),(27,'MD'),(28,'MD'),(29,'DPM'),(30,'PA'),(31,'PA'),(32,'PA'),(33,'MD'),(34,'DPM'),(35,'MD'),(36,'MD'),(37,'PA'),(38,'MD'),(39,'PHD'),(40,'PA-C'),(41,'PA-C'),(42,'PA'),(43,'MD'),(44,'MD'),(45,'PA'),(46,'PA-C'),(47,'DPM'),(48,'PA'),(49,'DPM'),(50,'PA'),(51,'PHD'),(52,'MD'),(53,'PA-C'),(54,'MD'),(55,'PA-C'),(56,'MD'),(57,'DPM'),(58,'DPM'),(59,'MD'),(60,'DPM'),(61,'PA'),(62,'MD'),(63,'PA-C'),(64,'MD'),(65,'PHD'),(66,'MD'),(67,'MD'),(68,'MD'),(69,'PA-C'),(70,'DPM'),(71,'MD'),(72,'PA'),(73,'DPM'),(74,'PA-C'),(75,'PHD'),(76,'DPM'),(77,'PA-C'),(78,'PA'),(79,'MD'),(80,'PHD'),(81,'DPM'),(82,'PA'),(83,'PA'),(84,'DPM'),(85,'MD'),(86,'PA'),(87,'PHD'),(88,'PA-C'),(89,'PA-C'),(90,'MD'),(91,'PHD'),(92,'PHD'),(93,'MD'),(94,'MD'),(95,'DPM'),(96,'MD'),(97,'PA-C'),(98,'PA-C'),(99,'PA'),(100,'MD'),(101,'PA'),(102,'MD'),(103,'PHD'),(104,'MD'),(105,'PA'),(106,'PHD'),(107,'PA-C'),(108,'MD'),(109,'MD'),(110,'DPM'),(111,'PA'),(112,'MD'),(113,'PA-C'),(114,'PA-C'),(115,'MD'),(116,'DPM'),(117,'PA-C'),(118,'MD'),(119,'PA'),(120,'DPM'),(121,'PA'),(122,'MD'),(123,'MD'),(124,'DPM'),(125,'MD'),(126,'PA'),(127,'PHD'),(128,'MD'),(129,'DPM'),(130,'MD'),(131,'MD'),(132,'MD'),(133,'MD'),(134,'PHD'),(135,'PA'),(136,'MD'),(137,'PA'),(138,'MD'),(139,'DPM'),(140,'PA-C'),(141,'PHD'),(142,'PHD'),(143,'PHD'),(144,'PHD'),(145,'PA'),(146,'MD'),(147,'MD'),(148,'MD'),(149,'MD'),(150,'PHD'),(151,'DPM'),(152,'MD'),(153,'PA-C'),(154,'PHD'),(155,'PHD'),(156,'DPM'),(157,'PA-C'),(158,'MD'),(159,'MD'),(160,'MD'),(161,'MD'),(162,'PA-C'),(163,'PA'),(164,'MD'),(165,'DPM'),(166,'PA-C'),(167,'MD'),(168,'PA'),(169,'PA'),(170,'PA-C'),(171,'PA-C'),(172,'DPM'),(173,'PA-C'),(174,'MD'),(175,'PA'),(176,'MD'),(177,'MD'),(178,'PHD'),(179,'MD'),(180,'PHD'),(181,'PA-C'),(182,'DPM'),(183,'MD'),(184,'PHD'),(185,'DPM'),(186,'PHD'),(187,'PA-C'),(188,'MD'),(189,'MD'),(190,'DPM'),(191,'MD'),(192,'PA'),(193,'PA'),(194,'DPM'),(195,'PA'),(196,'MD'),(197,'PA-C'),(198,'MD'),(199,'PA'),(200,'DPM');
/*!40000 ALTER TABLE `hp_titles` ENABLE KEYS */;
UNLOCK TABLES;

--
-- Table structure for table `institution`
--

DROP TABLE IF EXISTS `institution`;
/*!40101 SET @saved_cs_client     = @@character_set_client */;
/*!50503 SET character_set_client = utf8mb4 */;
CREATE TABLE `institution` (
  `IKey` int NOT NULL AUTO_INCREMENT,
  `AddressOfInstitution` varchar(80) DEFAULT NULL,
  `VitalCheckUp` varchar(80) DEFAULT NULL,
  `NameOfInstitution` varchar(80) DEFAULT NULL,
  PRIMARY KEY (`IKey`)
) ENGINE=InnoDB AUTO_INCREMENT=603 DEFAULT CHARSET=utf8mb4 COLLATE=utf8mb4_0900_ai_ci;
/*!40101 SET character_set_client = @saved_cs_client */;

--
-- Dumping data for table `institution`
--

LOCK TABLES `institution` WRITE;
/*!40000 ALTER TABLE `institution` DISABLE KEYS */;
INSERT INTO `institution` VALUES (1,'9 Logan Street','Body Temp: 96.3, Heart Rate: 70, Blood Pressure: 143','NOVANT HEALTH NEW HANOVER REGIONAL MEDICAL CENTER'),(2,'8289 Kennedy Way','Body Temp: 96.7, Heart Rate: 71, Blood Pressure: 163','COASTAL CAROLINA'),(3,'35962 Crescent Oaks Hill','Body Temp: 96.9, Heart Rate: 74, Blood Pressure: 153','MAPLE GROVE'),(4,'72990 Holy Cross Pass','Body Temp: 97, Heart Rate: 80, Blood Pressure: 153','SIMI VALLEY HEALTH CARE SERVICES'),(5,'7 Mallard Way','Body Temp: 97.1, Heart Rate: 73, Blood Pressure: 146','PENN HIGHLANDS MON VALLEY'),(6,'7155 Hermina Point','Body Temp: 97.1, Heart Rate: 75, Blood Pressure: 150','ASCENSION PROVIDENCE   SOUTHFIELD AND NOVI'),(7,'020 Pine View Parkway','Body Temp: 97.1, Heart Rate: 82, Blood Pressure: 148','ASPIRUS RIVERVIEW INC'),(8,'711 6th Crossing','Body Temp: 97.2, Heart Rate: 64, Blood Pressure: 153','ADVENTHEALTH SEBRING'),(9,'085 Hauk Trail','Body Temp: 97.3, Heart Rate: 69, Blood Pressure: 153','ADVENTHEALTH NEW SMYRNA BEACH'),(10,'7042 Farmco Plaza','Body Temp: 97.4, Heart Rate: 70, Blood Pressure: 158','DOCTORS MEDICAL CENTER'),(11,'501 Cottonwood Place','Body Temp: 97.4, Heart Rate: 68, Blood Pressure: 149','ELKVIEW GENERAL HOSPTIAL'),(12,'162 Mendota Junction','Body Temp: 97.4, Heart Rate: 72, Blood Pressure: 173','THE NEBRASKA METHODIST'),(13,'13262 Westerfield Junction','Body Temp: 97.4, Heart Rate: 78, Blood Pressure: 165','ANDERSON REGIONAL MEDICAL CENTER'),(14,'91 Golf Course Terrace','Body Temp: 97.5, Heart Rate: 70, Blood Pressure: 145','HILLCREST  CUSHING'),(15,'2 Glendale Drive','Body Temp: 97.5, Heart Rate: 75, Blood Pressure: 143','SOUTHWEST MS REGIONAL MEDICAL CENTER'),(16,'3 Veith Place','Body Temp: 97.6, Heart Rate: 74, Blood Pressure: 152','UNITED MEMORIAL MEDICAL CENTER'),(17,'63 Springview Terrace','Body Temp: 97.6, Heart Rate: 69, Blood Pressure: 141','PIEDMONT WALTON'),(18,'52 Forest Plaza','Body Temp: 97.6, Heart Rate: 73, Blood Pressure: 176','LAKE REGION HEALTHCARE CORPORATION'),(19,'08 Weeping Birch Point','Body Temp: 97.7, Heart Rate: 77, Blood Pressure: 143','CHI ST. LUKES\' BRAZOSPORT'),(20,'16576 Main Lane','Body Temp: 97.8, Heart Rate: 58, Blood Pressure: 162','INOVA LOUDOUN'),(21,'5 Sloan Crossing','Body Temp: 97.8, Heart Rate: 73, Blood Pressure: 149','BAY AREA MEDICAL CENTER'),(22,'85573 Havey Circle','Body Temp: 97.8, Heart Rate: 65, Blood Pressure: 156','OLMSTED MEDICAL CENTER'),(23,'14966 Menomonie Avenue','Body Temp: 97.8, Heart Rate: 74, Blood Pressure: 151','BOLIVAR MEDICAL CENTER'),(24,'4743 3rd Avenue','Body Temp: 97.9, Heart Rate: 76, Blood Pressure: 159','MARSHFIELD MEDICAL CENTER - MINOCQUA'),(25,'6 Mesta Drive','Body Temp: 97.9, Heart Rate: 72, Blood Pressure: 164','CHI HEALTH GOOD SAMARITAN'),(26,'0850 Oak Court','Body Temp: 98, Heart Rate: 78, Blood Pressure: 154','SACRED HEART UNIVERSITY DISTRICT'),(27,'3 Daystar Trail','Body Temp: 98, Heart Rate: 71, Blood Pressure: 152','CARTERET GENERAL'),(28,'99 Golf Avenue','Body Temp: 98, Heart Rate: 74, Blood Pressure: 142','BEAUFORT COUNTY MEMORIAL'),(29,'0 Rusk Pass','Body Temp: 98, Heart Rate: 67, Blood Pressure: 162','HEMPHILL COUNTY'),(30,'45097 Kim Hill','Body Temp: 98, Heart Rate: 64, Blood Pressure: 155','METHODIST MANSFIELD MEDICAL CENTER'),(31,'845 Golden Leaf Road','Body Temp: 98, Heart Rate: 78, Blood Pressure: 175','CENTURA HEALTH-ST ANTHONY NORTH HEALTH CAMPUS'),(32,'0 Heffernan Center','Body Temp: 98.1, Heart Rate: 73, Blood Pressure: 184','HENDRICK MEDICAL CENTER BROWNWOOD'),(33,'30130 Ludington Crossing','Body Temp: 98.1, Heart Rate: 67, Blood Pressure: 167','VICTOR VALLEY GLOBAL MEDICAL CENTER'),(34,'516 Hansons Terrace','Body Temp: 98.2, Heart Rate: 66, Blood Pressure: 148','CENTRA HEALTH -  LYNCHBURG GEN'),(35,'09 Katie Hill','Body Temp: 98.2, Heart Rate: 64, Blood Pressure: 170','CARILION NEW RIVER VALLEY MEDICAL CENTER'),(36,'0850 Bluejay Alley','Body Temp: 98.2, Heart Rate: 71, Blood Pressure: 159','OCHSNER MEDICAL CENTER-HANCOCK'),(37,'398 Express Lane','Body Temp: 98.2, Heart Rate: 72, Blood Pressure: 149','HCA FLORIDA ENGLEWOOD'),(38,'253 Mcguire Place','Body Temp: 98.3, Heart Rate: 86, Blood Pressure: 140','LARKIN COMMUNITY   PALM SPRINGS CAMPUS'),(39,'9214 Commercial Parkway','Body Temp: 98.3, Heart Rate: 72, Blood Pressure: 185','BUFFALO'),(40,'1 Mesta Center','Body Temp: 98.4, Heart Rate: 68, Blood Pressure: 160','SIERRA NEVADA MEMORIAL'),(41,'9 Prairieview Circle','Body Temp: 98.4, Heart Rate: 70, Blood Pressure: 157','OF UNIV OF PENNSYLVANIA'),(42,'17726 Dakota Road','Body Temp: 98.4, Heart Rate: 82, Blood Pressure: 158','SENTARA WILLIAMSBURG REGIONAL MEDICAL CENTER'),(43,'4 Loomis Avenue','Body Temp: 98.4, Heart Rate: 84, Blood Pressure: 162','CLEVELAND   MARTIN NORTH'),(44,'6 Dottie Parkway','Body Temp: 98.5, Heart Rate: 68, Blood Pressure: 160','PENNSYLVANIA'),(45,'02410 Graedel Road','Body Temp: 98.5, Heart Rate: 71, Blood Pressure: 180','THOMAS JEFFERSON UNIVERSITY'),(46,'9 Mccormick Junction','Body Temp: 98.6, Heart Rate: 77, Blood Pressure: 155','EVERGREENHEALTH MONROE'),(47,'28652 Cherokee Terrace','Body Temp: 98.6, Heart Rate: 78, Blood Pressure: 172','ST MARYS'),(48,'3022 Corry Hill','Body Temp: 98.6, Heart Rate: 83, Blood Pressure: 157','THE QUEENS MEDICAL CENTER'),(49,'85985 Debs Parkway','Body Temp: 98.6, Heart Rate: 66, Blood Pressure: 171','THE ORTHOPAEDIC   OF LUTHERAN HEALTH NETWOR'),(50,'1 Novick Circle','Body Temp: 98.6, Heart Rate: 70, Blood Pressure: 170','THE MONROE'),(51,'505 Texas Alley','Body Temp: 98.6, Heart Rate: 82, Blood Pressure: 175','BANNER FORT COLLINS MEDICAL CENTER'),(52,'4917 Granby Court','Body Temp: 98.7, Heart Rate: 73, Blood Pressure: 175','UNIVERSITY   AND MEDICAL CENTER'),(53,'5 Crownhardt Avenue','Body Temp: 98.7, Heart Rate: 78, Blood Pressure: 172','ST CATHERINE OF SIENA'),(54,'5701 Clarendon Avenue','Body Temp: 98.8, Heart Rate: 78, Blood Pressure: 173','CHARLESTON SURGICAL'),(55,'95 Westridge Junction','Body Temp: 98.8, Heart Rate: 81, Blood Pressure: 170','NORTHERN LIGHT MAINE COAST'),(56,'41 Huxley Park','Body Temp: 98.8, Heart Rate: 78, Blood Pressure: 164','ST JOSEPH\'S MEDICAL CENTER'),(57,'063 Clemons Park','Body Temp: 98.9, Heart Rate: 80, Blood Pressure: 147','MCKAY DEE'),(58,'72012 Riverside Way','Body Temp: 99, Heart Rate: 75, Blood Pressure: 154','PETERSON REGIONAL MEDICAL CENTER'),(59,'03200 Kedzie Court','Body Temp: 99, Heart Rate: 79, Blood Pressure: 172','ST LUKE\'S SUGAR LAND'),(60,'013 Ruskin Parkway','Body Temp: 99, Heart Rate: 81, Blood Pressure: 162','OVERLAKE   MEDICAL CENTER'),(61,'7 Norway Maple Crossing','Body Temp: 99.1, Heart Rate: 71, Blood Pressure: 152','MCKEE MEDICAL CENTER'),(62,'82 Sunfield Street','Body Temp: 99.2, Heart Rate: 83, Blood Pressure: 147','CHI MEMORIAL  - GEORGIA'),(63,'4823 Donald Street','Body Temp: 99.3, Heart Rate: 63, Blood Pressure: 144','DOCTORS MEMORIAL   INC'),(64,'7106 Kinsman Court','Body Temp: 99.4, Heart Rate: 70, Blood Pressure: 144','UPMC CHAUTAUQUA AT WCA'),(65,'8 Stephen Way','Body Temp: 99.5, Heart Rate: 75, Blood Pressure: 158','ROCKWALL  MEDICAL CENTER'),(66,'42926 Atwood Plaza','Body Temp: 96.4, Heart Rate: 69, Blood Pressure: 147','CHRISTUS JASPER MEMORIAL'),(67,'6128 Schiller Crossing','Body Temp: 96.7, Heart Rate: 62, Blood Pressure: 154','OVERLAND PARK REG MED CTR'),(68,'8722 Porter Road','Body Temp: 96.8, Heart Rate: 75, Blood Pressure: 151','TULANE MEDICAL CENTER'),(69,'6 Hagan Plaza','Body Temp: 97.2, Heart Rate: 66, Blood Pressure: 149','ANNA JAQUES'),(70,'4 Sauthoff Junction','Body Temp: 97.2, Heart Rate: 68, Blood Pressure: 138','TAYLOR REGIONAL'),(71,'38002 Green Ridge Drive','Body Temp: 97.4, Heart Rate: 57, Blood Pressure: 162','SUTTER SANTA ROSA REGIONAL'),(72,'460 Butterfield Crossing','Body Temp: 97.6, Heart Rate: 61, Blood Pressure: 157','COLUMBIA MEMORIAL'),(73,'4087 Pankratz Circle','Body Temp: 97.7, Heart Rate: 84, Blood Pressure: 141','MIZELL MEMORIAL'),(74,'89175 Fremont Terrace','Body Temp: 97.7, Heart Rate: 61, Blood Pressure: 167','ST ALEXIUS'),(75,'8 Eastwood Park','Body Temp: 97.8, Heart Rate: 77, Blood Pressure: 147','LEWISGALE   PULASKI'),(76,'1983 Fair Oaks Street','Body Temp: 97.8, Heart Rate: 62, Blood Pressure: 143','SANTIAM'),(77,'610 Starling Pass','Body Temp: 97.8, Heart Rate: 71, Blood Pressure: 142','EASTSIDE MEDICAL CENTER'),(78,'0 Northview Street','Body Temp: 97.9, Heart Rate: 68, Blood Pressure: 166','MIDSTATE MEDICAL CENTER'),(79,'0487 Muir Court','Body Temp: 97.9, Heart Rate: 69, Blood Pressure: 147','ALTUS LUMBERTON'),(80,'46980 Thierer Pass','Body Temp: 97.9, Heart Rate: 79, Blood Pressure: 142','UNIVERSITY OF CALIFORNIA IRVINE MEDICAL CENTER'),(81,'36289 Dottie Avenue','Body Temp: 98, Heart Rate: 76, Blood Pressure: 157','DAVIE MEDICAL CENTER'),(82,'6854 Bashford Lane','Body Temp: 98, Heart Rate: 87, Blood Pressure: 170','HIGHLINE MEDICAL CENTER'),(83,'92778 8th Park','Body Temp: 98, Heart Rate: 78, Blood Pressure: 150','STANLY REGIONAL MEDICAL CENTER'),(84,'85 Muir Trail','Body Temp: 98, Heart Rate: 73, Blood Pressure: 150','SHOALS'),(85,'7148 Claremont Alley','Body Temp: 98, Heart Rate: 89, Blood Pressure: 167','GREENEVILLE COMMUNITY'),(86,'1 Lien Hill','Body Temp: 98.1, Heart Rate: 81, Blood Pressure: 154','NORTHERN LIGHT INLAND'),(87,'3 Gerald Place','Body Temp: 98.2, Heart Rate: 73, Blood Pressure: 143','CHI ST LUKES HEALTH MEMORIAL LIVINGSTON'),(88,'797 Shasta Trail','Body Temp: 98.2, Heart Rate: 64, Blood Pressure: 157','MOUNT CARMEL EAST & WEST'),(89,'829 Bellgrove Circle','Body Temp: 98.2, Heart Rate: 65, Blood Pressure: 149','PENINSULA MEDICAL CENTER'),(90,'4103 Sunbrook Terrace','Body Temp: 98.2, Heart Rate: 73, Blood Pressure: 161','HUDSON VALLEY   CENTER'),(91,'905 Texas Junction','Body Temp: 98.2, Heart Rate: 69, Blood Pressure: 142','ATHENS LIMESTONE'),(92,'0542 Reinke Point','Body Temp: 98.2, Heart Rate: 57, Blood Pressure: 162','HILLCREST   SOUTH'),(93,'219 Petterle Crossing','Body Temp: 98.3, Heart Rate: 79, Blood Pressure: 144','CAROLINAS MEDICAL CENTER/BEHAV HEALTH'),(94,'11 Forest Dale Plaza','Body Temp: 98.3, Heart Rate: 78, Blood Pressure: 142','BAYLOR SCOTT AND WHITE SURGICAL   FORTWORTH'),(95,'23 Crowley Junction','Body Temp: 98.3, Heart Rate: 80, Blood Pressure: 159','MEMORIAL   AND MANOR'),(96,'46904 Tennessee Alley','Body Temp: 98.4, Heart Rate: 79, Blood Pressure: 140','WILSON MEMORIAL'),(97,'45261 Twin Pines Place','Body Temp: 98.4, Heart Rate: 81, Blood Pressure: 144','GARNET HEALTH  MEDICAL CENTER CATSKILLS - (CSK)'),(98,'29570 High Crossing Pass','Body Temp: 98.4, Heart Rate: 73, Blood Pressure: 142','MCLEOD HEALTH CLARENDON'),(99,'2888 Waubesa Lane','Body Temp: 98.4, Heart Rate: 74, Blood Pressure: 145','INDIAN PATH COMMUNITY'),(100,'3912 Grayhawk Junction','Body Temp: 98.4, Heart Rate: 84, Blood Pressure: 145','EAST CARROLL PARISH'),(101,'53 Lindbergh Court','Body Temp: 98.5, Heart Rate: 83, Blood Pressure: 168','UNION GENERAL'),(102,'5 Goodland Avenue','Body Temp: 98.6, Heart Rate: 82, Blood Pressure: 142','PINEVILLE COMMUNITY HEALTH CENTER INC'),(103,'920 7th Junction','Body Temp: 98.6, Heart Rate: 85, Blood Pressure: 147','MONTROSE REGIONAL HEALTH'),(104,'950 Northridge Street','Body Temp: 98.6, Heart Rate: 86, Blood Pressure: 148','ALLEGHENY GENERAL'),(105,'87911 Bellgrove Lane','Body Temp: 98.6, Heart Rate: 77, Blood Pressure: 162','VERDE VALLEY MEDICAL CENTER'),(106,'2846 Sugar Pass','Body Temp: 98.7, Heart Rate: 72, Blood Pressure: 170','CARLE FOUNDATION'),(107,'5 Independence Park','Body Temp: 98.7, Heart Rate: 79, Blood Pressure: 173','SAVOY MEDICAL CENTER'),(108,'983 Glendale Junction','Body Temp: 98.7, Heart Rate: 59, Blood Pressure: 151','EMORY UNIVERSITY'),(109,'912 Bellgrove Avenue','Body Temp: 98.7, Heart Rate: 64, Blood Pressure: 155','KENT COUNTY MEMORIAL'),(110,'7 Sullivan Place','Body Temp: 98.7, Heart Rate: 65, Blood Pressure: 163','LOMPOC VALLEY MEDICAL CENTER'),(111,'98614 Dryden Lane','Body Temp: 98.7, Heart Rate: 82, Blood Pressure: 183','VIA CHRISTI   WICHITA ST TERESA INC'),(112,'72361 Nobel Trail','Body Temp: 98.8, Heart Rate: 64, Blood Pressure: 159','OSF SAINT ELIZABETH MDL CTR'),(113,'45 Crest Line Way','Body Temp: 98.8, Heart Rate: 70, Blood Pressure: 148','GEORGE WASHINGTON UNIV'),(114,'68188 Lien Avenue','Body Temp: 98.8, Heart Rate: 83, Blood Pressure: 151','ASCENSION ST VINCENT ANDERSON'),(115,'893 Shasta Road','Body Temp: 98.8, Heart Rate: 89, Blood Pressure: 165','THOMAS'),(116,'42 Claremont Court','Body Temp: 98.8, Heart Rate: 69, Blood Pressure: 152','SUTTER DAVIS'),(117,'866 Texas Court','Body Temp: 98.8, Heart Rate: 73, Blood Pressure: 161','AURORA ST LUKES MEDICAL CENTER'),(118,'99247 Havey Circle','Body Temp: 98.8, Heart Rate: 84, Blood Pressure: 165','GEISINGER MEDICAL CENTER'),(119,'39 Blue Bill Park Junction','Body Temp: 98.9, Heart Rate: 76, Blood Pressure: 149','BAPTIST HEALTH MEDICAL CENTER - JACKSONVILLE'),(120,'5 Lotheville Road','Body Temp: 99, Heart Rate: 79, Blood Pressure: 185','CHRISTUS SANTA ROSA MEDICAL CENTER'),(121,'5602 Eagan Road','Body Temp: 99, Heart Rate: 81, Blood Pressure: 153','KAISER FOUNDATION   - WOODLAND HILLS'),(122,'00 Sycamore Court','Body Temp: 99.1, Heart Rate: 80, Blood Pressure: 170','MEDICAL CENTER OF SOUTH ARKANSAS'),(123,'29275 Dennis Avenue','Body Temp: 99.1, Heart Rate: 74, Blood Pressure: 168','BEAUMONT   - WAYNE'),(124,'86 Dahle Lane','Body Temp: 99.2, Heart Rate: 77, Blood Pressure: 142','ROLLING PLAINS MEMORIAL'),(125,'751 Gerald Way','Body Temp: 99.2, Heart Rate: 66, Blood Pressure: 141','ADVOCATE CHRIST  MEDICAL CENTER'),(126,'4377 Schlimgen Parkway','Body Temp: 99.3, Heart Rate: 68, Blood Pressure: 147','TEXAS HEALTH   FRISCO'),(127,'4543 Redwing Center','Body Temp: 99.4, Heart Rate: 77, Blood Pressure: 133','BOZEMAN HEALTH DEACONESS'),(128,'481 Moland Way','Body Temp: 99.9, Heart Rate: 79, Blood Pressure: 141','VAN WERT COUNTY'),(129,'17107 Grover Circle','Body Temp: 100, Heart Rate: 78, Blood Pressure: 131','HOUSTON METHODIST BAYTOWN'),(130,'82 Dennis Circle','Body Temp: 100.8, Heart Rate: 77, Blood Pressure: 125','ADVENTIST HEALTH LODI MEMORIAL'),(131,'490 Talisman Road','Body Temp: 96.3, Heart Rate: 70, Blood Pressure: 164','PRAIRIE LAKES HEALTHCARE SYSTEM INC'),(132,'3 Oriole Court','Body Temp: 96.7, Heart Rate: 71, Blood Pressure: 159','NORTH KANSAS CITY'),(133,'533 Stephen Hill','Body Temp: 96.9, Heart Rate: 74, Blood Pressure: 135','MOUNT ST. MARY\'S HEALTH CENTER'),(134,'55950 Harper Court','Body Temp: 97, Heart Rate: 80, Blood Pressure: 159','SWEDISH'),(135,'2328 Larry Junction','Body Temp: 97.1, Heart Rate: 73, Blood Pressure: 153','JOHNSTON HEALTH'),(136,'7043 Oakridge Center','Body Temp: 97.1, Heart Rate: 75, Blood Pressure: 126','MCKENZIE-WILLAMETTE MEDICAL CENTER'),(137,'488 Wayridge Street','Body Temp: 97.1, Heart Rate: 82, Blood Pressure: 162','TEXAS HEALTH HARRIS METHODIST   FORT WORTH'),(138,'34986 Bellgrove Avenue','Body Temp: 97.2, Heart Rate: 64, Blood Pressure: 134','CAPE CANAVERAL'),(139,'51774 American Ash Junction','Body Temp: 97.3, Heart Rate: 69, Blood Pressure: 136','ALLINA HEALTH FARIBAULT MEDICAL CENTER'),(140,'1603 Starling Court','Body Temp: 97.4, Heart Rate: 70, Blood Pressure: 150','PANOLA MEDICAL CENTER'),(141,'29245 Muir Street','Body Temp: 97.4, Heart Rate: 68, Blood Pressure: 168','LAKE NORMAN REGIONAL MEDICAL CENTER'),(142,'72345 6th Center','Body Temp: 97.4, Heart Rate: 72, Blood Pressure: 155','CHESAPEAKE GENERAL'),(143,'4 Sutherland Hill','Body Temp: 97.4, Heart Rate: 78, Blood Pressure: 136','LAC/HARBOR-UCLA MED CENTER'),(144,'52 Loomis Parkway','Body Temp: 97.5, Heart Rate: 70, Blood Pressure: 132','PHOENIX INDIAN MEDICAL CENTER'),(145,'0841 Morning Way','Body Temp: 97.5, Heart Rate: 75, Blood Pressure: 160','SINGING RIVER GULFPORT'),(146,'5 Elgar Road','Body Temp: 97.6, Heart Rate: 74, Blood Pressure: 160','ATRIUM HEALTH LINCOLN'),(147,'44138 Rockefeller Junction','Body Temp: 97.6, Heart Rate: 69, Blood Pressure: 136','TEXAS HEALTH PRESBYTERIAN   ROCKWALL'),(148,'6088 Blaine Plaza','Body Temp: 97.6, Heart Rate: 73, Blood Pressure: 183','LEXINGTON MEMORIAL   INC'),(149,'94583 Huxley Park','Body Temp: 97.7, Heart Rate: 77, Blood Pressure: 152','RIDGEVIEW MEDICAL CENTER'),(150,'1 Bonner Drive','Body Temp: 97.8, Heart Rate: 58, Blood Pressure: 162','ALLIANCEHEALTH CLINTON'),(151,'41 Service Place','Body Temp: 97.8, Heart Rate: 73, Blood Pressure: 151','HAZARD ARH REGIONAL MEDICAL CENTER'),(152,'40299 Loomis Point','Body Temp: 97.8, Heart Rate: 65, Blood Pressure: 139','SALEM'),(153,'71243 Eagle Crest Parkway','Body Temp: 97.8, Heart Rate: 74, Blood Pressure: 175','HARBORVIEW MEDICAL CENTER'),(154,'75 Meadow Valley Lane','Body Temp: 97.9, Heart Rate: 76, Blood Pressure: 184','DECATUR MORGAN   - DECATUR CAMPUS'),(155,'68010 Marquette Plaza','Body Temp: 97.9, Heart Rate: 72, Blood Pressure: 151','FLOWERS'),(156,'45861 Village Green Street','Body Temp: 98, Heart Rate: 78, Blood Pressure: 171','COMMUNITY   NORTH'),(157,'270 Valley Edge Terrace','Body Temp: 98, Heart Rate: 71, Blood Pressure: 157','LAC+USC MEDICAL CENTER'),(158,'547 Coolidge Trail','Body Temp: 98, Heart Rate: 74, Blood Pressure: 159','ASCENSION ST JOHN MEDICAL CENTER'),(159,'08357 Sundown Park','Body Temp: 98, Heart Rate: 67, Blood Pressure: 140','NORTHWEST MEDICAL CENTER-SPRINGDALE'),(160,'81 Northland Parkway','Body Temp: 98, Heart Rate: 64, Blood Pressure: 174','BAPTIST HEALTH MEDICAL CENTER-HOT SPRINGS COUNTY'),(161,'2 Reindahl Point','Body Temp: 98, Heart Rate: 78, Blood Pressure: 167','CHEROKEE NATION W W HASTINGS INDIAN'),(162,'45922 Ridge Oak Drive','Body Temp: 98.1, Heart Rate: 73, Blood Pressure: 158','BRIGHAM AND WOMEN\'S'),(163,'69666 Mcbride Center','Body Temp: 98.1, Heart Rate: 67, Blood Pressure: 168','ROPER ST FRANCIS  -BERKELEY INC'),(164,'59 Ohio Way','Body Temp: 98.2, Heart Rate: 66, Blood Pressure: 159','TRUMAN MEDICAL CENTER   HILL'),(165,'1 Southridge Center','Body Temp: 98.2, Heart Rate: 64, Blood Pressure: 153','CLARA MAASS MEDICAL CENTER'),(166,'7 Beilfuss Hill','Body Temp: 98.2, Heart Rate: 71, Blood Pressure: 164','TEMECULA VALLEY'),(167,'2036 Crowley Alley','Body Temp: 98.2, Heart Rate: 72, Blood Pressure: 169','ST CHARLES PARISH'),(168,'40636 Calypso Place','Body Temp: 98.3, Heart Rate: 86, Blood Pressure: 148','FRANKFORT REGIONAL MEDICAL CENTER'),(169,'275 Messerschmidt Court','Body Temp: 98.3, Heart Rate: 72, Blood Pressure: 185','ROTHMAN ORTHOPAEDIC SPECIALTY'),(170,'5784 Laurel Point','Body Temp: 98.4, Heart Rate: 68, Blood Pressure: 163','MATAGORDA REGIONAL MEDICAL CENTER'),(171,'22689 Duke Street','Body Temp: 98.4, Heart Rate: 70, Blood Pressure: 146','ARISE AUSTIN MEDICAL CENTER'),(172,'0 Forest Terrace','Body Temp: 98.4, Heart Rate: 82, Blood Pressure: 160','NORTHFIELD'),(173,'4297 Hintze Alley','Body Temp: 98.4, Heart Rate: 84, Blood Pressure: 175','SOUTHERN MAINE HEALTH CARE'),(174,'4351 Northport Plaza','Body Temp: 98.5, Heart Rate: 68, Blood Pressure: 163','PORTNEUF MEDICAL CENTER'),(175,'323 Monument Trail','Body Temp: 98.5, Heart Rate: 71, Blood Pressure: 185','CAPE COD HEALTHCARE'),(176,'7 South Trail','Body Temp: 98.6, Heart Rate: 77, Blood Pressure: 146','COOPER UNIVERSITY'),(177,'8637 Fulton Junction','Body Temp: 98.6, Heart Rate: 78, Blood Pressure: 176','AVERA SACRED HEART'),(178,'505 Harbort Junction','Body Temp: 98.6, Heart Rate: 83, Blood Pressure: 147','ST JOSEPHS COMMUNITY   WEST BEND'),(179,'57094 Manufacturers Way','Body Temp: 98.6, Heart Rate: 66, Blood Pressure: 161','ASCENSION ST VINCENT'),(180,'6458 Buena Vista Lane','Body Temp: 98.6, Heart Rate: 70, Blood Pressure: 164','KELL WEST REGIONAL'),(181,'7324 5th Avenue','Body Temp: 98.6, Heart Rate: 82, Blood Pressure: 149','PRISMA HEALTH GREER MEMORIAL'),(182,'11 Bobwhite Parkway','Body Temp: 98.7, Heart Rate: 73, Blood Pressure: 142','SILOAM SPRINGS REGIONAL'),(183,'1 Onsgard Lane','Body Temp: 98.7, Heart Rate: 78, Blood Pressure: 146','SAINT THOMAS WEST'),(184,'6 Elmside Lane','Body Temp: 98.8, Heart Rate: 78, Blood Pressure: 138','TEXAS HEALTH HARRIS METHODIST   STEPHENVILL'),(185,'59 Golf Course Pass','Body Temp: 98.8, Heart Rate: 81, Blood Pressure: 131','ST DAVID\'S MEDICAL CENTER'),(186,'05 Beilfuss Park','Body Temp: 98.8, Heart Rate: 78, Blood Pressure: 145','EVANS MEMORIAL'),(187,'0 Old Gate Trail','Body Temp: 98.9, Heart Rate: 80, Blood Pressure: 134','LINCOLN MEDICAL & MENTAL HEALTH CENTER'),(188,'30 Sherman Pass','Body Temp: 99, Heart Rate: 75, Blood Pressure: 135','SARTORI MEMORIAL   INC'),(189,'5316 Bunting Road','Body Temp: 99, Heart Rate: 79, Blood Pressure: 131','CAMERON REGIONAL MEDICAL CENTER'),(190,'1155 Pennsylvania Pass','Body Temp: 99, Heart Rate: 81, Blood Pressure: 135','GADSDEN REGIONAL MEDICAL CENTER'),(191,'76 Warner Junction','Body Temp: 99.1, Heart Rate: 71, Blood Pressure: 133','MERCY GILBERT MEDICAL CENTER'),(192,'9 Center Parkway','Body Temp: 99.2, Heart Rate: 83, Blood Pressure: 135','OCHSNER MEDICAL CENTER - NORTHSHORE L L C'),(193,'5665 Eastlawn Road','Body Temp: 99.3, Heart Rate: 63, Blood Pressure: 168','GUADALUPE COUNTY'),(194,'3970 Bay Terrace','Body Temp: 99.4, Heart Rate: 70, Blood Pressure: 144','JAY'),(195,'991 Northridge Alley','Body Temp: 99.5, Heart Rate: 75, Blood Pressure: 147','EASTLAND MEMORIAL'),(196,'374 Warner Trail','Body Temp: 96.4, Heart Rate: 69, Blood Pressure: 151','ABRAZO CENTRAL CAMPUS'),(197,'576 Namekagon Court','Body Temp: 96.7, Heart Rate: 62, Blood Pressure: 149','PRATT REGIONAL MEDICAL CENTER'),(198,'309 Northfield Lane','Body Temp: 96.8, Heart Rate: 75, Blood Pressure: 147','RIVERSIDE COMMUNITY'),(199,'278 Basil Hill','Body Temp: 97.2, Heart Rate: 66, Blood Pressure: 149','SUMMERLIN   MEDICAL CENTER'),(200,'2 Iowa Terrace','Body Temp: 97.2, Heart Rate: 68, Blood Pressure: 135','NATIVIDAD MEDICAL CENTER'),(201,'6 Hoepker Way','Body Temp: 97.4, Heart Rate: 57, Blood Pressure: 127','MEMORIAL   AT GULFPORT'),(202,'28251 South Avenue','Body Temp: 97.6, Heart Rate: 61, Blood Pressure: 150','WELLSTAR PAULDING'),(203,'399 Bobwhite Avenue','Body Temp: 97.7, Heart Rate: 84, Blood Pressure: 138','CANTON-POTSDAM'),(204,'888 Utah Road','Body Temp: 97.7, Heart Rate: 61, Blood Pressure: 147','BRONSON METHODIST'),(205,'7 Granby Road','Body Temp: 97.8, Heart Rate: 77, Blood Pressure: 157','JFK MEDICAL CENTER'),(206,'455 Moulton Plaza','Body Temp: 97.8, Heart Rate: 62, Blood Pressure: 146','LAKE HEALTH BEACHWOOD MEDICAL CENTER'),(207,'4 Cottonwood Center','Body Temp: 97.8, Heart Rate: 71, Blood Pressure: 148','UPMC EAST'),(208,'770 South Pass','Body Temp: 97.9, Heart Rate: 68, Blood Pressure: 136','OUR LADY OF FATIMA'),(209,'4385 Hauk Hill','Body Temp: 97.9, Heart Rate: 69, Blood Pressure: 146','CHRISTUS MOTHER FRANCES'),(210,'4759 Arkansas Crossing','Body Temp: 97.9, Heart Rate: 79, Blood Pressure: 132','BAPTIST MEDICAL CENTER EAST'),(211,'68547 Dixon Crossing','Body Temp: 98, Heart Rate: 76, Blood Pressure: 145','COAST PLAZA'),(212,'2 Kropf Lane','Body Temp: 98, Heart Rate: 87, Blood Pressure: 132','WASHINGTON   THE'),(213,'2 Stuart Drive','Body Temp: 98, Heart Rate: 78, Blood Pressure: 157','VAIL HEALTH'),(214,'2 Ruskin Junction','Body Temp: 98, Heart Rate: 73, Blood Pressure: 140','ALLIANCE HEALTH CENTER'),(215,'7 Tomscot Place','Body Temp: 98, Heart Rate: 89, Blood Pressure: 137','LINCOLN SURGICAL'),(216,'22944 Daystar Place','Body Temp: 98.1, Heart Rate: 81, Blood Pressure: 154','MARIAN REGIONAL MEDICAL CENTER'),(217,'01 Merry Plaza','Body Temp: 98.2, Heart Rate: 73, Blood Pressure: 169','GREAT PLAINS REGIONAL MEDICAL CENTER'),(218,'5246 Debra Alley','Body Temp: 98.2, Heart Rate: 64, Blood Pressure: 145','STEWARD NORTH SHORE MEDICAL CENTER'),(219,'50899 Dahle Junction','Body Temp: 98.2, Heart Rate: 65, Blood Pressure: 137','WESTERLY'),(220,'5 Mccormick Drive','Body Temp: 98.2, Heart Rate: 73, Blood Pressure: 143','FRANKLIN WOODS COMMUNITY'),(221,'349 Chinook Terrace','Body Temp: 98.2, Heart Rate: 69, Blood Pressure: 178','LOS ALAMOS MEDICAL CENTER'),(222,'55508 Springs Plaza','Body Temp: 98.2, Heart Rate: 57, Blood Pressure: 141','CENTRAL VERMONT MEDICAL CENTER'),(223,'74 David Parkway','Body Temp: 98.3, Heart Rate: 79, Blood Pressure: 149','MEASE DUNEDIN'),(224,'3346 Washington Junction','Body Temp: 98.3, Heart Rate: 78, Blood Pressure: 148','GOOD SAMARITAN REGIONAL MEDICAL CENTER'),(225,'677 Valley Edge Park','Body Temp: 98.3, Heart Rate: 80, Blood Pressure: 138','SOUTHSIDE REGIONAL MEDICAL CENTER'),(226,'77054 Rowland Pass','Body Temp: 98.4, Heart Rate: 79, Blood Pressure: 143','SANTA CLARA VALLEY MEDICAL CENTER'),(227,'995 Darwin Park','Body Temp: 98.4, Heart Rate: 81, Blood Pressure: 167','WAYNE MEDICAL CENTER'),(228,'65767 Novick Lane','Body Temp: 98.4, Heart Rate: 73, Blood Pressure: 158','PRISMA HEALTH LAURENS COUNTY'),(229,'4669 Gale Court','Body Temp: 98.4, Heart Rate: 74, Blood Pressure: 152','UNIVERSITY MCDUFFIE COUNTY REGIONAL MEDICAL CENTER'),(230,'58 Lawn Court','Body Temp: 98.4, Heart Rate: 84, Blood Pressure: 154','TIMPANOGOS REGIONAL'),(231,'15062 La Follette Drive','Body Temp: 98.5, Heart Rate: 83, Blood Pressure: 161','KERALTY'),(232,'188 Artisan Way','Body Temp: 98.6, Heart Rate: 82, Blood Pressure: 143','BON SECOURS MARYVIEW MEDICAL CENTER'),(233,'8524 Northfield Park','Body Temp: 98.6, Heart Rate: 85, Blood Pressure: 159','SCRIPPS MEMORIAL   LA JOLLA'),(234,'4083 Magdeline Trail','Body Temp: 98.6, Heart Rate: 86, Blood Pressure: 177','SWEDISH EDMONDS'),(235,'861 Magdeline Park','Body Temp: 98.6, Heart Rate: 77, Blood Pressure: 142','LA PALMA INTERCOMMUNITY'),(236,'468 Mendota Circle','Body Temp: 98.7, Heart Rate: 72, Blood Pressure: 152','AUGUSTA HEALTH'),(237,'553 Nancy Crossing','Body Temp: 98.7, Heart Rate: 79, Blood Pressure: 152','THE   AT WESTLAKE MEDICAL CENTER'),(238,'33317 Utah Pass','Body Temp: 98.7, Heart Rate: 59, Blood Pressure: 174','ADVOCATE ILLINOIS MASONIC MEDICAL CENTER'),(239,'0 Tennyson Hill','Body Temp: 98.7, Heart Rate: 64, Blood Pressure: 151','PROMEDICA MONROE REGIONAL'),(240,'3563 5th Terrace','Body Temp: 98.7, Heart Rate: 65, Blood Pressure: 163','INSPIRA MEDICAL CENTER ELMER'),(241,'7 Corben Way','Body Temp: 98.7, Heart Rate: 82, Blood Pressure: 143','SAINT JOHN'),(242,'3 Reinke Way','Body Temp: 98.8, Heart Rate: 64, Blood Pressure: 163','CHRISTUS OCHSNER LAKE AREA'),(243,'393 Dwight Court','Body Temp: 98.8, Heart Rate: 70, Blood Pressure: 153','STEPHENS MEMORIAL'),(244,'0 Monument Way','Body Temp: 98.8, Heart Rate: 83, Blood Pressure: 153','CLAXTON-HEPBURN MEDICAL CENTER'),(245,'75758 Texas Pass','Body Temp: 98.8, Heart Rate: 89, Blood Pressure: 146','SAINT JOSEPH REGIONAL MEDICAL CENTER - PLYMOUTH'),(246,'3186 Banding Pass','Body Temp: 98.8, Heart Rate: 69, Blood Pressure: 150','FAIRBANKS'),(247,'3000 Barby Lane','Body Temp: 98.8, Heart Rate: 73, Blood Pressure: 148','PUTNAM   CENTER'),(248,'881 Spohn Junction','Body Temp: 98.8, Heart Rate: 84, Blood Pressure: 153','MCLEOD MEDICAL CENTER - DILLON'),(249,'82 Corben Avenue','Body Temp: 98.9, Heart Rate: 76, Blood Pressure: 153','UNIVERSITY OF VIRGINIA MEDICAL CENTER'),(250,'779 Emmet Plaza','Body Temp: 99, Heart Rate: 79, Blood Pressure: 158','NASON MEDICAL CENTER LLC'),(251,'90 Lakewood Point','Body Temp: 99, Heart Rate: 81, Blood Pressure: 149','COMMUNITY   OF ANDERSON AND MADISON COUNTY'),(252,'017 Pepper Wood Park','Body Temp: 99.1, Heart Rate: 80, Blood Pressure: 173','KAISER FOUNDATION   - FRESNO'),(253,'166 Clyde Gallagher Street','Body Temp: 99.1, Heart Rate: 74, Blood Pressure: 165','METHODIST'),(254,'1 Milwaukee Pass','Body Temp: 99.2, Heart Rate: 77, Blood Pressure: 145','MERCY   NORTHWEST ARKANSAS'),(255,'83 Schiller Place','Body Temp: 99.2, Heart Rate: 66, Blood Pressure: 143','BAPTIST HEALTH PADUCAH'),(256,'6 Bluejay Point','Body Temp: 99.3, Heart Rate: 68, Blood Pressure: 152','SAINT ROSE DOMINICAN  S - SAN MARTIN CAMPUS'),(257,'07251 Atwood Street','Body Temp: 99.4, Heart Rate: 77, Blood Pressure: 141','SOUTHEAST GEORGIA HEALTH SYSTEM -- CAMDEN CAMPUS'),(258,'2 John Wall Lane','Body Temp: 99.9, Heart Rate: 79, Blood Pressure: 176','FAIRVIEW PARK'),(259,'8 Summer Ridge Place','Body Temp: 100, Heart Rate: 78, Blood Pressure: 143','TERRE HAUTE REGIONAL'),(260,'18383 Dottie Avenue','Body Temp: 100.8, Heart Rate: 77, Blood Pressure: 162','ORANGE COUNTY GLOBAL MEDICAL CENTER'),(261,'56 Commercial Way','Body Temp: 96.3, Heart Rate: 70, Blood Pressure: 149','HOUSTON MEDICAL CENTER'),(262,'8016 Eastwood Pass','Body Temp: 96.7, Heart Rate: 71, Blood Pressure: 156','DUPONT   LLC'),(263,'212 Prairie Rose Street','Body Temp: 96.9, Heart Rate: 74, Blood Pressure: 151','SALT LAKE REGIONAL MEDICAL CENTER'),(264,'86016 Harbort Hill','Body Temp: 97, Heart Rate: 80, Blood Pressure: 159','UNIVERSITY MEDICAL CENTER'),(265,'24 Hazelcrest Way','Body Temp: 97.1, Heart Rate: 73, Blood Pressure: 164','HOLMES REGIONAL MEDICAL CENTER'),(266,'13 Birchwood Lane','Body Temp: 97.1, Heart Rate: 75, Blood Pressure: 154','WETZEL COUNTY'),(267,'00 Mariners Cove Crossing','Body Temp: 97.1, Heart Rate: 82, Blood Pressure: 152','MUSC MEDICAL CENTER'),(268,'62 Dayton Lane','Body Temp: 97.2, Heart Rate: 64, Blood Pressure: 142','REYNOLDS MEMORIAL'),(269,'22 Gale Avenue','Body Temp: 97.3, Heart Rate: 69, Blood Pressure: 162','FLAGET MEMORIAL'),(270,'3389 Badeau Center','Body Temp: 97.4, Heart Rate: 70, Blood Pressure: 155','SHASTA REGIONAL MEDICAL CENTER'),(271,'87895 Mockingbird Crossing','Body Temp: 97.4, Heart Rate: 68, Blood Pressure: 175','WHITE PLAINS   CENTER'),(272,'0976 Stuart Plaza','Body Temp: 97.4, Heart Rate: 72, Blood Pressure: 184','THE MEDICAL CENTER AT ALBANY'),(273,'8590 Old Shore Drive','Body Temp: 97.4, Heart Rate: 78, Blood Pressure: 167','BANNER CASA GRANDE MEDICAL CENTER'),(274,'39944 Arkansas Crossing','Body Temp: 97.5, Heart Rate: 70, Blood Pressure: 148','HIGHLAND COMMUNITY'),(275,'94143 Muir Trail','Body Temp: 97.5, Heart Rate: 75, Blood Pressure: 170','ASCENSION ST JOHN'),(276,'3 Sundown Center','Body Temp: 97.6, Heart Rate: 74, Blood Pressure: 159','VANDERBILT WILSON COUNTY'),(277,'0 Hovde Lane','Body Temp: 97.6, Heart Rate: 69, Blood Pressure: 149','SAINT ANTHONY'),(278,'69284 Meadow Valley Hill','Body Temp: 97.6, Heart Rate: 73, Blood Pressure: 140','COMMUNITY MEMORIAL   SAN BUENAVENTURA'),(279,'70203 Continental Junction','Body Temp: 97.7, Heart Rate: 77, Blood Pressure: 185','COMMUNITY MEMORIAL'),(280,'9 Bonner Street','Body Temp: 97.8, Heart Rate: 58, Blood Pressure: 160','AURORA MEDICAL CTR WASHINGTON COUNTY'),(281,'253 Grayhawk Alley','Body Temp: 97.8, Heart Rate: 73, Blood Pressure: 157','THE   OF CENTRAL CONNECTICUT'),(282,'8 Orin Alley','Body Temp: 97.8, Heart Rate: 65, Blood Pressure: 158','CLARION'),(283,'1 Ronald Regan Parkway','Body Temp: 97.8, Heart Rate: 74, Blood Pressure: 162','SUMMIT HEALTHCARE REGIONAL MEDICAL CENTER'),(284,'8638 Fisk Point','Body Temp: 97.9, Heart Rate: 76, Blood Pressure: 160','MONROE'),(285,'6538 Swallow Lane','Body Temp: 97.9, Heart Rate: 72, Blood Pressure: 180','ASCENSION ST VINCENT FISHERS'),(286,'0 Morning Lane','Body Temp: 98, Heart Rate: 78, Blood Pressure: 155','ASCENSION ST VINCENT EVANSVILLE'),(287,'6 Artisan Trail','Body Temp: 98, Heart Rate: 71, Blood Pressure: 172','FISHER-TITUS'),(288,'5757 Drewry Point','Body Temp: 98, Heart Rate: 74, Blood Pressure: 157','TEXOMA MEDICAL CENTER'),(289,'756 Westend Center','Body Temp: 98, Heart Rate: 67, Blood Pressure: 171','WITHAM HEALTH SERVICES'),(290,'42633 Hanover Court','Body Temp: 98, Heart Rate: 64, Blood Pressure: 170','OCHSNER LAFAYETTE GENERAL MEDICAL CENTER'),(291,'1927 Lien Crossing','Body Temp: 98, Heart Rate: 78, Blood Pressure: 175','ST CATHERINE   INC'),(292,'0136 Northview Road','Body Temp: 98.1, Heart Rate: 73, Blood Pressure: 175','MUSC HEALTH CHESTER MEDICAL CENTER'),(293,'432 Thackeray Court','Body Temp: 98.1, Heart Rate: 67, Blood Pressure: 172','FRANCISCAN HEALTH MICHIGAN CITY'),(294,'55 Waubesa Crossing','Body Temp: 98.2, Heart Rate: 66, Blood Pressure: 173','SAN JOAQUIN GENERAL'),(295,'77 North Junction','Body Temp: 98.2, Heart Rate: 64, Blood Pressure: 170','SAN JUAN REGIONAL MEDICAL CENTER INC'),(296,'7 Crownhardt Plaza','Body Temp: 98.2, Heart Rate: 71, Blood Pressure: 164','KINGWOOD MEDICAL CENTER'),(297,'3 Lakewood Gardens Hill','Body Temp: 98.2, Heart Rate: 72, Blood Pressure: 147','AURORA LAKELAND MEDICAL CENTER'),(298,'8499 Fuller Way','Body Temp: 98.3, Heart Rate: 86, Blood Pressure: 154','CLINTON MEMORIAL'),(299,'246 Erie Street','Body Temp: 98.3, Heart Rate: 72, Blood Pressure: 172','UNITED REGIONAL HEALTH CARE SYSTEM'),(300,'63406 Banding Junction','Body Temp: 98.4, Heart Rate: 68, Blood Pressure: 162','CAYUGA MEDICAL CENTER AT ITHACA'),(301,'20784 Gina Alley','Body Temp: 98.4, Heart Rate: 70, Blood Pressure: 152','KARMANOS CANCER CENTER'),(302,'882 Pond Alley','Body Temp: 98.4, Heart Rate: 82, Blood Pressure: 147','MILFORD REGIONAL MEDICAL CENTER'),(303,'11905 Prentice Way','Body Temp: 98.4, Heart Rate: 84, Blood Pressure: 144','BAPTIST MEMORIAL  -CRITTENDEN INC'),(304,'02486 Almo Drive','Body Temp: 98.5, Heart Rate: 68, Blood Pressure: 144','HCA FLORIDA JFK'),(305,'3 Hoard Place','Body Temp: 98.5, Heart Rate: 71, Blood Pressure: 158','STEWARD ROCKLEDGE'),(306,'2989 Corben Street','Body Temp: 98.6, Heart Rate: 77, Blood Pressure: 147','ORLANDO HEALTH-HEALTH CENTRAL'),(307,'51463 Lake View Lane','Body Temp: 98.6, Heart Rate: 78, Blood Pressure: 154','WARREN GENERAL'),(308,'999 Dovetail Terrace','Body Temp: 98.6, Heart Rate: 83, Blood Pressure: 151','WEST FLORIDA'),(309,'277 Porter Street','Body Temp: 98.6, Heart Rate: 66, Blood Pressure: 149','NORTH SHORE UNIVERSITY'),(310,'353 Charing Cross Drive','Body Temp: 98.6, Heart Rate: 70, Blood Pressure: 138','MURRAY-CALLOWAY COUNTY'),(311,'288 Bashford Point','Body Temp: 98.6, Heart Rate: 82, Blood Pressure: 162','ROBERT PACKER'),(312,'2866 Golf Course Plaza','Body Temp: 98.7, Heart Rate: 73, Blood Pressure: 157','RIO GRANDE REGIONAL'),(313,'0 Hazelcrest Park','Body Temp: 98.7, Heart Rate: 78, Blood Pressure: 141','SURGEONS CHOICE MEDICAL CENTER'),(314,'39 Buena Vista Drive','Body Temp: 98.8, Heart Rate: 78, Blood Pressure: 167','HENNEPIN COUNTY MEDICAL CENTER'),(315,'3 Monterey Park','Body Temp: 98.8, Heart Rate: 81, Blood Pressure: 147','MUNSON HEALTHCARE OTSEGO MEMORIAL'),(316,'5 Lakewood Gardens Avenue','Body Temp: 98.8, Heart Rate: 78, Blood Pressure: 143','ADVENTHEALTH NORTH PINELLAS'),(317,'1339 Holmberg Lane','Body Temp: 98.9, Heart Rate: 80, Blood Pressure: 142','ST JAMES MERCY'),(318,'0 Mosinee Hill','Body Temp: 99, Heart Rate: 75, Blood Pressure: 166','PIEDMONT COLUMBUS REGIONAL NORTHSIDE'),(319,'67779 Del Mar Junction','Body Temp: 99, Heart Rate: 79, Blood Pressure: 147','BETH ISRAEL DEACONESS MEDICAL CENTER'),(320,'590 Stuart Drive','Body Temp: 99, Heart Rate: 81, Blood Pressure: 142','ACMH'),(321,'66347 Ridge Oak Parkway','Body Temp: 99.1, Heart Rate: 71, Blood Pressure: 157','UNIVERSITY  S OF CLEVELAND'),(322,'96078 Bay Street','Body Temp: 99.2, Heart Rate: 83, Blood Pressure: 170','HANCOCK REGIONAL'),(323,'01 Esch Crossing','Body Temp: 99.3, Heart Rate: 63, Blood Pressure: 150','AUBURN  COMMUNITY'),(324,'516 Kropf Lane','Body Temp: 99.4, Heart Rate: 70, Blood Pressure: 150','SHERMAN OAKS'),(325,'06368 Prairie Rose Parkway','Body Temp: 99.5, Heart Rate: 75, Blood Pressure: 167','RUSH UNIVERSITY MEDICAL CENTER'),(326,'5 Delladonna Pass','Body Temp: 96.4, Heart Rate: 69, Blood Pressure: 154','KEARNEY REGIONAL MEDICAL CENTER'),(327,'606 Norway Maple Street','Body Temp: 96.7, Heart Rate: 62, Blood Pressure: 143','BAPTIST NEIGHBORHOOD   THOUSAND OAKS'),(328,'881 Monica Terrace','Body Temp: 96.8, Heart Rate: 75, Blood Pressure: 157','UPMC LITITZ'),(329,'45 Barnett Drive','Body Temp: 97.2, Heart Rate: 66, Blood Pressure: 149','UNIVERSITY  OF KS HLTH SYSTEM GREAT BEND CAMPUS'),(330,'98 Morning Lane','Body Temp: 97.2, Heart Rate: 68, Blood Pressure: 161','ASCENSION ST VINCENT\'S SOUTHSIDE'),(331,'2514 Debs Lane','Body Temp: 97.4, Heart Rate: 57, Blood Pressure: 142','SSM HEALTH ST MARY\'S   - ST LOUIS'),(332,'01332 Sunfield Hill','Body Temp: 97.6, Heart Rate: 61, Blood Pressure: 162','HAWKINS COUNTY MEMORIAL'),(333,'822 Moulton Trail','Body Temp: 97.7, Heart Rate: 84, Blood Pressure: 144','DALE MEDICAL CENTER'),(334,'0354 Melvin Court','Body Temp: 97.7, Heart Rate: 61, Blood Pressure: 142','TEMPLE UNIVERSITY'),(335,'216 Blue Bill Park Crossing','Body Temp: 97.8, Heart Rate: 77, Blood Pressure: 159','SAMARITAN ALBANY GENERAL'),(336,'3161 Mitchell Crossing','Body Temp: 97.8, Heart Rate: 62, Blood Pressure: 140','HARLEM   CENTER'),(337,'8777 Portage Drive','Body Temp: 97.8, Heart Rate: 71, Blood Pressure: 144','ADIRONDACK MEDICAL CENTER - SARANAC LAKE'),(338,'03 Golf Course Court','Body Temp: 97.9, Heart Rate: 68, Blood Pressure: 142','ST MARGARETS'),(339,'85 Truax Trail','Body Temp: 97.9, Heart Rate: 69, Blood Pressure: 145','BAYLOR SCOTT & WHITE MEDICAL CENTER- WAXAHACHIE'),(340,'0592 Eagle Crest Point','Body Temp: 97.9, Heart Rate: 79, Blood Pressure: 145','SAINT JOSEPH EAST'),(341,'92887 Glendale Road','Body Temp: 98, Heart Rate: 76, Blood Pressure: 168','TORRANCE MEMORIAL MEDICAL CENTER'),(342,'4634 Orin Place','Body Temp: 98, Heart Rate: 87, Blood Pressure: 142','THE  S OF PROVIDENCE - EAST CAMPUS'),(343,'6 Truax Alley','Body Temp: 98, Heart Rate: 78, Blood Pressure: 147','UNC LENOIR HEALTH CARE'),(344,'6174 Farmco Parkway','Body Temp: 98, Heart Rate: 73, Blood Pressure: 148','AURORA MEDICAL CENTER KENOSHA'),(345,'85212 American Trail','Body Temp: 98, Heart Rate: 89, Blood Pressure: 162','VALLEY MEDICAL CENTER'),(346,'352 Armistice Center','Body Temp: 98.1, Heart Rate: 81, Blood Pressure: 170','MONUMENT HEALTH RAPID CITY'),(347,'21 Warrior Crossing','Body Temp: 98.2, Heart Rate: 73, Blood Pressure: 173','VALLEYWISE HEALTH MEDICAL CENTER'),(348,'59 Marquette Plaza','Body Temp: 98.2, Heart Rate: 64, Blood Pressure: 151','PECONIC BAY MEDICAL CENTER'),(349,'7 Maryland Crossing','Body Temp: 98.2, Heart Rate: 65, Blood Pressure: 155','MERCY   OKLAHOMA CITY INC'),(350,'9545 Dennis Center','Body Temp: 98.2, Heart Rate: 73, Blood Pressure: 163','NORTHWEST HEALTH - STARKE'),(351,'0 Schmedeman Trail','Body Temp: 98.2, Heart Rate: 69, Blood Pressure: 183','EDWARD W SPARROW'),(352,'01499 Arapahoe Way','Body Temp: 98.2, Heart Rate: 57, Blood Pressure: 159','UNITY PHYSICIANS'),(353,'5 Northfield Point','Body Temp: 98.3, Heart Rate: 79, Blood Pressure: 148','BAPTIST HEALTH LAGRANGE'),(354,'723 Weeping Birch Street','Body Temp: 98.3, Heart Rate: 78, Blood Pressure: 151','NORTHWEST HEALTH PHYSICIANS SPECIALTY'),(355,'1 Transport Center','Body Temp: 98.3, Heart Rate: 80, Blood Pressure: 165','BAPTIST   OF MIAMI'),(356,'7 Dryden Place','Body Temp: 98.4, Heart Rate: 79, Blood Pressure: 152','BEEBE MEDICAL CENTER'),(357,'23123 Helena Road','Body Temp: 98.4, Heart Rate: 81, Blood Pressure: 161','TRISTAR STONECREST MEDICAL CENTER'),(358,'90 Ridgeview Street','Body Temp: 98.4, Heart Rate: 73, Blood Pressure: 165','WATERBURY'),(359,'3648 Bartillon Court','Body Temp: 98.4, Heart Rate: 74, Blood Pressure: 149','ASCENSION VIA CHRISTI   MANHATTAN INC'),(360,'0 Ilene Junction','Body Temp: 98.4, Heart Rate: 84, Blood Pressure: 185','NATIONAL PARK MEDICAL CENTER'),(361,'78706 Rowland Way','Body Temp: 98.5, Heart Rate: 83, Blood Pressure: 153','COMMUNITY FIRST MEDICAL CENTER'),(362,'10860 Ryan Street','Body Temp: 98.6, Heart Rate: 82, Blood Pressure: 170','JOHN T MATHER MEMORIAL    OF PORT JEFFERSON'),(363,'4117 Gulseth Point','Body Temp: 98.6, Heart Rate: 85, Blood Pressure: 168','MEMORIAL   JACKSONVILLE'),(364,'000 Delaware Avenue','Body Temp: 98.6, Heart Rate: 86, Blood Pressure: 142','RARITAN BAY MEDICAL CENTER'),(365,'05 Jay Trail','Body Temp: 98.6, Heart Rate: 77, Blood Pressure: 141','MERCY GENERAL'),(366,'4994 Hayes Circle','Body Temp: 98.7, Heart Rate: 72, Blood Pressure: 147','ORTHOCOLORADO   AT ST ANTHONY MED CAMPUS'),(367,'569 Macpherson Alley','Body Temp: 98.7, Heart Rate: 79, Blood Pressure: 133','GLENDALE ADVENTIST MEDICAL CENTER'),(368,'7 Express Pass','Body Temp: 98.7, Heart Rate: 59, Blood Pressure: 141','DELTA COUNTY MEMORIAL'),(369,'4833 Sunnyside Parkway','Body Temp: 98.7, Heart Rate: 64, Blood Pressure: 131','OCHSNER LSU HEALTH SHREVEPORT'),(370,'468 Manufacturers Street','Body Temp: 98.7, Heart Rate: 65, Blood Pressure: 125','MAINE MEDICAL CENTER'),(371,'69124 Mosinee Park','Body Temp: 98.7, Heart Rate: 82, Blood Pressure: 164','LEXINGTON MEDICAL CENTER'),(372,'3448 Hoard Point','Body Temp: 98.8, Heart Rate: 64, Blood Pressure: 159','KAISER FOUNDATION   - SAN DIEGO'),(373,'4 Moland Terrace','Body Temp: 98.8, Heart Rate: 70, Blood Pressure: 135','DESOTO REGIONAL HEALTH SYSTEM'),(374,'8317 Schmedeman Way','Body Temp: 98.8, Heart Rate: 83, Blood Pressure: 159','PLAINVIEW'),(375,'592 Heffernan Center','Body Temp: 98.8, Heart Rate: 89, Blood Pressure: 153','BAYLOR SCOTT AND WHITE SURGICAL   AT SHERMA'),(376,'14 Evergreen Street','Body Temp: 98.8, Heart Rate: 69, Blood Pressure: 126','MEMORIAL UNIVERSITY MEDICAL CENTER'),(377,'15 Derek Plaza','Body Temp: 98.8, Heart Rate: 73, Blood Pressure: 162','CARLE BROMENN MEDICAL CENTER'),(378,'34 Gerald Avenue','Body Temp: 98.8, Heart Rate: 84, Blood Pressure: 134','MEMORIAL MISSION   AND ASHEVILLE SURGERY CE'),(379,'978 6th Way','Body Temp: 98.9, Heart Rate: 76, Blood Pressure: 136','WEST PENN'),(380,'1 Sutteridge Hill','Body Temp: 99, Heart Rate: 79, Blood Pressure: 150','WELLMONT HOLSTON VALLEY MEDICAL CENTER'),(381,'62 Forest Run Road','Body Temp: 99, Heart Rate: 81, Blood Pressure: 168','NORTHWESTERN MEMORIAL'),(382,'0522 Ryan Road','Body Temp: 99.1, Heart Rate: 80, Blood Pressure: 155','SAINT ROSE DOMINICAN  S - NORTH LAS VEGAS'),(383,'561 3rd Circle','Body Temp: 99.1, Heart Rate: 74, Blood Pressure: 136','ODESSA REGIONAL MEDICAL CENTER'),(384,'0797 Saint Paul Court','Body Temp: 99.2, Heart Rate: 77, Blood Pressure: 132','ADVENTIST HEALTH ST HELENA'),(385,'28 Veith Circle','Body Temp: 99.2, Heart Rate: 66, Blood Pressure: 160','INDIANA REGIONAL MEDICAL CENTER'),(386,'86 Dorton Circle','Body Temp: 99.3, Heart Rate: 68, Blood Pressure: 160','TRINITY MEDICAL CTR EAST &TRINITY MEDICAL CTR WEST'),(387,'877 Milwaukee Crossing','Body Temp: 99.4, Heart Rate: 77, Blood Pressure: 136','MARY WASHINGTON'),(388,'79188 Reinke Pass','Body Temp: 99.9, Heart Rate: 79, Blood Pressure: 183','HENRY FORD ALLEGIANCE HEALTH'),(389,'36 Comanche Circle','Body Temp: 100, Heart Rate: 78, Blood Pressure: 152','CLEVELAND'),(390,'05 Meadow Valley Park','Body Temp: 100.8, Heart Rate: 77, Blood Pressure: 162','PROVIDENCE MISSION'),(391,'0338 Lawn Pass','Body Temp: 96.3, Heart Rate: 70, Blood Pressure: 151','MOUNT SINAI BETH ISRAEL'),(392,'08729 Sundown Lane','Body Temp: 96.7, Heart Rate: 71, Blood Pressure: 139','MOSES TAYLOR'),(393,'02 Oak Valley Alley','Body Temp: 96.9, Heart Rate: 74, Blood Pressure: 175','PUTNAM COMMUNITY MEDICAL CENTER'),(394,'09729 Merchant Street','Body Temp: 97, Heart Rate: 80, Blood Pressure: 184','SOUTH FLORIDA BAPTIST'),(395,'567 School Circle','Body Temp: 97.1, Heart Rate: 73, Blood Pressure: 151','EXCELA HEALTH WESTMORELAND REGIONAL'),(396,'21 Carioca Terrace','Body Temp: 97.1, Heart Rate: 75, Blood Pressure: 171','ELMHURST   CENTER'),(397,'55 Hoard Center','Body Temp: 97.1, Heart Rate: 82, Blood Pressure: 157','ROBERT WOOD JOHNSON UNIVERSITY   AT RAHWAY'),(398,'16 Transport Plaza','Body Temp: 97.2, Heart Rate: 64, Blood Pressure: 159','ADVENTHEALTH REDMOND'),(399,'5 Summerview Court','Body Temp: 97.3, Heart Rate: 69, Blood Pressure: 140','CANDLER'),(400,'3 Bluestem Alley','Body Temp: 97.4, Heart Rate: 70, Blood Pressure: 174','CAPITAL HEALTH REGIONAL MEDICAL CENTER'),(401,'777 Marquette Circle','Body Temp: 97.4, Heart Rate: 68, Blood Pressure: 167','MOUNT SINAI SOUTH NASSAU'),(402,'04545 Center Junction','Body Temp: 97.4, Heart Rate: 72, Blood Pressure: 158','CAROLINA EAST MEDICAL CENTER'),(403,'5967 Service Place','Body Temp: 97.4, Heart Rate: 78, Blood Pressure: 168','UT HEALTH EAST TEXAS ATHENS'),(404,'672 East Park','Body Temp: 97.5, Heart Rate: 70, Blood Pressure: 159','SAN CARLOS APACHE HEALTHCARE CORP'),(405,'55305 Buhler Lane','Body Temp: 97.5, Heart Rate: 75, Blood Pressure: 153','KAISER FOUNDATION  -SAN JOSE'),(406,'0477 Kim Place','Body Temp: 97.6, Heart Rate: 74, Blood Pressure: 164','KERSHAWHEALTH'),(407,'9 North Crossing','Body Temp: 97.6, Heart Rate: 69, Blood Pressure: 169','RANDOLPH'),(408,'4054 Tennessee Avenue','Body Temp: 97.6, Heart Rate: 73, Blood Pressure: 148','LEGACY EMANUEL MEDICAL CENTER'),(409,'286 Bonner Terrace','Body Temp: 97.7, Heart Rate: 77, Blood Pressure: 185','LAKE REGIONAL HEALTH SYSTEM'),(410,'2 Ohio Hill','Body Temp: 97.8, Heart Rate: 58, Blood Pressure: 163','SAINT JOSEPH MOUNT STERLING'),(411,'58775 Pine View Center','Body Temp: 97.8, Heart Rate: 73, Blood Pressure: 146','BERKELEY MEDICAL CENTER'),(412,'383 Sunbrook Lane','Body Temp: 97.8, Heart Rate: 65, Blood Pressure: 160','CEDARS-SINAI MEDICAL CENTER'),(413,'5275 Mariners Cove Park','Body Temp: 97.8, Heart Rate: 74, Blood Pressure: 175','COMMUNITY REGIONAL MEDICAL CENTER'),(414,'1 Golf View Hill','Body Temp: 97.9, Heart Rate: 76, Blood Pressure: 163','PIEDMONT'),(415,'22 Schiller Lane','Body Temp: 97.9, Heart Rate: 72, Blood Pressure: 185','PROVIDENCE'),(416,'570 Park Meadow Court','Body Temp: 98, Heart Rate: 78, Blood Pressure: 146','NORTHSIDE'),(417,'21 Bashford Hill','Body Temp: 98, Heart Rate: 71, Blood Pressure: 176','BAPTIST HEALTH - VAN BUREN'),(418,'51420 Maywood Drive','Body Temp: 98, Heart Rate: 74, Blood Pressure: 147','WELLINGTON REGIONAL MEDICAL CENTER'),(419,'34107 Fairfield Center','Body Temp: 98, Heart Rate: 67, Blood Pressure: 161','ACADIA GENERAL'),(420,'41 Superior Terrace','Body Temp: 98, Heart Rate: 64, Blood Pressure: 164','BAPTIST HEALTH RICHMOND'),(421,'842 Express Avenue','Body Temp: 98, Heart Rate: 78, Blood Pressure: 149','SOUTH SHORE'),(422,'6 Twin Pines Way','Body Temp: 98.1, Heart Rate: 73, Blood Pressure: 142','WEST SUBURBAN MEDICAL CENTER'),(423,'1 Darwin Drive','Body Temp: 98.1, Heart Rate: 67, Blood Pressure: 146','MEDICAL CITY LAS COLINAS'),(424,'6 Sunfield Plaza','Body Temp: 98.2, Heart Rate: 66, Blood Pressure: 138','SPECIALISTS   SHREVEPORT'),(425,'3 6th Way','Body Temp: 98.2, Heart Rate: 64, Blood Pressure: 131','CONFLUENCE HEALTH- WENATCHEE VALLEY'),(426,'1106 Bartelt Plaza','Body Temp: 98.2, Heart Rate: 71, Blood Pressure: 145','ADVENTHEALTH TAMPA'),(427,'46 Muir Junction','Body Temp: 98.2, Heart Rate: 72, Blood Pressure: 134','PENN HIGHLANDS HUNTINGDON'),(428,'224 Forest Dale Way','Body Temp: 98.3, Heart Rate: 86, Blood Pressure: 135','TRINITY ROCK ISLAND'),(429,'2127 Independence Pass','Body Temp: 98.3, Heart Rate: 72, Blood Pressure: 131','LICKING MEMORIAL'),(430,'8 La Follette Road','Body Temp: 98.4, Heart Rate: 68, Blood Pressure: 135','LEWISGALE   MONTGOMERY'),(431,'4 Clemons Avenue','Body Temp: 98.4, Heart Rate: 70, Blood Pressure: 133','IRA DAVENPORT MEMORIAL'),(432,'63 Pawling Pass','Body Temp: 98.4, Heart Rate: 82, Blood Pressure: 135','MCLAREN GREATER LANSING'),(433,'400 Mesta Hill','Body Temp: 98.4, Heart Rate: 84, Blood Pressure: 168','OLYMPIA MEDICAL CENTER'),(434,'95 Sommers Plaza','Body Temp: 98.5, Heart Rate: 68, Blood Pressure: 144','PARKVIEW REGIONAL'),(435,'727 Truax Avenue','Body Temp: 98.5, Heart Rate: 71, Blood Pressure: 147','SANA HEALTHCARE'),(436,'75 Cordelia Alley','Body Temp: 98.6, Heart Rate: 77, Blood Pressure: 151','BELLEVUE   CENTER'),(437,'9 Park Meadow Parkway','Body Temp: 98.6, Heart Rate: 78, Blood Pressure: 149','CORNING'),(438,'441 Eggendart Place','Body Temp: 98.6, Heart Rate: 83, Blood Pressure: 147','KAISER FOUNDATION   - SACRAMENTO'),(439,'11171 Thompson Junction','Body Temp: 98.6, Heart Rate: 66, Blood Pressure: 149','ST. JOSEPH\'S   AND MEDICAL CENTER'),(440,'72790 New Castle Place','Body Temp: 98.6, Heart Rate: 70, Blood Pressure: 135','SPENCER MUNICIPAL'),(441,'6 Clarendon Court','Body Temp: 98.6, Heart Rate: 82, Blood Pressure: 127','KANSAS SURGERY & RECOVERY CENTER'),(442,'1 Harbort Plaza','Body Temp: 98.7, Heart Rate: 73, Blood Pressure: 150','CENTENNIAL HILLS   MEDICAL CENTER'),(443,'933 Eliot Drive','Body Temp: 98.7, Heart Rate: 78, Blood Pressure: 138','THE NEBRASKA MEDICAL CENTER'),(444,'94493 Grasskamp Hill','Body Temp: 98.8, Heart Rate: 78, Blood Pressure: 147','ESSENTIA HEALTH ST MARY\'S MEDICAL CENTER'),(445,'4 Steensland Alley','Body Temp: 98.8, Heart Rate: 81, Blood Pressure: 157','SAN GABRIEL VALLEY MEDICAL CENTER'),(446,'75459 Grover Circle','Body Temp: 98.8, Heart Rate: 78, Blood Pressure: 146','SAINT THOMAS RUTHERFORD'),(447,'3 Jackson Avenue','Body Temp: 98.9, Heart Rate: 80, Blood Pressure: 148','JOHN D ARCHBOLD MEMORIAL'),(448,'254 Charing Cross Hill','Body Temp: 99, Heart Rate: 75, Blood Pressure: 136','JAVON BEA'),(449,'0445 Mosinee Trail','Body Temp: 99, Heart Rate: 79, Blood Pressure: 146','USC VERDUGO HILLS'),(450,'702 Northland Way','Body Temp: 99, Heart Rate: 81, Blood Pressure: 132','MARION GENERAL'),(451,'5490 Kenwood Parkway','Body Temp: 99.1, Heart Rate: 71, Blood Pressure: 145','ST ELIZABETH EDGEWOOD'),(452,'774 Sloan Junction','Body Temp: 99.2, Heart Rate: 83, Blood Pressure: 132','MIDDLESEX'),(453,'59611 Boyd Way','Body Temp: 99.3, Heart Rate: 63, Blood Pressure: 157','BAYLOR SCOTT AND WHITE  MEDICAL CENTER  MCKINNEY'),(454,'1540 Ramsey Street','Body Temp: 99.4, Heart Rate: 70, Blood Pressure: 140','GULF COAST REGIONAL MEDICAL CENTER'),(455,'22 La Follette Alley','Body Temp: 99.5, Heart Rate: 75, Blood Pressure: 137','MERCY   JEFFERSON'),(456,'035 Aberg Street','Body Temp: 96.4, Heart Rate: 69, Blood Pressure: 154','M HEALTH FAIRVIEW WOODWINDS'),(457,'4 Cambridge Parkway','Body Temp: 96.7, Heart Rate: 62, Blood Pressure: 169','EAMC-LANIER'),(458,'69641 Nelson Hill','Body Temp: 96.8, Heart Rate: 75, Blood Pressure: 145','ENGLEWOOD   AND MEDICAL CENTER'),(459,'29 Sycamore Street','Body Temp: 97.2, Heart Rate: 66, Blood Pressure: 137','SONOMA VALLEY'),(460,'6513 Goodland Trail','Body Temp: 97.2, Heart Rate: 68, Blood Pressure: 143','LINCOLN MEDICAL CENTER'),(461,'165 Quincy Terrace','Body Temp: 97.4, Heart Rate: 57, Blood Pressure: 178','SOUTHERN TENNESSEE REGIONAL HLTH SYSTEM WINCHESTER'),(462,'5529 Golden Leaf Trail','Body Temp: 97.6, Heart Rate: 61, Blood Pressure: 141','CLAY COUNTY'),(463,'75 Cardinal Parkway','Body Temp: 97.7, Heart Rate: 84, Blood Pressure: 149','HILLCREST   PRYOR'),(464,'9 Lakeland Hill','Body Temp: 97.7, Heart Rate: 61, Blood Pressure: 148','OUR LADY OF THE ANGELS'),(465,'7633 Fordem Road','Body Temp: 97.8, Heart Rate: 77, Blood Pressure: 138','ATLANTICARE REGIONAL MEDICAL CENTER - CITY CAMPUS'),(466,'9191 Butterfield Street','Body Temp: 97.8, Heart Rate: 62, Blood Pressure: 143','SAINT THOMAS HIGHLANDS'),(467,'15519 Kim Road','Body Temp: 97.8, Heart Rate: 71, Blood Pressure: 167','WASHINGTON HEALTH SYSTEM GREENE'),(468,'284 Pennsylvania Point','Body Temp: 97.9, Heart Rate: 68, Blood Pressure: 158','MCLAREN FLINT'),(469,'85 Hanson Hill','Body Temp: 97.9, Heart Rate: 69, Blood Pressure: 152','TEXAS HEALTH HUGULEY   FORT WORTH SOUTH'),(470,'6341 Anniversary Way','Body Temp: 97.9, Heart Rate: 79, Blood Pressure: 154','ST. VINCENT\'S EAST'),(471,'8 Lakeland Way','Body Temp: 98, Heart Rate: 76, Blood Pressure: 161','MEDICAL CITY FORT WORTH'),(472,'6395 Mcbride Road','Body Temp: 98, Heart Rate: 87, Blood Pressure: 143','MERCY HEALTH SYSTEM CORP'),(473,'7 Delladonna Park','Body Temp: 98, Heart Rate: 78, Blood Pressure: 159','THREE RIVERS HEALTH'),(474,'8 Goodland Crossing','Body Temp: 98, Heart Rate: 73, Blood Pressure: 177','LAREDO MEDICAL CENTER'),(475,'45 Sugar Parkway','Body Temp: 98, Heart Rate: 89, Blood Pressure: 142','ST MARYS MEDICAL CENTER'),(476,'402 La Follette Drive','Body Temp: 98.1, Heart Rate: 81, Blood Pressure: 152','KING\'S DAUGHTERS\' MEDICAL CENTER'),(477,'3193 Fisk Pass','Body Temp: 98.2, Heart Rate: 73, Blood Pressure: 152','HOLY REDEEMER   AND MEDICAL CENTER'),(478,'0849 Bowman Way','Body Temp: 98.2, Heart Rate: 64, Blood Pressure: 174','ALOMERE HEALTH'),(479,'82 Northland Circle','Body Temp: 98.2, Heart Rate: 65, Blood Pressure: 151','DECATUR MEMORIAL'),(480,'54127 Manufacturers Plaza','Body Temp: 98.2, Heart Rate: 73, Blood Pressure: 163','ST JOSEPHS'),(481,'8997 Sundown Point','Body Temp: 98.2, Heart Rate: 69, Blood Pressure: 143','ANDALUSIA HEALTH'),(482,'5 5th Drive','Body Temp: 98.2, Heart Rate: 57, Blood Pressure: 163','BARSTOW COMMUNITY'),(483,'61789 Burning Wood Terrace','Body Temp: 98.3, Heart Rate: 79, Blood Pressure: 153','ST JOSEPH\'S'),(484,'24660 Novick Avenue','Body Temp: 98.3, Heart Rate: 78, Blood Pressure: 153','SOUTH MIAMI'),(485,'8241 Harbort Place','Body Temp: 98.3, Heart Rate: 80, Blood Pressure: 146','PROVIDENCE CEDARS SINAI TARZANA MEDICAL CENTER'),(486,'341 Ryan Plaza','Body Temp: 98.4, Heart Rate: 79, Blood Pressure: 150','SSM HEALTH ST. FRANCIS  - MARYVILLE'),(487,'7 Bluejay Lane','Body Temp: 98.4, Heart Rate: 81, Blood Pressure: 148','GREAT FALLS'),(488,'25170 Declaration Trail','Body Temp: 98.4, Heart Rate: 73, Blood Pressure: 153','ST JOHNS REGIONAL MEDICAL CENTER'),(489,'7 Bellgrove Lane','Body Temp: 98.4, Heart Rate: 74, Blood Pressure: 153','METHODIST MIDLOTHIAN MEDICAL CENTER'),(490,'79 Walton Alley','Body Temp: 98.4, Heart Rate: 84, Blood Pressure: 158','CASCADE VALLEY'),(491,'578 Bluejay Lane','Body Temp: 98.5, Heart Rate: 83, Blood Pressure: 149','CARLE RICHLAND MEMORIAL'),(492,'81 Farwell Junction','Body Temp: 98.6, Heart Rate: 82, Blood Pressure: 173','NASH GENERAL'),(493,'13 Becker Trail','Body Temp: 98.6, Heart Rate: 85, Blood Pressure: 165','ST JOHN\'S EPISCOPAL   AT SOUTH SHORE'),(494,'1 Declaration Plaza','Body Temp: 98.6, Heart Rate: 86, Blood Pressure: 145','MEMORIAL   OF CARBONDALE'),(495,'38486 Thompson Crossing','Body Temp: 98.6, Heart Rate: 77, Blood Pressure: 143','HCA FLORIDA NORTHWEST'),(496,'6 Norway Maple Pass','Body Temp: 98.7, Heart Rate: 72, Blood Pressure: 152','TUCSON MEDICAL CENTER'),(497,'04156 Dixon Trail','Body Temp: 98.7, Heart Rate: 79, Blood Pressure: 141','PARKVIEW COMMUNITY   MEDICAL CENTER'),(498,'695 John Wall Court','Body Temp: 98.7, Heart Rate: 59, Blood Pressure: 176','MENA REGIONAL HEALTH SYSTEM'),(499,'6 Iowa Center','Body Temp: 98.7, Heart Rate: 64, Blood Pressure: 143','WILSON N JONES REGIONAL MEDICAL CENTER'),(500,'25 Killdeer Parkway','Body Temp: 98.7, Heart Rate: 65, Blood Pressure: 162','DEBORAH HEART AND LUNG CENTER'),(501,'7 Dawn Court','Body Temp: 98.7, Heart Rate: 82, Blood Pressure: 149','MERCY   ST LOUIS'),(502,'8 Columbus Plaza','Body Temp: 98.8, Heart Rate: 64, Blood Pressure: 156','PLACENTIA LINDA'),(503,'32355 Oak Valley Junction','Body Temp: 98.8, Heart Rate: 70, Blood Pressure: 151','CAPE CORAL'),(504,'5378 Dexter Plaza','Body Temp: 98.8, Heart Rate: 83, Blood Pressure: 159','JENNINGS AMERICAN LEGION'),(505,'0905 Anhalt Point','Body Temp: 98.8, Heart Rate: 89, Blood Pressure: 164','TEXAS HEALTH PRESBYTERIAN   DALLAS'),(506,'85351 Ridgeway Crossing','Body Temp: 98.8, Heart Rate: 69, Blood Pressure: 154','DEKALB REGIONAL MEDICAL CENTER'),(507,'025 Waxwing Court','Body Temp: 98.8, Heart Rate: 73, Blood Pressure: 152','OKLAHOMA STATE UNIVERSITY MEDICAL CENTER'),(508,'909 Paget Pass','Body Temp: 98.8, Heart Rate: 84, Blood Pressure: 142','LAGUNA HONDA   & REHABILITATION CENTER'),(509,'54676 Dakota Road','Body Temp: 98.9, Heart Rate: 76, Blood Pressure: 162','KENMORE MERCY'),(510,'03 Anhalt Park','Body Temp: 99, Heart Rate: 79, Blood Pressure: 155','MCCULLOUGH-HYDE MEMORIAL'),(511,'9 Roxbury Place','Body Temp: 99, Heart Rate: 81, Blood Pressure: 175','FAULKNER  -BRIGHAM AND WOMEN\'S'),(512,'718 Cottonwood Crossing','Body Temp: 99.1, Heart Rate: 80, Blood Pressure: 184','SPRINGHILL MEDICAL CENTER'),(513,'49482 Shelley Point','Body Temp: 99.1, Heart Rate: 74, Blood Pressure: 167','ST FRANCIS MEDICAL CENTER'),(514,'50096 Evergreen Alley','Body Temp: 99.2, Heart Rate: 77, Blood Pressure: 148','EXETER   INC'),(515,'91302 Blaine Crossing','Body Temp: 99.2, Heart Rate: 66, Blood Pressure: 170','WELLSTAR KENNESTONE'),(516,'8938 Comanche Point','Body Temp: 99.3, Heart Rate: 68, Blood Pressure: 159','LEGACY GOOD SAMARITAN MEDICAL CENTER'),(517,'935 Eggendart Point','Body Temp: 99.4, Heart Rate: 77, Blood Pressure: 149','SMYTH COUNTY COMMUNITY'),(518,'6610 Utah Park','Body Temp: 99.9, Heart Rate: 79, Blood Pressure: 140','NATHAN LITTAUER'),(519,'921 Gale Drive','Body Temp: 100, Heart Rate: 78, Blood Pressure: 185','LEGACY MOUNT HOOD MEDICAL CENTER'),(520,'353 Farragut Circle','Body Temp: 100.8, Heart Rate: 77, Blood Pressure: 160','GUNDERSEN LUTHERAN MEDICAL CENTER'),(521,'225 Victoria Lane','Body Temp: 96.3, Heart Rate: 70, Blood Pressure: 157','NORTH VISTA'),(522,'88957 Esch Place','Body Temp: 96.7, Heart Rate: 71, Blood Pressure: 158','ATRIUM HEALTH CLEVELAND'),(523,'7558 Hovde Hill','Body Temp: 96.9, Heart Rate: 74, Blood Pressure: 162','UNIVERSITY HEALTH LAKEWOOD MEDICAL CENTER'),(524,'277 Farmco Hill','Body Temp: 97, Heart Rate: 80, Blood Pressure: 160','ASCENSION SETON NORTHWEST'),(525,'70141 Lake View Pass','Body Temp: 97.1, Heart Rate: 73, Blood Pressure: 180','MERCY MEDICAL CENTER'),(526,'053 Melvin Trail','Body Temp: 97.1, Heart Rate: 75, Blood Pressure: 155','MAYO'),(527,'2 Arizona Terrace','Body Temp: 97.1, Heart Rate: 82, Blood Pressure: 172','ROBERT WOOD JOHNSON UNIVERSITY'),(528,'8749 Marcy Circle','Body Temp: 97.2, Heart Rate: 64, Blood Pressure: 157','ADVENTHEALTH OTTAWA'),(529,'26 Lawn Crossing','Body Temp: 97.3, Heart Rate: 69, Blood Pressure: 171','PARKVIEW NOBLE'),(530,'21324 Shoshone Road','Body Temp: 97.4, Heart Rate: 70, Blood Pressure: 170','HERITAGE VALLEY SEWICKLEY'),(531,'008 Continental Place','Body Temp: 97.4, Heart Rate: 68, Blood Pressure: 175','DOCTORS   AT RENAISSANCE'),(532,'9 Derek Terrace','Body Temp: 97.4, Heart Rate: 72, Blood Pressure: 175','KAISER FOUNDATION   - SAN FRANCISCO'),(533,'0 Browning Street','Body Temp: 97.4, Heart Rate: 78, Blood Pressure: 172','UPMC LOCK HAVEN'),(534,'8 Hoard Lane','Body Temp: 97.5, Heart Rate: 70, Blood Pressure: 173','ST MARY\'S GENERAL'),(535,'975 Birchwood Drive','Body Temp: 97.5, Heart Rate: 75, Blood Pressure: 170','CJW MEDICAL CENTER'),(536,'58 Pond Parkway','Body Temp: 97.6, Heart Rate: 74, Blood Pressure: 164','VALLEY PRESBYTERIAN'),(537,'006 Thackeray Avenue','Body Temp: 97.6, Heart Rate: 69, Blood Pressure: 147','LAHEY   & MEDICAL CENTER BURLINGTON'),(538,'5973 Vahlen Road','Body Temp: 97.6, Heart Rate: 73, Blood Pressure: 154','VIRTUA MEMORIAL   OF BURLINGTON COUNTY'),(539,'64 Barby Alley','Body Temp: 97.7, Heart Rate: 77, Blood Pressure: 172','MERCY HEALTH - CLERMONT'),(540,'83929 Bashford Pass','Body Temp: 97.8, Heart Rate: 58, Blood Pressure: 162','GULF BREEZE'),(541,'7422 Rieder Road','Body Temp: 97.8, Heart Rate: 73, Blood Pressure: 152','HOLLYWOOD PRESBYTERIAN MEDICAL CENTER'),(542,'5688 North Way','Body Temp: 97.8, Heart Rate: 65, Blood Pressure: 147','PHYSICIANS REGIONAL MEDICAL CENTER - PINE RIDGE'),(543,'2 Canary Lane','Body Temp: 97.8, Heart Rate: 74, Blood Pressure: 144','CHRISTUS SPOHN   BEEVILLE'),(544,'576 Iowa Drive','Body Temp: 97.9, Heart Rate: 76, Blood Pressure: 144','PRISMA HEALTH BAPTIST PARKRIDGE'),(545,'27637 Esker Avenue','Body Temp: 97.9, Heart Rate: 72, Blood Pressure: 158','GERALD CHAMPION REGIONAL MEDICAL CENTER'),(546,'72217 Bartelt Terrace','Body Temp: 98, Heart Rate: 78, Blood Pressure: 147','SCOTLAND MEMORIAL'),(547,'78 Eagan Road','Body Temp: 98, Heart Rate: 71, Blood Pressure: 154','HAYS MEDICAL CENTER'),(548,'8 Twin Pines Trail','Body Temp: 98, Heart Rate: 74, Blood Pressure: 151','SALEM MEDICAL CENTER'),(549,'532 Arapahoe Point','Body Temp: 98, Heart Rate: 67, Blood Pressure: 149','PAMPA REGIONAL MEDICAL CENTER'),(550,'91 Badeau Center','Body Temp: 98, Heart Rate: 64, Blood Pressure: 138','METHODIST CHARLTON MEDICAL CENTER'),(551,'529 Pankratz Place','Body Temp: 98, Heart Rate: 78, Blood Pressure: 162','JERSEY COMMUNITY'),(552,'4108 Gateway Circle','Body Temp: 98.1, Heart Rate: 73, Blood Pressure: 157','HILL   OF SUMTER COUNTY'),(553,'060 Carioca Place','Body Temp: 98.1, Heart Rate: 67, Blood Pressure: 141','CHI ST LUKES HEALTH MEMORIAL LUFKIN'),(554,'7133 Atwood Court','Body Temp: 98.2, Heart Rate: 66, Blood Pressure: 167','GRAHAM REGIONAL MEDICAL CENTER'),(555,'84 Dawn Road','Body Temp: 98.2, Heart Rate: 64, Blood Pressure: 147','CHRISTUS SOUTHEAST TEXAS- ST ELIZABETH'),(556,'187 Roth Alley','Body Temp: 98.2, Heart Rate: 71, Blood Pressure: 143','SSM ST JOSEPH   WEST'),(557,'23 Fordem Avenue','Body Temp: 98.2, Heart Rate: 72, Blood Pressure: 142','PRESBYTERIAN SANTA FE MEDICAL CENTER'),(558,'9 Ridge Oak Circle','Body Temp: 98.3, Heart Rate: 86, Blood Pressure: 166','COMMUNITY'),(559,'13516 Jana Plaza','Body Temp: 98.3, Heart Rate: 72, Blood Pressure: 147','PRISMA HEALTH TUOMEY'),(560,'239 Sunbrook Road','Body Temp: 98.4, Heart Rate: 68, Blood Pressure: 142','DELL SETON  MED CENTER AT THE UNIVERSITY OF TX'),(561,'07111 Sundown Junction','Body Temp: 98.4, Heart Rate: 70, Blood Pressure: 157','MERCYONE DES MOINES MEDICAL CENTER'),(562,'584 Knutson Way','Body Temp: 98.4, Heart Rate: 82, Blood Pressure: 170','HCA HOUSTON HEALTHCARE WEST'),(563,'3999 Dixon Center','Body Temp: 98.4, Heart Rate: 84, Blood Pressure: 150','EL CAMINO'),(564,'858 Caliangt Lane','Body Temp: 98.5, Heart Rate: 68, Blood Pressure: 150','INOVA ALEXANDRIA'),(565,'04 Scott Place','Body Temp: 98.5, Heart Rate: 71, Blood Pressure: 167','PALI MOMI MEDICAL CENTER'),(566,'4 North Center','Body Temp: 98.6, Heart Rate: 77, Blood Pressure: 154','WELLSPAN YORK'),(567,'0788 Oriole Pass','Body Temp: 98.6, Heart Rate: 78, Blood Pressure: 143','TRIDENT MEDICAL CENTER'),(568,'541 Maryland Park','Body Temp: 98.6, Heart Rate: 83, Blood Pressure: 157','HOUSTON PHYSICIANS\''),(569,'330 Stoughton Plaza','Body Temp: 98.6, Heart Rate: 66, Blood Pressure: 149','ST DAVID\'S SOUTH AUSTIN MEDICAL CENTER'),(570,'400 Fisk Center','Body Temp: 98.6, Heart Rate: 70, Blood Pressure: 161','HILLCREST MEDICAL CENTER'),(571,'66 Huxley Hill','Body Temp: 98.6, Heart Rate: 82, Blood Pressure: 142','TENNOVA HEALTH CARE-CLEVELAND'),(572,'3125 Kenwood Way','Body Temp: 98.7, Heart Rate: 73, Blood Pressure: 162','AURORA MEDICAL CENTER - SUMMIT'),(573,'55599 Scofield Pass','Body Temp: 98.7, Heart Rate: 78, Blood Pressure: 144','SUBURBAN COMMUNITY'),(574,'3313 Warrior Crossing','Body Temp: 98.8, Heart Rate: 78, Blood Pressure: 142','BAPTIST MEMORIAL   BOONEVILLE'),(575,'29124 Maywood Avenue','Body Temp: 98.8, Heart Rate: 81, Blood Pressure: 159','JOHN MUIR MEDICAL CENTER - CONCORD CAMPUS'),(576,'6 Melvin Road','Body Temp: 98.8, Heart Rate: 78, Blood Pressure: 140','THE MEDICAL CENTER OF SOUTHEAST TEXAS'),(577,'7494 Grayhawk Terrace','Body Temp: 98.9, Heart Rate: 80, Blood Pressure: 144','ST LUKE\'S   - ANDERSON CAMPUS'),(578,'3100 School Road','Body Temp: 99, Heart Rate: 75, Blood Pressure: 142','EAST OHIO REGIONAL'),(579,'86 Rutledge Circle','Body Temp: 99, Heart Rate: 79, Blood Pressure: 145','RUSSELL COUNTY'),(580,'93 Holy Cross Place','Body Temp: 99, Heart Rate: 81, Blood Pressure: 145','MUSC HEALTH FLORENCE MEDICAL CENTER'),(581,'6553 Merchant Parkway','Body Temp: 99.1, Heart Rate: 71, Blood Pressure: 168','TISHOMINGO HEALTH SERVICES INC'),(582,'4875 Fieldstone Junction','Body Temp: 99.2, Heart Rate: 83, Blood Pressure: 142','CAPITAL REGION MEDICAL CENTER'),(583,'53677 Sycamore Street','Body Temp: 99.3, Heart Rate: 63, Blood Pressure: 147','NORTHERN MONTANA'),(584,'4 Eastwood Crossing','Body Temp: 99.4, Heart Rate: 70, Blood Pressure: 148','METROPOLITAN   CENTER'),(585,'4384 Menomonie Avenue','Body Temp: 99.5, Heart Rate: 75, Blood Pressure: 162','WAYNE GENERAL'),(586,'2 Namekagon Court','Body Temp: 96.4, Heart Rate: 69, Blood Pressure: 170','CARY MEDICAL CENTER'),(587,'13 Chive Alley','Body Temp: 96.7, Heart Rate: 62, Blood Pressure: 173','JENNIE STUART MEDICAL CENTER'),(588,'6 Schurz Alley','Body Temp: 96.8, Heart Rate: 75, Blood Pressure: 151','KAISER FOUNDATION   - WALNUT CREEK'),(589,'2 Claremont Lane','Body Temp: 97.2, Heart Rate: 66, Blood Pressure: 155','BAYSTATE WING'),(590,'40 Hooker Park','Body Temp: 97.2, Heart Rate: 68, Blood Pressure: 163','JERSEY CITY MEDICAL CENTER'),(591,'2125 Kingsford Crossing','Body Temp: 97.4, Heart Rate: 57, Blood Pressure: 183','VIDANT ROANOKE CHOWAN'),(592,'124 Arkansas Park','Body Temp: 97.6, Heart Rate: 61, Blood Pressure: 159','AVAIL   LAKE CHARLES'),(593,'8 Lighthouse Bay Pass','Body Temp: 97.7, Heart Rate: 84, Blood Pressure: 148','SUNY/STONY BROOK UNIVERSITY'),(594,'19 Derek Place','Body Temp: 97.7, Heart Rate: 61, Blood Pressure: 151','CANONSBURG GENERAL'),(595,'4423 Cordelia Trail','Body Temp: 97.8, Heart Rate: 77, Blood Pressure: 165','BAPTIST HEALTH LOUISVILLE'),(596,'80 American Ash Center','Body Temp: 97.8, Heart Rate: 62, Blood Pressure: 152','REID HEALTH'),(597,'1277 Express Point','Body Temp: 97.8, Heart Rate: 71, Blood Pressure: 161','ST MARY CORWIN MED CTR CENTURA HEALTH'),(598,'0402 Hoepker Plaza','Body Temp: 97.9, Heart Rate: 68, Blood Pressure: 165','ASPIRUS WAUSAU'),(599,'18 Dixon Way','Body Temp: 97.9, Heart Rate: 69, Blood Pressure: 149','BOONE   CENTER'),(600,'81 Sachtjen Drive','Body Temp: 97.9, Heart Rate: 79, Blood Pressure: 185','UPMC ALTOONA'),(601,'05 Shopko Court','Body Temp: 98, Heart Rate: 76, Blood Pressure: 153','LEE\'S SUMMIT MEDICAL CENTER'),(602,'46 Dixon Hill','Body Temp: 98, Heart Rate: 87, Blood Pressure: 170','MISSOURI BAPTIST MEDICAL CENTER');
/*!40000 ALTER TABLE `institution` ENABLE KEYS */;
UNLOCK TABLES;

--
-- Table structure for table `insurance`
--

DROP TABLE IF EXISTS `insurance`;
/*!40101 SET @saved_cs_client     = @@character_set_client */;
/*!50503 SET character_set_client = utf8mb4 */;
CREATE TABLE `insurance` (
  `PayKey` int NOT NULL AUTO_INCREMENT,
  `PhoneNumber` varchar(80) DEFAULT NULL,
  `InsuranceType` varchar(80) DEFAULT NULL,
  `NameOfInsurance` varchar(80) DEFAULT NULL,
  `AmountOff` decimal(4,2) DEFAULT NULL,
  PRIMARY KEY (`PayKey`),
  CONSTRAINT `insurance_ibfk_1` FOREIGN KEY (`PayKey`) REFERENCES `payment` (`PayKey`)
) ENGINE=InnoDB AUTO_INCREMENT=201 DEFAULT CHARSET=utf8mb4 COLLATE=utf8mb4_0900_ai_ci;
/*!40101 SET character_set_client = @saved_cs_client */;

--
-- Dumping data for table `insurance`
--

LOCK TABLES `insurance` WRITE;
/*!40000 ALTER TABLE `insurance` DISABLE KEYS */;
INSERT INTO `insurance` VALUES (1,'163-748-9632','HMO','Aetna',44.55),(2,'843-422-3134','HMO','United Healthcare',32.80),(3,'486-426-7170','HMO','Cigna Healthcare',46.81),(4,'708-335-1068','HMO','United Healthcares',55.59),(5,'441-833-5765','PPO','Blue Cross Blue Shield',79.42),(6,'786-877-1339','HMO','Molina Healthcare',27.08),(7,'542-429-7017','PPO','Molina Healthcare',1.44),(8,'770-776-4910','PPO','Molina Healthcare',20.03),(9,'783-929-9387','PPO','Blue Cross Blue Shield',4.83),(10,'372-628-7840','PPO','Molina Healthcare',57.52),(11,'695-601-5621','PPO','United Healthcares',78.36),(12,'145-338-4064','HMO','Molina Healthcare',36.49),(13,'217-227-1823','HMO','Aetna',44.45),(14,'444-425-4949','HMO','United Healthcare',79.74),(15,'562-332-5523','HMO','United Healthcares',17.46),(16,'982-916-5123','PPO','United Healthcares',75.56),(17,'682-279-3984','HMO','Aetna',16.70),(18,'832-626-3509','PPO','Cigna Healthcare',4.11),(19,'872-381-9031','HMO','Cigna Healthcare',53.63),(20,'981-179-3178','PPO','Molina Healthcare',62.50),(21,'840-798-0791','PPO','United Healthcares',36.93),(22,'122-353-6876','PPO','Aetna',73.16),(23,'584-784-8725','PPO','Cigna Healthcare',37.88),(24,'738-221-5096','PPO','Blue Cross Blue Shield',11.46),(25,'359-558-1189','HMO','United Healthcare',66.36),(26,'685-133-6703','HMO','United Healthcares',57.01),(27,'754-852-3095','HMO','Molina Healthcare',64.89),(28,'166-694-5553','PPO','Molina Healthcare',69.04),(29,'330-413-3020','HMO','Blue Cross Blue Shield',41.98),(30,'539-225-6378','PPO','Aetna',56.45),(31,'832-152-3126','PPO','United Healthcare',9.06),(32,'600-246-8227','PPO','United Healthcares',46.67),(33,'632-499-2619','HMO','Cigna Healthcare',46.45),(34,'827-402-5890','HMO','United Healthcares',3.95),(35,'907-901-5282','PPO','Aetna',49.56),(36,'932-814-7344','HMO','Molina Healthcare',64.60),(37,'646-505-0882','HMO','Aetna',64.38),(38,'881-180-7322','HMO','United Healthcares',22.77),(39,'805-254-0496','PPO','Blue Cross Blue Shield',68.34),(40,'891-800-2104','HMO','Aetna',44.06),(41,'940-348-1641','PPO','United Healthcare',79.47),(42,'995-411-2240','PPO','United Healthcares',4.47),(43,'405-570-5158','HMO','Blue Cross Blue Shield',43.30),(44,'543-845-7528','PPO','Cigna Healthcare',27.47),(45,'228-136-4033','HMO','Blue Cross Blue Shield',62.54),(46,'380-535-6855','PPO','Molina Healthcare',61.39),(47,'634-762-4463','HMO','United Healthcare',37.28),(48,'939-635-7145','PPO','Cigna Healthcare',53.23),(49,'745-174-6573','HMO','United Healthcare',7.45),(50,'629-988-0602','PPO','United Healthcares',46.42),(51,'893-309-8112','PPO','Molina Healthcare',45.68),(52,'256-695-8739','PPO','United Healthcare',4.65),(53,'157-729-7672','PPO','Molina Healthcare',38.28),(54,'195-932-9161','PPO','Aetna',33.17),(55,'732-280-1200','HMO','United Healthcare',15.32),(56,'609-474-9926','HMO','Molina Healthcare',14.16),(57,'784-948-9327','PPO','United Healthcare',5.09),(58,'528-584-6154','HMO','United Healthcare',13.66),(59,'788-266-0470','PPO','Aetna',37.16),(60,'860-833-8597','HMO','Aetna',37.78),(61,'452-967-2031','PPO','Blue Cross Blue Shield',55.57),(62,'810-208-2206','PPO','United Healthcares',67.08),(63,'630-468-5985','PPO','United Healthcare',50.83),(64,'931-736-5283','HMO','Molina Healthcare',51.64),(65,'580-501-1850','PPO','United Healthcares',70.04),(66,'182-624-7980','HMO','Cigna Healthcare',23.98),(67,'536-557-2093','HMO','Aetna',11.66),(68,'963-321-0841','HMO','United Healthcares',17.50),(69,'927-284-4645','HMO','Aetna',61.29),(70,'786-280-0849','HMO','Blue Cross Blue Shield',24.30),(71,'303-473-7512','PPO','Blue Cross Blue Shield',34.69),(72,'458-945-4422','PPO','United Healthcares',29.50),(73,'255-648-3820','HMO','Molina Healthcare',25.18),(74,'690-526-9613','PPO','United Healthcares',66.53),(75,'514-579-1041','PPO','Aetna',17.47),(76,'643-799-5704','HMO','United Healthcares',14.15),(77,'724-917-2938','PPO','Molina Healthcare',40.01),(78,'712-123-7594','HMO','Cigna Healthcare',8.38),(79,'399-860-3295','HMO','United Healthcare',32.97),(80,'910-993-5057','PPO','Blue Cross Blue Shield',46.79),(81,'254-506-8153','HMO','Aetna',41.85),(82,'135-533-9808','HMO','Cigna Healthcare',30.79),(83,'705-398-5267','PPO','United Healthcare',35.33),(84,'488-753-7462','PPO','United Healthcare',18.67),(85,'396-212-8168','PPO','Molina Healthcare',74.27),(86,'159-315-0585','HMO','Aetna',14.88),(87,'264-989-2805','HMO','Blue Cross Blue Shield',36.51),(88,'134-333-9970','HMO','United Healthcare',49.47),(89,'109-465-3143','PPO','United Healthcares',21.32),(90,'319-709-1902','PPO','Molina Healthcare',53.88),(91,'651-344-3046','PPO','United Healthcares',26.52),(92,'637-137-8780','HMO','Molina Healthcare',32.66),(93,'103-737-6367','PPO','Blue Cross Blue Shield',80.00),(94,'415-644-8546','HMO','Blue Cross Blue Shield',48.66),(95,'300-167-0764','HMO','Cigna Healthcare',73.55),(96,'627-240-6773','PPO','Cigna Healthcare',19.46),(97,'837-297-7014','PPO','Cigna Healthcare',25.90),(98,'912-141-5878','PPO','Molina Healthcare',67.29),(99,'177-455-9989','HMO','Aetna',48.78),(100,'477-492-6828','HMO','United Healthcare',27.71),(101,'493-644-7292','HMO','United Healthcare',7.22),(102,'464-566-6908','HMO','Molina Healthcare',73.02),(103,'115-307-2585','PPO','United Healthcare',21.29),(104,'915-865-1756','PPO','Blue Cross Blue Shield',39.94),(105,'221-219-5444','PPO','Cigna Healthcare',13.92),(106,'168-520-1766','HMO','Aetna',76.95),(107,'948-804-5645','PPO','Cigna Healthcare',78.07),(108,'557-574-9238','HMO','Blue Cross Blue Shield',66.50),(109,'962-531-2820','PPO','Aetna',70.74),(110,'864-694-7803','HMO','Aetna',68.87),(111,'380-763-2711','HMO','United Healthcare',73.81),(112,'360-926-1112','HMO','Aetna',16.98),(113,'241-739-5700','HMO','United Healthcares',72.15),(114,'221-372-6291','PPO','United Healthcares',20.05),(115,'780-503-7331','HMO','Aetna',56.24),(116,'471-530-4296','HMO','Blue Cross Blue Shield',35.82),(117,'165-933-0493','PPO','Blue Cross Blue Shield',27.16),(118,'257-902-6131','HMO','United Healthcare',40.67),(119,'646-771-7654','PPO','Cigna Healthcare',40.93),(120,'270-388-6815','PPO','Cigna Healthcare',15.34),(121,'419-250-7359','HMO','Molina Healthcare',61.55),(122,'398-748-3001','HMO','Blue Cross Blue Shield',55.58),(123,'324-871-0918','HMO','Aetna',65.45),(124,'576-325-4883','HMO','Aetna',30.94),(125,'773-439-9446','HMO','Cigna Healthcare',77.04),(126,'406-192-9102','HMO','United Healthcare',48.35),(127,'787-767-5474','PPO','Cigna Healthcare',17.44),(128,'318-800-8276','PPO','Cigna Healthcare',9.78),(129,'196-703-9526','HMO','Molina Healthcare',23.87),(130,'386-619-9245','HMO','Molina Healthcare',52.35),(131,'362-975-9000','HMO','Blue Cross Blue Shield',63.82),(132,'510-736-7027','PPO','Molina Healthcare',53.75),(133,'524-120-8374','PPO','United Healthcare',72.49),(134,'754-114-1091','HMO','United Healthcares',59.02),(135,'627-816-6400','PPO','Cigna Healthcare',4.50),(136,'732-602-9939','PPO','Molina Healthcare',9.63),(137,'733-477-1724','HMO','United Healthcare',54.18),(138,'272-993-4645','PPO','Aetna',30.14),(139,'939-768-4407','PPO','United Healthcare',57.96),(140,'125-372-0625','PPO','United Healthcare',71.93),(141,'959-112-4405','PPO','Aetna',7.20),(142,'755-761-0419','HMO','Aetna',64.77),(143,'614-961-3903','PPO','Cigna Healthcare',69.70),(144,'806-495-8850','PPO','United Healthcares',41.44),(145,'800-351-8920','PPO','Molina Healthcare',13.61),(146,'181-299-5275','PPO','Aetna',1.19),(147,'115-951-5392','PPO','United Healthcare',1.34),(148,'676-922-5942','HMO','United Healthcares',77.96),(149,'643-269-4605','HMO','Blue Cross Blue Shield',13.15),(150,'788-674-8954','HMO','Molina Healthcare',23.88),(151,'134-487-9020','HMO','Cigna Healthcare',74.11),(152,'787-537-8646','PPO','United Healthcare',65.25),(153,'471-778-3512','PPO','Molina Healthcare',35.25),(154,'668-369-4038','HMO','Aetna',10.50),(155,'187-185-0635','HMO','Molina Healthcare',61.97),(156,'311-627-1196','PPO','Cigna Healthcare',30.00),(157,'809-870-7352','HMO','Blue Cross Blue Shield',61.12),(158,'418-745-1557','PPO','Aetna',53.08),(159,'525-276-3191','PPO','Cigna Healthcare',55.46),(160,'360-907-3230','HMO','United Healthcare',7.29),(161,'506-760-2825','PPO','Aetna',2.88),(162,'204-182-1547','PPO','United Healthcares',75.62),(163,'604-793-3600','PPO','Aetna',30.84),(164,'601-752-1511','HMO','Blue Cross Blue Shield',63.47),(165,'875-107-3034','HMO','Aetna',78.94),(166,'998-395-8570','HMO','United Healthcare',40.70),(167,'970-832-1253','HMO','Molina Healthcare',46.63),(168,'845-895-8203','PPO','United Healthcares',19.07),(169,'683-280-5662','HMO','United Healthcares',30.41),(170,'207-210-8275','HMO','United Healthcare',28.26),(171,'279-421-7554','HMO','Molina Healthcare',25.58),(172,'471-363-1032','HMO','Cigna Healthcare',49.45),(173,'910-490-0774','HMO','Molina Healthcare',48.75),(174,'872-760-3075','HMO','United Healthcare',49.31),(175,'137-594-6804','PPO','Aetna',77.31),(176,'117-266-2277','PPO','Molina Healthcare',27.71),(177,'163-154-7688','PPO','Aetna',63.57),(178,'666-886-4189','PPO','Molina Healthcare',58.56),(179,'718-304-1856','HMO','United Healthcare',59.86),(180,'449-760-5545','HMO','Blue Cross Blue Shield',13.14),(181,'347-838-8073','HMO','United Healthcares',21.27),(182,'945-364-9787','PPO','United Healthcare',37.52),(183,'956-550-0862','PPO','Aetna',29.65),(184,'751-217-8798','HMO','United Healthcares',59.03),(185,'945-257-7379','PPO','United Healthcare',70.69),(186,'872-228-1944','HMO','United Healthcares',71.88),(187,'695-377-9432','PPO','Molina Healthcare',67.17),(188,'478-930-7988','HMO','United Healthcare',72.16),(189,'936-994-1755','HMO','Aetna',46.02),(190,'200-637-9651','HMO','Aetna',70.83),(191,'601-847-9799','HMO','United Healthcare',67.55),(192,'146-554-4574','PPO','Aetna',44.26),(193,'105-117-2906','HMO','Aetna',17.79),(194,'219-182-3265','HMO','United Healthcares',61.08),(195,'584-779-3502','HMO','United Healthcares',27.89),(196,'795-154-6403','HMO','Blue Cross Blue Shield',54.63),(197,'963-976-6205','HMO','Molina Healthcare',34.47),(198,'630-741-9917','HMO','United Healthcares',61.24),(199,'704-713-4318','PPO','Cigna Healthcare',41.31),(200,'605-295-9065','HMO','Cigna Healthcare',1.41);
/*!40000 ALTER TABLE `insurance` ENABLE KEYS */;
UNLOCK TABLES;

--
-- Table structure for table `lookup`
--

DROP TABLE IF EXISTS `lookup`;
/*!40101 SET @saved_cs_client     = @@character_set_client */;
/*!50503 SET character_set_client = utf8mb4 */;
CREATE TABLE `lookup` (
  `PatientKey` int NOT NULL,
  `ServicesKey` int NOT NULL,
  PRIMARY KEY (`PatientKey`,`ServicesKey`)
) ENGINE=InnoDB DEFAULT CHARSET=utf8mb4 COLLATE=utf8mb4_0900_ai_ci;
/*!40101 SET character_set_client = @saved_cs_client */;

--
-- Dumping data for table `lookup`
--

LOCK TABLES `lookup` WRITE;
/*!40000 ALTER TABLE `lookup` DISABLE KEYS */;
INSERT INTO `lookup` VALUES (1,1),(2,2),(3,3),(4,4),(5,5),(6,6),(7,7),(8,8),(9,9),(10,10),(11,11),(12,12),(13,13),(14,14),(15,15),(16,16),(17,17),(18,18),(19,19),(20,20),(21,21),(22,22),(23,23),(24,24),(25,25),(26,26),(27,27),(28,28),(29,29),(30,30),(31,31),(32,32),(33,33),(34,34),(35,35),(36,36),(37,37),(38,38),(39,39),(40,40),(41,41),(42,42),(43,43),(44,44),(45,45),(46,46),(47,47),(48,48),(49,49),(50,50),(51,51),(52,52),(53,53),(54,54),(55,55),(56,56),(57,57),(58,58),(59,59),(60,60),(61,61),(62,62),(63,63),(64,64),(65,65),(201,201),(202,202),(203,203),(204,204),(205,205),(206,206),(207,207),(208,208),(209,209),(210,210),(211,211),(212,212),(213,213),(214,214),(215,215),(216,216),(217,217),(218,218),(219,219),(220,220),(221,221),(222,222),(223,223),(224,224),(225,225),(226,226),(227,227),(228,228),(229,229),(230,230),(231,231),(232,232),(233,233),(234,234),(235,235),(236,236),(237,237),(238,238),(239,239),(240,240),(241,241),(242,242),(243,243),(244,244),(245,245),(246,246),(247,247),(248,248),(249,249),(250,250),(251,251),(252,252),(253,253),(254,254),(255,255),(256,256),(257,257),(258,258),(259,259),(260,260),(261,261),(262,262),(263,263),(264,264),(265,265),(266,266),(401,401),(402,402),(403,403),(404,404),(405,405),(406,406),(407,407),(408,408),(409,409),(410,410),(411,411),(412,412),(413,413),(414,414),(415,415),(416,416),(417,417),(418,418),(419,419),(420,420),(421,421),(422,422),(423,423),(424,424),(425,425),(426,426),(427,427),(428,428),(429,429),(430,430),(431,431),(432,432),(433,433),(434,434),(435,435),(436,436),(437,437),(438,438),(439,439),(440,440),(441,441),(442,442),(443,443),(444,444),(445,445),(446,446),(447,447),(448,448),(449,449),(450,450),(451,451),(452,452),(453,453),(454,454),(455,455),(456,456),(457,457),(458,458),(459,459),(460,460),(461,461),(462,462),(463,463),(464,464),(465,465),(466,466),(467,467),(468,468),(469,469);
/*!40000 ALTER TABLE `lookup` ENABLE KEYS */;
UNLOCK TABLES;

--
-- Table structure for table `nurse`
--

DROP TABLE IF EXISTS `nurse`;
/*!40101 SET @saved_cs_client     = @@character_set_client */;
/*!50503 SET character_set_client = utf8mb4 */;
CREATE TABLE `nurse` (
  `HPKey` int NOT NULL AUTO_INCREMENT,
  `NursePractitioner` tinyint(1) DEFAULT NULL,
  `CriticalCare` tinyint(1) DEFAULT NULL,
  `Oncology` tinyint(1) DEFAULT NULL,
  PRIMARY KEY (`HPKey`),
  CONSTRAINT `nurse_ibfk_1` FOREIGN KEY (`HPKey`) REFERENCES `healthprofessionals` (`HPKey`)
) ENGINE=InnoDB AUTO_INCREMENT=402 DEFAULT CHARSET=utf8mb4 COLLATE=utf8mb4_0900_ai_ci;
/*!40101 SET character_set_client = @saved_cs_client */;

--
-- Dumping data for table `nurse`
--

LOCK TABLES `nurse` WRITE;
/*!40000 ALTER TABLE `nurse` DISABLE KEYS */;
INSERT INTO `nurse` VALUES (201,1,0,1),(202,1,0,0),(203,0,1,0),(204,0,0,1),(205,0,0,1),(206,0,1,0),(207,0,1,0),(208,0,0,1),(209,0,0,1),(210,0,1,0),(211,0,1,0),(212,0,1,0),(213,0,0,1),(214,1,0,0),(215,1,0,1),(216,0,0,1),(217,0,1,0),(218,0,1,0),(219,0,1,0),(220,0,1,0),(221,0,1,0),(222,0,1,0),(223,0,1,0),(224,0,1,0),(225,0,1,0),(226,0,0,1),(227,1,0,0),(228,0,1,0),(229,0,1,0),(230,0,1,0),(231,1,0,1),(232,0,1,0),(233,0,1,0),(234,0,1,0),(235,0,0,1),(236,0,1,0),(237,0,1,0),(238,0,1,0),(239,0,1,0),(240,0,1,0),(241,0,1,0),(242,0,0,1),(243,1,0,1),(244,1,0,0),(245,1,0,0),(246,0,1,0),(247,0,1,0),(248,0,1,0),(249,0,1,0),(250,0,1,0),(251,0,1,0),(252,1,0,0),(253,0,0,1),(254,0,1,0),(255,0,1,0),(256,0,1,0),(257,0,1,0),(258,0,1,0),(259,0,1,0),(260,1,0,0),(261,0,1,0),(262,1,0,1),(263,0,0,1),(264,0,1,0),(265,0,1,0),(266,0,1,0),(267,0,1,0),(268,0,1,0),(269,0,1,0),(270,1,0,0),(271,0,1,0),(272,0,1,0),(273,1,0,0),(274,1,0,0),(275,0,1,0),(276,0,1,0),(277,0,1,0),(278,0,1,0),(279,0,1,0),(280,1,0,1),(281,0,1,0),(282,1,0,1),(283,0,1,0),(284,0,1,0),(285,0,1,0),(286,0,1,0),(287,0,1,0),(288,1,0,1),(289,1,0,1),(290,1,0,0),(291,0,1,0),(292,0,1,0),(293,0,1,0),(294,0,0,1),(295,0,1,0),(296,0,0,1),(297,0,0,1),(298,0,1,0),(299,0,0,1),(300,0,1,0),(301,0,1,0),(302,0,0,1),(303,0,1,0),(304,0,1,0),(305,1,0,0),(306,0,1,0),(307,0,1,0),(308,1,0,0),(309,0,1,0),(310,0,1,0),(311,1,0,1),(312,0,1,0),(313,0,1,0),(314,1,0,1),(315,0,1,0),(316,0,1,0),(317,0,1,0),(318,0,1,0),(319,0,0,1),(320,0,1,0),(321,1,0,1),(322,0,1,0),(323,0,0,1),(324,0,1,0),(325,0,1,0),(326,1,0,1),(327,1,0,0),(328,0,1,0),(329,0,1,0),(330,0,1,0),(331,1,0,0),(332,0,1,0),(333,0,1,0),(334,0,1,0),(335,0,1,0),(336,0,0,1),(337,0,1,0),(338,0,1,0),(339,0,1,0),(340,0,1,0),(341,1,0,1),(342,0,1,0),(343,0,0,1),(344,0,1,0),(345,0,1,0),(346,0,1,0),(347,0,1,0),(348,1,0,0),(349,0,1,0),(350,1,0,1),(351,0,0,1),(352,0,1,0),(353,0,0,1),(354,1,0,0),(355,0,1,0),(356,0,1,0),(357,0,1,0),(358,0,1,0),(359,0,0,1),(360,1,0,1),(361,1,0,1),(362,0,1,0),(363,0,0,1),(364,0,1,0),(365,0,1,0),(366,1,0,0),(367,1,0,1),(368,1,0,0),(369,1,0,0),(370,1,0,1),(371,0,1,0),(372,0,1,0),(373,0,0,1),(374,1,0,0),(375,0,1,0),(376,0,1,0),(377,1,0,1),(378,0,0,1),(379,0,1,0),(380,0,1,0),(381,0,1,0),(382,1,0,1),(383,1,0,1),(384,1,0,1),(385,0,1,0),(386,1,0,1),(387,0,1,0),(388,0,1,0),(389,0,1,0),(390,0,1,0),(391,0,1,0),(392,0,1,0),(393,0,1,0),(394,0,1,0),(395,0,1,0),(396,1,0,0),(397,0,1,0),(398,0,1,0),(399,1,0,1),(400,0,1,0),(401,0,1,0);
/*!40000 ALTER TABLE `nurse` ENABLE KEYS */;
UNLOCK TABLES;

--
-- Table structure for table `pat_phonenums`
--

DROP TABLE IF EXISTS `pat_phonenums`;
/*!40101 SET @saved_cs_client     = @@character_set_client */;
/*!50503 SET character_set_client = utf8mb4 */;
CREATE TABLE `pat_phonenums` (
  `Pkey` int NOT NULL,
  `Pphonenumbers` varchar(50) NOT NULL,
  PRIMARY KEY (`Pkey`,`Pphonenumbers`)
) ENGINE=InnoDB DEFAULT CHARSET=utf8mb4 COLLATE=utf8mb4_0900_ai_ci;
/*!40101 SET character_set_client = @saved_cs_client */;

--
-- Dumping data for table `pat_phonenums`
--

LOCK TABLES `pat_phonenums` WRITE;
/*!40000 ALTER TABLE `pat_phonenums` DISABLE KEYS */;
INSERT INTO `pat_phonenums` VALUES (1,'Primary Phonenumber: 553-368-7441'),(1,'Secondary Phonenumber: 397-456-4448'),(2,'Primary Phonenumber: 225-542-4562'),(3,'Primary Phonenumber: 334-295-4515'),(3,'Secondary Phonenumber: 423-248-1713'),(4,'Primary Phonenumber: 124-559-2031'),(4,'Secondary Phonenumber: 556-401-3389'),(5,'Primary Phonenumber: 867-211-6458'),(6,'Primary Phonenumber: 328-140-4401'),(7,'Primary Phonenumber: 246-855-4366'),(7,'Secondary Phonenumber: 687-669-2931'),(8,'Primary Phonenumber: 573-727-9142'),(8,'Secondary Phonenumber: 467-301-3195'),(9,'Primary Phonenumber: 910-274-8715'),(10,'Primary Phonenumber: 429-615-3316'),(11,'Primary Phonenumber: 625-640-4786'),(11,'Secondary Phonenumber: 208-748-9141'),(12,'Primary Phonenumber: 977-671-3312'),(12,'Secondary Phonenumber: 287-514-2825'),(13,'Primary Phonenumber: 264-272-4197'),(14,'Primary Phonenumber: 216-179-2432'),(15,'Primary Phonenumber: 883-648-3228'),(16,'Primary Phonenumber: 180-347-8497'),(16,'Secondary Phonenumber: 737-172-6975'),(17,'Primary Phonenumber: 751-781-5356'),(18,'Primary Phonenumber: 124-171-7513'),(19,'Primary Phonenumber: 377-593-1393'),(19,'Secondary Phonenumber: 635-768-6905'),(20,'Primary Phonenumber: 988-356-1953'),(21,'Primary Phonenumber: 959-958-6268'),(22,'Primary Phonenumber: 212-763-2026'),(23,'Primary Phonenumber: 607-348-4377'),(24,'Primary Phonenumber: 738-146-1980'),(24,'Secondary Phonenumber: 404-763-4891'),(25,'Primary Phonenumber: 649-708-5455'),(26,'Primary Phonenumber: 874-705-0733'),(27,'Primary Phonenumber: 470-146-0656'),(27,'Secondary Phonenumber: 405-670-2641'),(28,'Primary Phonenumber: 130-174-1624'),(28,'Secondary Phonenumber: 585-121-1150'),(29,'Primary Phonenumber: 246-955-6191'),(29,'Secondary Phonenumber: 591-666-7669'),(30,'Primary Phonenumber: 707-517-1217'),(31,'Primary Phonenumber: 939-103-7366'),(32,'Primary Phonenumber: 860-288-3700'),(33,'Primary Phonenumber: 825-807-3088'),(34,'Primary Phonenumber: 440-965-0988'),(34,'Secondary Phonenumber: 473-598-8382'),(35,'Primary Phonenumber: 812-459-3039'),(35,'Secondary Phonenumber: 914-435-0823'),(36,'Primary Phonenumber: 314-403-8583'),(37,'Primary Phonenumber: 301-700-4711'),(38,'Primary Phonenumber: 949-496-3929'),(38,'Secondary Phonenumber: 408-583-7732'),(39,'Primary Phonenumber: 364-393-4556'),(39,'Secondary Phonenumber: 727-206-8496'),(40,'Primary Phonenumber: 978-488-6358'),(41,'Primary Phonenumber: 486-657-6647'),(41,'Secondary Phonenumber: 229-386-3102'),(42,'Primary Phonenumber: 711-367-6895'),(43,'Primary Phonenumber: 799-808-1860'),(44,'Primary Phonenumber: 746-564-5127'),(45,'Primary Phonenumber: 300-629-1011'),(45,'Secondary Phonenumber: 153-418-3561'),(46,'Primary Phonenumber: 307-351-5470'),(47,'Primary Phonenumber: 482-497-7289'),(48,'Primary Phonenumber: 739-595-3892'),(48,'Secondary Phonenumber: 790-870-2078'),(49,'Primary Phonenumber: 515-248-0546'),(50,'Primary Phonenumber: 363-185-4006'),(51,'Primary Phonenumber: 388-658-8733'),(51,'Secondary Phonenumber: 356-898-6056'),(52,'Primary Phonenumber: 544-100-4357'),(52,'Secondary Phonenumber: 598-104-8595'),(53,'Primary Phonenumber: 522-481-0204'),(54,'Primary Phonenumber: 967-208-9669'),(54,'Secondary Phonenumber: 804-405-2978'),(55,'Primary Phonenumber: 627-294-7582'),(55,'Secondary Phonenumber: 163-940-8179'),(56,'Primary Phonenumber: 545-305-9539'),(56,'Secondary Phonenumber: 110-347-2994'),(57,'Primary Phonenumber: 357-835-0196'),(57,'Secondary Phonenumber: 593-326-3008'),(58,'Primary Phonenumber: 702-363-4215'),(59,'Primary Phonenumber: 756-992-8205'),(60,'Primary Phonenumber: 820-848-1140'),(60,'Secondary Phonenumber: 616-803-2177'),(61,'Primary Phonenumber: 311-380-4201'),(61,'Secondary Phonenumber: 587-449-1940'),(62,'Primary Phonenumber: 901-230-1595'),(62,'Secondary Phonenumber: 935-808-0251'),(63,'Primary Phonenumber: 275-440-0459'),(63,'Secondary Phonenumber: 630-694-7282'),(64,'Primary Phonenumber: 316-615-9800'),(65,'Primary Phonenumber: 514-516-4404'),(65,'Secondary Phonenumber: 146-216-2474'),(66,'Primary Phonenumber: 690-219-9463'),(67,'Primary Phonenumber: 256-345-9318'),(67,'Secondary Phonenumber: 269-875-4798'),(68,'Primary Phonenumber: 282-221-1529'),(68,'Secondary Phonenumber: 464-350-0335'),(69,'Primary Phonenumber: 441-556-5354'),(70,'Primary Phonenumber: 980-241-7014'),(71,'Primary Phonenumber: 105-202-8471'),(72,'Primary Phonenumber: 678-870-6446'),(73,'Primary Phonenumber: 975-730-5472'),(73,'Secondary Phonenumber: 995-175-1325'),(74,'Primary Phonenumber: 146-633-5325'),(75,'Primary Phonenumber: 356-523-2124'),(75,'Secondary Phonenumber: 655-682-8252'),(76,'Primary Phonenumber: 737-305-5107'),(76,'Secondary Phonenumber: 363-740-5442'),(77,'Primary Phonenumber: 810-862-0995'),(77,'Secondary Phonenumber: 202-335-6397'),(78,'Primary Phonenumber: 720-230-9747'),(78,'Secondary Phonenumber: 944-605-7482'),(79,'Primary Phonenumber: 548-372-2113'),(79,'Secondary Phonenumber: 410-636-1655'),(80,'Primary Phonenumber: 780-542-4031'),(80,'Secondary Phonenumber: 718-578-1526'),(81,'Primary Phonenumber: 115-672-7667'),(82,'Primary Phonenumber: 271-264-7682'),(82,'Secondary Phonenumber: 660-589-9314'),(83,'Primary Phonenumber: 673-445-9057'),(83,'Secondary Phonenumber: 670-499-6074'),(84,'Primary Phonenumber: 538-393-4184'),(85,'Primary Phonenumber: 594-618-6129'),(86,'Primary Phonenumber: 863-357-0651'),(86,'Secondary Phonenumber: 445-680-4459'),(87,'Primary Phonenumber: 130-594-7328'),(88,'Primary Phonenumber: 366-996-2340'),(89,'Primary Phonenumber: 910-763-8169'),(90,'Primary Phonenumber: 898-995-7961'),(91,'Primary Phonenumber: 213-229-2004'),(91,'Secondary Phonenumber: 114-767-8979'),(92,'Primary Phonenumber: 228-304-7977'),(93,'Primary Phonenumber: 746-663-1630'),(93,'Secondary Phonenumber: 961-709-0791'),(94,'Primary Phonenumber: 302-465-8942'),(94,'Secondary Phonenumber: 601-342-5921'),(95,'Primary Phonenumber: 674-453-2521'),(96,'Primary Phonenumber: 133-203-5667'),(96,'Secondary Phonenumber: 751-554-8353'),(97,'Primary Phonenumber: 558-940-7095'),(97,'Secondary Phonenumber: 851-454-7874'),(98,'Primary Phonenumber: 564-553-7438'),(99,'Primary Phonenumber: 909-328-6269'),(100,'Primary Phonenumber: 692-899-7813'),(100,'Secondary Phonenumber: 362-221-0860'),(101,'Primary Phonenumber: 751-117-2891'),(101,'Secondary Phonenumber: 758-765-7831'),(102,'Primary Phonenumber: 503-162-2119'),(102,'Secondary Phonenumber: 833-437-9143'),(103,'Primary Phonenumber: 563-428-9302'),(103,'Secondary Phonenumber: 881-947-2145'),(104,'Primary Phonenumber: 526-166-8619'),(105,'Primary Phonenumber: 634-706-0887'),(106,'Primary Phonenumber: 372-993-1945'),(107,'Primary Phonenumber: 220-278-7725'),(108,'Primary Phonenumber: 151-235-2375'),(108,'Secondary Phonenumber: 789-706-0004'),(109,'Primary Phonenumber: 996-361-3768'),(110,'Primary Phonenumber: 305-794-9451'),(111,'Primary Phonenumber: 216-829-6159'),(111,'Secondary Phonenumber: 433-262-0108'),(112,'Primary Phonenumber: 659-587-1225'),(112,'Secondary Phonenumber: 174-674-5449'),(113,'Primary Phonenumber: 894-278-3376'),(113,'Secondary Phonenumber: 642-741-6513'),(114,'Primary Phonenumber: 354-885-7250'),(115,'Primary Phonenumber: 298-864-7602'),(116,'Primary Phonenumber: 897-344-3779'),(116,'Secondary Phonenumber: 144-531-5944'),(117,'Primary Phonenumber: 146-821-7315'),(117,'Secondary Phonenumber: 830-912-5395'),(118,'Primary Phonenumber: 564-503-6542'),(119,'Primary Phonenumber: 242-583-9038'),(120,'Primary Phonenumber: 883-263-0840'),(121,'Primary Phonenumber: 548-395-3715'),(122,'Primary Phonenumber: 799-112-2702'),(122,'Secondary Phonenumber: 171-769-9582'),(123,'Primary Phonenumber: 384-212-9604'),(123,'Secondary Phonenumber: 257-685-5763'),(124,'Primary Phonenumber: 817-565-4816'),(124,'Secondary Phonenumber: 728-683-3341'),(125,'Primary Phonenumber: 832-632-3400'),(126,'Primary Phonenumber: 720-918-6193'),(127,'Primary Phonenumber: 211-372-3788'),(128,'Primary Phonenumber: 488-107-4156'),(128,'Secondary Phonenumber: 977-479-4664'),(129,'Primary Phonenumber: 168-722-0768'),(129,'Secondary Phonenumber: 216-616-6607'),(130,'Primary Phonenumber: 445-715-5823'),(130,'Secondary Phonenumber: 705-594-1358'),(131,'Primary Phonenumber: 107-920-3608'),(132,'Primary Phonenumber: 688-532-9583'),(132,'Secondary Phonenumber: 822-620-5900'),(133,'Primary Phonenumber: 125-958-0530'),(133,'Secondary Phonenumber: 482-904-4288'),(134,'Primary Phonenumber: 700-610-7464'),(134,'Secondary Phonenumber: 548-547-1424'),(135,'Primary Phonenumber: 545-683-8107'),(135,'Secondary Phonenumber: 884-618-2103'),(136,'Primary Phonenumber: 687-626-8972'),(136,'Secondary Phonenumber: 655-376-5923'),(137,'Primary Phonenumber: 839-351-7492'),(138,'Primary Phonenumber: 258-364-4869'),(139,'Primary Phonenumber: 633-421-9975'),(139,'Secondary Phonenumber: 336-588-0097'),(140,'Primary Phonenumber: 604-348-5206'),(140,'Secondary Phonenumber: 694-847-4277'),(141,'Primary Phonenumber: 458-777-3816'),(141,'Secondary Phonenumber: 719-326-0285'),(142,'Primary Phonenumber: 565-936-9327'),(143,'Primary Phonenumber: 609-892-0244'),(144,'Primary Phonenumber: 217-952-0378'),(145,'Primary Phonenumber: 355-930-2930'),(146,'Primary Phonenumber: 921-546-6050'),(147,'Primary Phonenumber: 877-113-9177'),(147,'Secondary Phonenumber: 703-915-3907'),(148,'Primary Phonenumber: 570-651-3375'),(149,'Primary Phonenumber: 974-195-7387'),(150,'Primary Phonenumber: 476-890-6428'),(150,'Secondary Phonenumber: 959-320-6946'),(151,'Primary Phonenumber: 975-350-5892'),(151,'Secondary Phonenumber: 722-851-2374'),(152,'Primary Phonenumber: 180-913-9261'),(153,'Primary Phonenumber: 300-953-7127'),(154,'Primary Phonenumber: 232-437-2030'),(155,'Primary Phonenumber: 541-478-9585'),(155,'Secondary Phonenumber: 661-653-2299'),(156,'Primary Phonenumber: 996-141-6364'),(157,'Primary Phonenumber: 480-509-7781'),(157,'Secondary Phonenumber: 174-981-5614'),(158,'Primary Phonenumber: 362-118-1404'),(159,'Primary Phonenumber: 645-973-1100'),(159,'Secondary Phonenumber: 578-151-0086'),(160,'Primary Phonenumber: 758-413-1342'),(160,'Secondary Phonenumber: 670-130-6816'),(161,'Primary Phonenumber: 610-811-4628'),(161,'Secondary Phonenumber: 951-747-6965'),(162,'Primary Phonenumber: 455-877-6914'),(162,'Secondary Phonenumber: 353-489-2547'),(163,'Primary Phonenumber: 102-620-7946'),(163,'Secondary Phonenumber: 110-958-8232'),(164,'Primary Phonenumber: 620-187-6494'),(164,'Secondary Phonenumber: 370-455-0861'),(165,'Primary Phonenumber: 234-717-0160'),(165,'Secondary Phonenumber: 425-413-6250'),(166,'Primary Phonenumber: 759-447-9675'),(166,'Secondary Phonenumber: 795-269-1128'),(167,'Primary Phonenumber: 351-322-7891'),(168,'Primary Phonenumber: 825-630-1227'),(169,'Primary Phonenumber: 345-695-7620'),(169,'Secondary Phonenumber: 489-890-5448'),(170,'Primary Phonenumber: 204-120-9732'),(171,'Primary Phonenumber: 142-249-7192'),(171,'Secondary Phonenumber: 213-458-8890'),(172,'Primary Phonenumber: 260-227-0423'),(173,'Primary Phonenumber: 600-734-7474'),(173,'Secondary Phonenumber: 618-607-1881'),(174,'Primary Phonenumber: 834-573-4214'),(175,'Primary Phonenumber: 347-952-5092'),(175,'Secondary Phonenumber: 952-221-9330'),(176,'Primary Phonenumber: 657-782-8881'),(177,'Primary Phonenumber: 419-326-2555'),(178,'Primary Phonenumber: 956-634-9398'),(178,'Secondary Phonenumber: 733-415-9648'),(179,'Primary Phonenumber: 199-127-2981'),(180,'Primary Phonenumber: 892-343-6573'),(181,'Primary Phonenumber: 889-603-6326'),(181,'Secondary Phonenumber: 398-361-8842'),(182,'Primary Phonenumber: 362-409-3401'),(182,'Secondary Phonenumber: 728-872-7488'),(183,'Primary Phonenumber: 377-688-1982'),(184,'Primary Phonenumber: 505-636-4831'),(184,'Secondary Phonenumber: 286-489-9576'),(185,'Primary Phonenumber: 409-528-3405'),(185,'Secondary Phonenumber: 658-582-5894'),(186,'Primary Phonenumber: 312-395-7984'),(187,'Primary Phonenumber: 696-562-1447'),(187,'Secondary Phonenumber: 193-556-9485'),(188,'Primary Phonenumber: 817-709-6942'),(189,'Primary Phonenumber: 751-130-2674'),(189,'Secondary Phonenumber: 256-165-9604'),(190,'Primary Phonenumber: 837-425-9716'),(190,'Secondary Phonenumber: 660-187-0453'),(191,'Primary Phonenumber: 442-547-7672'),(192,'Primary Phonenumber: 654-140-3429'),(192,'Secondary Phonenumber: 213-882-8374'),(193,'Primary Phonenumber: 129-858-9192'),(194,'Primary Phonenumber: 302-607-2833'),(194,'Secondary Phonenumber: 163-130-8701'),(195,'Primary Phonenumber: 418-148-3715'),(196,'Primary Phonenumber: 762-537-0747'),(197,'Primary Phonenumber: 863-482-6711'),(198,'Primary Phonenumber: 933-157-6015'),(198,'Secondary Phonenumber: 755-506-7798'),(199,'Primary Phonenumber: 629-169-8319'),(200,'Primary Phonenumber: 746-199-4785'),(201,'Primary Phonenumber: 872-738-5817'),(201,'Secondary Phonenumber: 243-564-4962'),(202,'Primary Phonenumber: 505-565-2845'),(202,'Secondary Phonenumber: 261-198-2086'),(203,'Primary Phonenumber: 919-522-8568'),(204,'Primary Phonenumber: 932-443-0119'),(204,'Secondary Phonenumber: 846-788-5301'),(205,'Primary Phonenumber: 714-612-1339'),(205,'Secondary Phonenumber: 746-360-1970'),(206,'Primary Phonenumber: 824-110-2452'),(206,'Secondary Phonenumber: 626-220-7993'),(207,'Primary Phonenumber: 167-159-5732'),(207,'Secondary Phonenumber: 537-542-9829'),(208,'Primary Phonenumber: 165-445-5278'),(209,'Primary Phonenumber: 175-984-8660'),(210,'Primary Phonenumber: 976-880-8691'),(210,'Secondary Phonenumber: 275-491-4720'),(211,'Primary Phonenumber: 699-669-0853'),(212,'Primary Phonenumber: 666-763-7169'),(213,'Primary Phonenumber: 818-643-4898'),(214,'Primary Phonenumber: 751-680-2654'),(215,'Primary Phonenumber: 297-352-4395'),(216,'Primary Phonenumber: 385-211-7869'),(217,'Primary Phonenumber: 187-506-9356'),(218,'Primary Phonenumber: 996-107-0269'),(219,'Primary Phonenumber: 252-846-2382'),(219,'Secondary Phonenumber: 725-987-0927'),(220,'Primary Phonenumber: 957-547-5028'),(221,'Primary Phonenumber: 216-318-9728'),(221,'Secondary Phonenumber: 285-910-8140'),(222,'Primary Phonenumber: 897-994-2630'),(222,'Secondary Phonenumber: 331-527-8452'),(223,'Primary Phonenumber: 936-716-8179'),(224,'Primary Phonenumber: 896-943-0065'),(224,'Secondary Phonenumber: 166-979-1507'),(225,'Primary Phonenumber: 909-638-7785'),(226,'Primary Phonenumber: 447-687-1138'),(226,'Secondary Phonenumber: 443-125-6443'),(227,'Primary Phonenumber: 215-150-7157'),(227,'Secondary Phonenumber: 688-249-4651'),(228,'Primary Phonenumber: 243-893-6844'),(228,'Secondary Phonenumber: 808-209-1110'),(229,'Primary Phonenumber: 264-209-3563'),(230,'Primary Phonenumber: 897-583-9690'),(231,'Primary Phonenumber: 606-947-0899'),(231,'Secondary Phonenumber: 537-152-4412'),(232,'Primary Phonenumber: 422-502-3553'),(233,'Primary Phonenumber: 881-147-5469'),(234,'Primary Phonenumber: 880-965-9930'),(235,'Primary Phonenumber: 453-980-8581'),(236,'Primary Phonenumber: 332-371-7013'),(236,'Secondary Phonenumber: 413-908-1969'),(237,'Primary Phonenumber: 669-225-6387'),(237,'Secondary Phonenumber: 930-930-0170'),(238,'Primary Phonenumber: 280-421-6729'),(238,'Secondary Phonenumber: 516-255-9982'),(239,'Primary Phonenumber: 424-192-5730'),(240,'Primary Phonenumber: 552-968-7416'),(240,'Secondary Phonenumber: 137-668-0724'),(241,'Primary Phonenumber: 645-415-6023'),(241,'Secondary Phonenumber: 109-169-3002'),(242,'Primary Phonenumber: 180-711-5097'),(242,'Secondary Phonenumber: 876-818-2391'),(243,'Primary Phonenumber: 828-775-7976'),(244,'Primary Phonenumber: 941-738-9918'),(244,'Secondary Phonenumber: 408-521-1833'),(245,'Primary Phonenumber: 262-355-6616'),(246,'Primary Phonenumber: 887-233-4644'),(247,'Primary Phonenumber: 856-358-3459'),(247,'Secondary Phonenumber: 268-967-0849'),(248,'Primary Phonenumber: 148-683-1735'),(249,'Primary Phonenumber: 761-838-7167'),(250,'Primary Phonenumber: 692-578-9871'),(250,'Secondary Phonenumber: 718-950-0044'),(251,'Primary Phonenumber: 212-914-4030'),(252,'Primary Phonenumber: 214-199-9581'),(253,'Primary Phonenumber: 770-896-6395'),(253,'Secondary Phonenumber: 190-817-0409'),(254,'Primary Phonenumber: 263-453-6094'),(254,'Secondary Phonenumber: 486-384-7516'),(255,'Primary Phonenumber: 618-589-1524'),(255,'Secondary Phonenumber: 310-640-5164'),(256,'Primary Phonenumber: 861-943-7278'),(257,'Primary Phonenumber: 542-238-6426'),(258,'Primary Phonenumber: 686-312-5936'),(258,'Secondary Phonenumber: 187-870-6007'),(259,'Primary Phonenumber: 101-758-6490'),(260,'Primary Phonenumber: 210-347-9852'),(261,'Primary Phonenumber: 692-796-1555'),(262,'Primary Phonenumber: 176-121-9801'),(263,'Primary Phonenumber: 933-875-6847'),(264,'Primary Phonenumber: 757-939-5914'),(265,'Primary Phonenumber: 974-786-6179'),(266,'Primary Phonenumber: 231-831-7015'),(267,'Primary Phonenumber: 237-682-0995'),(268,'Primary Phonenumber: 941-601-8596'),(268,'Secondary Phonenumber: 965-958-1674'),(269,'Primary Phonenumber: 118-124-8842'),(269,'Secondary Phonenumber: 775-181-4959'),(270,'Primary Phonenumber: 587-243-7519'),(271,'Primary Phonenumber: 542-750-7840'),(271,'Secondary Phonenumber: 366-698-6218'),(272,'Primary Phonenumber: 483-588-9009'),(273,'Primary Phonenumber: 672-610-1525'),(273,'Secondary Phonenumber: 255-582-5669'),(274,'Primary Phonenumber: 428-960-4857'),(274,'Secondary Phonenumber: 330-431-6477'),(275,'Primary Phonenumber: 235-488-8326'),(276,'Primary Phonenumber: 186-714-9572'),(276,'Secondary Phonenumber: 539-685-4547'),(277,'Primary Phonenumber: 616-754-7105'),(277,'Secondary Phonenumber: 945-692-8217'),(278,'Primary Phonenumber: 668-837-5304'),(279,'Primary Phonenumber: 913-877-4509'),(280,'Primary Phonenumber: 377-944-8906'),(280,'Secondary Phonenumber: 250-529-3021'),(281,'Primary Phonenumber: 684-333-3417'),(282,'Primary Phonenumber: 669-306-8514'),(282,'Secondary Phonenumber: 554-271-9705'),(283,'Primary Phonenumber: 714-266-2315'),(284,'Primary Phonenumber: 606-934-0639'),(284,'Secondary Phonenumber: 680-113-9493'),(285,'Primary Phonenumber: 842-758-9777'),(286,'Primary Phonenumber: 332-621-4570'),(287,'Primary Phonenumber: 592-837-6809'),(288,'Primary Phonenumber: 698-715-7564'),(289,'Primary Phonenumber: 477-544-9184'),(290,'Primary Phonenumber: 472-757-8122'),(291,'Primary Phonenumber: 821-191-1208'),(292,'Primary Phonenumber: 690-682-8891'),(292,'Secondary Phonenumber: 868-544-1262'),(293,'Primary Phonenumber: 866-320-9820'),(294,'Primary Phonenumber: 459-738-5929'),(294,'Secondary Phonenumber: 648-237-6334'),(295,'Primary Phonenumber: 183-493-7693'),(296,'Primary Phonenumber: 512-455-0214'),(296,'Secondary Phonenumber: 778-300-6793'),(297,'Primary Phonenumber: 281-670-1734'),(297,'Secondary Phonenumber: 491-916-7815'),(298,'Primary Phonenumber: 375-965-7004'),(298,'Secondary Phonenumber: 478-560-0898'),(299,'Primary Phonenumber: 728-979-1627'),(300,'Primary Phonenumber: 988-663-3339'),(301,'Primary Phonenumber: 567-382-0965'),(301,'Secondary Phonenumber: 993-625-4345'),(302,'Primary Phonenumber: 498-713-3194'),(303,'Primary Phonenumber: 698-378-5402'),(303,'Secondary Phonenumber: 852-887-5800'),(304,'Primary Phonenumber: 616-511-9319'),(304,'Secondary Phonenumber: 958-341-3050'),(305,'Primary Phonenumber: 971-153-8559'),(305,'Secondary Phonenumber: 172-757-1710'),(306,'Primary Phonenumber: 772-699-6748'),(306,'Secondary Phonenumber: 366-493-5001'),(307,'Primary Phonenumber: 392-924-4065'),(307,'Secondary Phonenumber: 889-544-5222'),(308,'Primary Phonenumber: 678-829-5450'),(309,'Primary Phonenumber: 117-784-8819'),(309,'Secondary Phonenumber: 417-215-6301'),(310,'Primary Phonenumber: 440-640-2399'),(311,'Primary Phonenumber: 840-842-8951'),(312,'Primary Phonenumber: 559-749-0727'),(313,'Primary Phonenumber: 240-831-0435'),(314,'Primary Phonenumber: 939-366-7180'),(315,'Primary Phonenumber: 658-997-2964'),(315,'Secondary Phonenumber: 454-747-5258'),(316,'Primary Phonenumber: 385-848-6839'),(317,'Primary Phonenumber: 979-207-8372'),(318,'Primary Phonenumber: 115-532-8960'),(319,'Primary Phonenumber: 961-418-0384'),(320,'Primary Phonenumber: 908-624-2317'),(321,'Primary Phonenumber: 395-806-2530'),(321,'Secondary Phonenumber: 906-157-9852'),(322,'Primary Phonenumber: 935-688-2839'),(322,'Secondary Phonenumber: 869-335-4184'),(323,'Primary Phonenumber: 879-226-6325'),(324,'Primary Phonenumber: 834-148-0788'),(325,'Primary Phonenumber: 476-982-3612'),(325,'Secondary Phonenumber: 645-372-6257'),(326,'Primary Phonenumber: 151-147-7284'),(327,'Primary Phonenumber: 160-988-6794'),(327,'Secondary Phonenumber: 548-815-9166'),(328,'Primary Phonenumber: 862-465-0452'),(328,'Secondary Phonenumber: 918-769-4091'),(329,'Primary Phonenumber: 651-379-9995'),(329,'Secondary Phonenumber: 522-316-1512'),(330,'Primary Phonenumber: 376-741-0583'),(330,'Secondary Phonenumber: 403-570-5264'),(331,'Primary Phonenumber: 647-384-8093'),(331,'Secondary Phonenumber: 726-660-3241'),(332,'Primary Phonenumber: 768-526-8402'),(333,'Primary Phonenumber: 760-101-4063'),(333,'Secondary Phonenumber: 421-782-5252'),(334,'Primary Phonenumber: 803-226-3721'),(335,'Primary Phonenumber: 812-362-0920'),(336,'Primary Phonenumber: 155-258-6676'),(337,'Primary Phonenumber: 138-281-8671'),(338,'Primary Phonenumber: 762-514-8580'),(339,'Primary Phonenumber: 194-831-6922'),(340,'Primary Phonenumber: 376-535-0909'),(340,'Secondary Phonenumber: 311-120-1495'),(341,'Primary Phonenumber: 645-917-5620'),(341,'Secondary Phonenumber: 421-246-4131'),(342,'Primary Phonenumber: 741-708-7424'),(343,'Primary Phonenumber: 399-137-4642'),(343,'Secondary Phonenumber: 974-796-8786'),(344,'Primary Phonenumber: 405-802-1059'),(344,'Secondary Phonenumber: 441-609-0689'),(345,'Primary Phonenumber: 859-120-8756'),(346,'Primary Phonenumber: 500-384-4234'),(347,'Primary Phonenumber: 523-585-2344'),(348,'Primary Phonenumber: 530-706-0667'),(349,'Primary Phonenumber: 951-753-8639'),(349,'Secondary Phonenumber: 222-848-1930'),(350,'Primary Phonenumber: 938-372-5830'),(351,'Primary Phonenumber: 698-274-6709'),(351,'Secondary Phonenumber: 654-767-7700'),(352,'Primary Phonenumber: 118-469-3687'),(352,'Secondary Phonenumber: 582-378-3942'),(353,'Primary Phonenumber: 144-135-6108'),(353,'Secondary Phonenumber: 357-307-2627'),(354,'Primary Phonenumber: 841-761-9779'),(355,'Primary Phonenumber: 540-818-0904'),(355,'Secondary Phonenumber: 576-307-3545'),(356,'Primary Phonenumber: 248-679-3333'),(356,'Secondary Phonenumber: 683-875-4702'),(357,'Primary Phonenumber: 493-638-4703'),(358,'Primary Phonenumber: 556-747-1978'),(358,'Secondary Phonenumber: 314-178-4250'),(359,'Primary Phonenumber: 930-515-1123'),(359,'Secondary Phonenumber: 460-190-4874'),(360,'Primary Phonenumber: 229-302-2791'),(361,'Primary Phonenumber: 114-314-3651'),(361,'Secondary Phonenumber: 973-454-7911'),(362,'Primary Phonenumber: 511-697-4320'),(362,'Secondary Phonenumber: 646-315-3640'),(363,'Primary Phonenumber: 846-654-7451'),(363,'Secondary Phonenumber: 390-879-3808'),(364,'Primary Phonenumber: 279-652-1863'),(365,'Primary Phonenumber: 388-173-2941'),(365,'Secondary Phonenumber: 429-147-6519'),(366,'Primary Phonenumber: 496-995-7397'),(366,'Secondary Phonenumber: 753-897-1365'),(367,'Primary Phonenumber: 982-676-4982'),(368,'Primary Phonenumber: 819-482-7766'),(369,'Primary Phonenumber: 679-468-1631'),(370,'Primary Phonenumber: 870-437-5064'),(370,'Secondary Phonenumber: 150-490-5891'),(371,'Primary Phonenumber: 745-721-9750'),(372,'Primary Phonenumber: 835-345-6757'),(373,'Primary Phonenumber: 959-414-9034'),(374,'Primary Phonenumber: 188-253-4705'),(375,'Primary Phonenumber: 405-312-3921'),(376,'Primary Phonenumber: 250-361-6816'),(377,'Primary Phonenumber: 529-860-1668'),(378,'Primary Phonenumber: 509-880-7594'),(379,'Primary Phonenumber: 554-142-4648'),(379,'Secondary Phonenumber: 945-473-7055'),(380,'Primary Phonenumber: 447-545-3639'),(381,'Primary Phonenumber: 454-561-2289'),(381,'Secondary Phonenumber: 890-649-9955'),(382,'Primary Phonenumber: 651-467-1960'),(383,'Primary Phonenumber: 129-261-9562'),(384,'Primary Phonenumber: 841-146-0111'),(384,'Secondary Phonenumber: 229-149-8253'),(385,'Primary Phonenumber: 712-426-7764'),(386,'Primary Phonenumber: 933-182-6297'),(386,'Secondary Phonenumber: 135-302-8754'),(387,'Primary Phonenumber: 517-558-7912'),(388,'Primary Phonenumber: 825-588-7524'),(388,'Secondary Phonenumber: 125-594-4414'),(389,'Primary Phonenumber: 907-452-7538'),(389,'Secondary Phonenumber: 898-522-9697'),(390,'Primary Phonenumber: 732-671-2733'),(391,'Primary Phonenumber: 836-384-9322'),(391,'Secondary Phonenumber: 197-193-1562'),(392,'Primary Phonenumber: 567-533-3718'),(393,'Primary Phonenumber: 510-665-0257'),(393,'Secondary Phonenumber: 954-650-6519'),(394,'Primary Phonenumber: 815-783-0370'),(395,'Primary Phonenumber: 169-916-2034'),(395,'Secondary Phonenumber: 642-770-2248'),(396,'Primary Phonenumber: 464-975-9790'),(396,'Secondary Phonenumber: 531-819-8110'),(397,'Primary Phonenumber: 703-274-4561'),(398,'Primary Phonenumber: 147-793-6651'),(398,'Secondary Phonenumber: 125-483-3244'),(399,'Primary Phonenumber: 991-395-6832'),(400,'Primary Phonenumber: 857-884-1115'),(400,'Secondary Phonenumber: 837-985-8580'),(401,'Primary Phonenumber: 365-783-1586'),(401,'Secondary Phonenumber: 868-892-5446'),(402,'Primary Phonenumber: 765-533-9115'),(402,'Secondary Phonenumber: 322-876-1333'),(403,'Primary Phonenumber: 151-782-9786'),(404,'Primary Phonenumber: 820-593-0084'),(404,'Secondary Phonenumber: 314-195-6302'),(405,'Primary Phonenumber: 331-484-6033'),(405,'Secondary Phonenumber: 474-339-0210'),(406,'Primary Phonenumber: 158-729-7632'),(406,'Secondary Phonenumber: 490-341-0897'),(407,'Primary Phonenumber: 507-450-4796'),(407,'Secondary Phonenumber: 288-503-3380'),(408,'Primary Phonenumber: 949-668-7438'),(408,'Secondary Phonenumber: 773-207-0495'),(409,'Primary Phonenumber: 333-189-2146'),(409,'Secondary Phonenumber: 810-854-0663'),(410,'Primary Phonenumber: 169-963-0526'),(411,'Primary Phonenumber: 692-788-2206'),(412,'Primary Phonenumber: 972-477-3802'),(412,'Secondary Phonenumber: 384-835-8222'),(413,'Primary Phonenumber: 128-407-7346'),(413,'Secondary Phonenumber: 216-539-0300'),(414,'Primary Phonenumber: 726-999-8273'),(414,'Secondary Phonenumber: 514-415-7460'),(415,'Primary Phonenumber: 992-341-4753'),(415,'Secondary Phonenumber: 812-360-1942'),(416,'Primary Phonenumber: 731-523-0346'),(416,'Secondary Phonenumber: 523-380-5357'),(417,'Primary Phonenumber: 962-406-6767'),(418,'Primary Phonenumber: 758-272-2542'),(418,'Secondary Phonenumber: 871-883-4232'),(419,'Primary Phonenumber: 590-155-8147'),(419,'Secondary Phonenumber: 792-178-0190'),(420,'Primary Phonenumber: 555-959-5149'),(420,'Secondary Phonenumber: 424-671-8101'),(420,'Secondary Phonenumber: 717-938-1375'),(421,'Primary Phonenumber: 980-749-2268'),(421,'Secondary Phonenumber: 145-254-5016'),(422,'Primary Phonenumber: 623-763-2113'),(422,'Secondary Phonenumber: 510-765-1015'),(423,'Primary Phonenumber: 510-279-3826'),(423,'Secondary Phonenumber: 243-429-1187'),(424,'Primary Phonenumber: 621-324-0706'),(424,'Secondary Phonenumber: 821-774-2936'),(425,'Primary Phonenumber: 574-382-3946'),(426,'Primary Phonenumber: 623-394-6293'),(427,'Primary Phonenumber: 915-686-2074'),(427,'Secondary Phonenumber: 629-926-4388'),(428,'Primary Phonenumber: 953-283-1107'),(429,'Primary Phonenumber: 892-660-1623'),(429,'Secondary Phonenumber: 294-724-7096'),(430,'Primary Phonenumber: 756-378-1101'),(430,'Secondary Phonenumber: 345-541-9750'),(431,'Primary Phonenumber: 786-844-4832'),(432,'Primary Phonenumber: 764-206-1206'),(433,'Primary Phonenumber: 712-114-0472'),(434,'Primary Phonenumber: 849-982-0026'),(435,'Primary Phonenumber: 380-262-9723'),(435,'Secondary Phonenumber: 203-438-4464'),(436,'Primary Phonenumber: 601-206-9532'),(436,'Secondary Phonenumber: 833-826-4658'),(437,'Primary Phonenumber: 806-427-6532'),(437,'Secondary Phonenumber: 534-951-6878'),(438,'Primary Phonenumber: 361-744-7751'),(438,'Secondary Phonenumber: 130-348-8375'),(439,'Primary Phonenumber: 725-135-0149'),(439,'Secondary Phonenumber: 850-480-4830'),(440,'Primary Phonenumber: 863-833-4575'),(441,'Primary Phonenumber: 558-214-6159'),(441,'Secondary Phonenumber: 205-202-3467'),(442,'Primary Phonenumber: 644-726-2109'),(442,'Secondary Phonenumber: 569-278-9226'),(443,'Primary Phonenumber: 945-262-3230'),(444,'Primary Phonenumber: 841-404-2335'),(444,'Secondary Phonenumber: 561-914-6034'),(445,'Primary Phonenumber: 184-319-3310'),(446,'Primary Phonenumber: 274-387-9207'),(447,'Primary Phonenumber: 271-899-1985'),(448,'Primary Phonenumber: 991-687-4805'),(449,'Primary Phonenumber: 347-241-8117'),(450,'Primary Phonenumber: 192-470-2035'),(451,'Primary Phonenumber: 905-635-3117'),(451,'Secondary Phonenumber: 726-443-1370'),(452,'Primary Phonenumber: 891-428-6070'),(453,'Primary Phonenumber: 849-574-2586'),(454,'Primary Phonenumber: 742-384-9303'),(455,'Primary Phonenumber: 549-485-4312'),(455,'Secondary Phonenumber: 343-475-0870'),(456,'Primary Phonenumber: 711-134-9559'),(456,'Secondary Phonenumber: 824-761-3126'),(457,'Primary Phonenumber: 175-937-0098'),(457,'Secondary Phonenumber: 740-841-9910'),(458,'Primary Phonenumber: 349-535-8127'),(458,'Secondary Phonenumber: 273-968-0387'),(459,'Primary Phonenumber: 812-921-7359'),(459,'Secondary Phonenumber: 511-876-5054'),(460,'Primary Phonenumber: 342-528-4276'),(461,'Primary Phonenumber: 719-405-0493'),(461,'Secondary Phonenumber: 195-879-4592'),(462,'Primary Phonenumber: 947-816-1384'),(463,'Primary Phonenumber: 144-227-3625'),(464,'Primary Phonenumber: 775-396-0940'),(465,'Primary Phonenumber: 226-318-9953'),(465,'Secondary Phonenumber: 295-228-1678'),(466,'Primary Phonenumber: 707-844-4099'),(466,'Secondary Phonenumber: 726-358-4587'),(467,'Primary Phonenumber: 306-620-3598'),(468,'Primary Phonenumber: 624-372-6657'),(468,'Secondary Phonenumber: 204-581-3260'),(469,'Primary Phonenumber: 582-452-1055'),(470,'Primary Phonenumber: 170-879-6077'),(470,'Secondary Phonenumber: 591-468-0671'),(471,'Primary Phonenumber: 485-754-8898'),(472,'Primary Phonenumber: 477-129-6715'),(473,'Primary Phonenumber: 190-165-5914'),(474,'Primary Phonenumber: 327-817-6752'),(474,'Secondary Phonenumber: 982-519-6078'),(475,'Primary Phonenumber: 729-736-0622'),(475,'Secondary Phonenumber: 208-160-8941'),(476,'Primary Phonenumber: 944-704-2603'),(477,'Primary Phonenumber: 343-136-3519'),(477,'Secondary Phonenumber: 817-754-3984'),(478,'Primary Phonenumber: 357-519-6557'),(479,'Primary Phonenumber: 162-148-5881'),(480,'Primary Phonenumber: 133-985-1927'),(480,'Secondary Phonenumber: 920-985-3414'),(481,'Primary Phonenumber: 304-365-4035'),(482,'Primary Phonenumber: 497-345-8520'),(482,'Secondary Phonenumber: 274-350-6303'),(483,'Primary Phonenumber: 626-975-1529'),(483,'Secondary Phonenumber: 268-532-9054'),(484,'Primary Phonenumber: 884-621-2360'),(485,'Primary Phonenumber: 998-467-4099'),(485,'Secondary Phonenumber: 578-347-2134'),(486,'Primary Phonenumber: 558-289-1454'),(486,'Secondary Phonenumber: 100-466-9215'),(487,'Primary Phonenumber: 838-531-0835'),(487,'Secondary Phonenumber: 253-466-7250'),(488,'Primary Phonenumber: 672-786-7748'),(488,'Secondary Phonenumber: 571-882-7155'),(489,'Primary Phonenumber: 309-400-1222'),(490,'Primary Phonenumber: 887-637-1381'),(490,'Secondary Phonenumber: 298-781-7280'),(491,'Primary Phonenumber: 562-275-4674'),(492,'Primary Phonenumber: 460-950-0994'),(492,'Secondary Phonenumber: 485-700-2007'),(493,'Primary Phonenumber: 203-745-8598'),(493,'Secondary Phonenumber: 242-793-6068'),(494,'Primary Phonenumber: 663-250-2185'),(494,'Secondary Phonenumber: 193-838-3865'),(495,'Primary Phonenumber: 801-306-7662'),(496,'Primary Phonenumber: 203-424-9904'),(496,'Secondary Phonenumber: 848-918-7821'),(497,'Primary Phonenumber: 619-521-7975'),(497,'Secondary Phonenumber: 393-354-3686'),(498,'Primary Phonenumber: 527-344-6967'),(498,'Secondary Phonenumber: 533-522-1250'),(499,'Primary Phonenumber: 528-293-3432'),(500,'Primary Phonenumber: 183-379-8425'),(501,'Primary Phonenumber: 972-666-6990'),(502,'Primary Phonenumber: 266-431-6277'),(502,'Secondary Phonenumber: 811-345-4915'),(503,'Primary Phonenumber: 591-804-2296'),(504,'Primary Phonenumber: 230-409-5102'),(504,'Secondary Phonenumber: 227-817-3672'),(505,'Primary Phonenumber: 124-125-6731'),(505,'Secondary Phonenumber: 524-779-9162'),(506,'Primary Phonenumber: 336-240-3615'),(506,'Secondary Phonenumber: 618-664-7687'),(507,'Primary Phonenumber: 953-746-1504'),(508,'Primary Phonenumber: 270-643-2240'),(508,'Secondary Phonenumber: 226-484-9917'),(509,'Primary Phonenumber: 313-124-7149'),(509,'Secondary Phonenumber: 456-134-1772'),(510,'Primary Phonenumber: 761-259-6407'),(510,'Secondary Phonenumber: 784-976-6906'),(511,'Primary Phonenumber: 510-101-5626'),(512,'Primary Phonenumber: 365-693-0476'),(513,'Primary Phonenumber: 554-760-4070'),(513,'Secondary Phonenumber: 481-799-1209'),(514,'Primary Phonenumber: 469-360-2542'),(514,'Secondary Phonenumber: 888-592-1746'),(515,'Primary Phonenumber: 656-457-6017'),(516,'Primary Phonenumber: 945-470-6294'),(517,'Primary Phonenumber: 791-694-9951'),(517,'Secondary Phonenumber: 161-919-9398'),(518,'Primary Phonenumber: 496-615-0158'),(518,'Secondary Phonenumber: 296-504-6975'),(519,'Primary Phonenumber: 980-954-8380'),(520,'Primary Phonenumber: 601-285-4262'),(521,'Primary Phonenumber: 271-598-1192'),(521,'Secondary Phonenumber: 230-464-4703'),(522,'Primary Phonenumber: 367-967-6269'),(522,'Secondary Phonenumber: 808-855-6558'),(523,'Primary Phonenumber: 185-635-4068'),(524,'Primary Phonenumber: 418-561-6175'),(524,'Secondary Phonenumber: 690-661-9370'),(525,'Primary Phonenumber: 850-238-4194'),(525,'Secondary Phonenumber: 851-818-5589'),(526,'Primary Phonenumber: 833-901-3391'),(527,'Primary Phonenumber: 232-586-6349'),(527,'Secondary Phonenumber: 925-162-3005'),(528,'Primary Phonenumber: 494-462-7517'),(528,'Secondary Phonenumber: 461-695-8075'),(529,'Primary Phonenumber: 158-135-8759'),(529,'Secondary Phonenumber: 296-574-0535'),(530,'Primary Phonenumber: 725-493-7880'),(530,'Secondary Phonenumber: 606-536-7195'),(531,'Primary Phonenumber: 739-217-0760'),(532,'Primary Phonenumber: 961-298-0953'),(533,'Primary Phonenumber: 562-106-6549'),(533,'Secondary Phonenumber: 984-644-1355'),(534,'Primary Phonenumber: 599-164-5364'),(534,'Secondary Phonenumber: 383-496-9955'),(535,'Primary Phonenumber: 463-410-4231'),(535,'Secondary Phonenumber: 164-303-7625'),(536,'Primary Phonenumber: 937-190-4647'),(537,'Primary Phonenumber: 524-117-2400'),(537,'Secondary Phonenumber: 454-759-3374'),(538,'Primary Phonenumber: 396-294-3239'),(538,'Secondary Phonenumber: 129-698-9749'),(539,'Primary Phonenumber: 551-134-1120'),(539,'Secondary Phonenumber: 937-327-4749'),(540,'Primary Phonenumber: 390-150-2849'),(541,'Primary Phonenumber: 219-546-7828'),(542,'Primary Phonenumber: 595-724-2588'),(542,'Secondary Phonenumber: 673-581-6812'),(543,'Primary Phonenumber: 442-354-4181'),(543,'Secondary Phonenumber: 864-630-5481'),(544,'Primary Phonenumber: 833-798-5766'),(545,'Primary Phonenumber: 485-569-6640'),(546,'Primary Phonenumber: 800-593-5495'),(546,'Secondary Phonenumber: 301-469-9465'),(547,'Primary Phonenumber: 134-418-2081'),(548,'Primary Phonenumber: 543-490-1470'),(548,'Secondary Phonenumber: 420-930-9253'),(549,'Primary Phonenumber: 656-571-4791'),(550,'Primary Phonenumber: 852-708-6170'),(550,'Secondary Phonenumber: 670-226-3561'),(551,'Primary Phonenumber: 332-963-2304'),(552,'Primary Phonenumber: 557-646-2201'),(553,'Primary Phonenumber: 329-446-1711'),(554,'Primary Phonenumber: 252-353-0247'),(555,'Primary Phonenumber: 206-276-7063'),(555,'Secondary Phonenumber: 349-704-4919'),(556,'Primary Phonenumber: 219-198-6563'),(556,'Secondary Phonenumber: 727-337-5669'),(557,'Primary Phonenumber: 492-979-5996'),(558,'Primary Phonenumber: 173-832-0496'),(559,'Primary Phonenumber: 404-411-8508'),(559,'Secondary Phonenumber: 131-961-0626'),(560,'Primary Phonenumber: 697-898-9758'),(561,'Primary Phonenumber: 585-997-2281'),(562,'Primary Phonenumber: 312-154-2841'),(563,'Primary Phonenumber: 723-809-8478'),(564,'Primary Phonenumber: 917-289-3537'),(565,'Primary Phonenumber: 186-779-8674'),(565,'Secondary Phonenumber: 556-408-8161'),(566,'Primary Phonenumber: 898-545-1326'),(567,'Primary Phonenumber: 416-890-3412'),(568,'Primary Phonenumber: 746-186-7822'),(569,'Primary Phonenumber: 118-318-3190'),(569,'Secondary Phonenumber: 575-790-3711'),(570,'Primary Phonenumber: 107-693-4743'),(570,'Secondary Phonenumber: 508-199-5115'),(571,'Primary Phonenumber: 512-281-8428'),(572,'Primary Phonenumber: 410-122-2765'),(572,'Secondary Phonenumber: 960-259-2035'),(573,'Primary Phonenumber: 526-262-2650'),(574,'Primary Phonenumber: 193-704-2135'),(574,'Secondary Phonenumber: 830-717-2791'),(575,'Primary Phonenumber: 246-873-9092'),(576,'Primary Phonenumber: 915-970-5714'),(576,'Secondary Phonenumber: 876-633-2086'),(577,'Primary Phonenumber: 520-570-3751'),(578,'Primary Phonenumber: 465-677-6696'),(578,'Secondary Phonenumber: 304-526-4939'),(579,'Primary Phonenumber: 491-803-1511'),(580,'Primary Phonenumber: 653-833-5769'),(581,'Primary Phonenumber: 572-250-6049'),(581,'Secondary Phonenumber: 441-203-4857'),(582,'Primary Phonenumber: 602-470-8286'),(583,'Primary Phonenumber: 306-364-4875'),(583,'Secondary Phonenumber: 845-514-5599'),(584,'Primary Phonenumber: 206-881-9054'),(584,'Secondary Phonenumber: 923-980-2519'),(585,'Primary Phonenumber: 385-921-4538'),(586,'Primary Phonenumber: 531-367-0578'),(586,'Secondary Phonenumber: 710-946-3664'),(587,'Primary Phonenumber: 499-964-1679'),(588,'Primary Phonenumber: 799-811-4848'),(589,'Primary Phonenumber: 745-476-2634'),(590,'Primary Phonenumber: 824-394-5276'),(590,'Secondary Phonenumber: 201-688-5725'),(591,'Primary Phonenumber: 963-431-2897'),(592,'Primary Phonenumber: 957-512-0069'),(592,'Secondary Phonenumber: 935-626-4517'),(593,'Primary Phonenumber: 120-779-1592'),(594,'Primary Phonenumber: 581-966-7286'),(594,'Secondary Phonenumber: 967-578-2279'),(595,'Primary Phonenumber: 497-509-7556'),(596,'Primary Phonenumber: 398-782-0732'),(597,'Primary Phonenumber: 971-396-6836'),(597,'Secondary Phonenumber: 847-393-2229'),(598,'Primary Phonenumber: 840-196-1456'),(598,'Secondary Phonenumber: 914-596-6588'),(599,'Primary Phonenumber: 524-429-1609'),(599,'Secondary Phonenumber: 988-197-9608'),(600,'Primary Phonenumber: 914-630-7995');
/*!40000 ALTER TABLE `pat_phonenums` ENABLE KEYS */;
UNLOCK TABLES;

--
-- Table structure for table `patient`
--

DROP TABLE IF EXISTS `patient`;
/*!40101 SET @saved_cs_client     = @@character_set_client */;
/*!50503 SET character_set_client = utf8mb4 */;
CREATE TABLE `patient` (
  `Pkey` int NOT NULL AUTO_INCREMENT,
  `Fname` varchar(50) DEFAULT NULL,
  `Lname` varchar(50) DEFAULT NULL,
  `DOB` date DEFAULT NULL,
  `AddressOfPatient` varchar(80) DEFAULT NULL,
  PRIMARY KEY (`Pkey`)
) ENGINE=InnoDB AUTO_INCREMENT=601 DEFAULT CHARSET=utf8mb4 COLLATE=utf8mb4_0900_ai_ci;
/*!40101 SET character_set_client = @saved_cs_client */;

--
-- Dumping data for table `patient`
--

LOCK TABLES `patient` WRITE;
/*!40000 ALTER TABLE `patient` DISABLE KEYS */;
INSERT INTO `patient` VALUES (1,'Ingaborg','Bonder','1973-02-10','9 1st Street'),(2,'Rosene','Aronowicz','1999-08-10','51033 Truax Trail'),(3,'Clayson','Kubera','1965-08-28','92852 Sachs Pass'),(4,'Angelica','Rosedale','1962-04-21','01 Spohn Alley'),(5,'Ileana','Cobb','1962-08-30','88 Sullivan Plaza'),(6,'Ford','Shapland','1991-09-04','313 Delladonna Terrace'),(7,'Haily','Yann','1994-09-23','78244 Towne Lane'),(8,'Marysa','Gunton','1980-11-22','1570 Waywood Plaza'),(9,'Jorge','Tradewell','1996-05-03','187 Saint Paul Trail'),(10,'Sanford','Bunning','1979-05-11','2252 Cordelia Street'),(11,'Heywood','Spray','1998-11-21','3 Mandrake Center'),(12,'Fraser','Schurig','1975-06-28','11027 Hoepker Junction'),(13,'Hervey','Redgewell','1961-10-31','91912 Hudson Pass'),(14,'Loni','Storer','1987-12-08','6 Arrowood Plaza'),(15,'Rance','Arent','1963-05-05','3 Maywood Center'),(16,'Laetitia','Blooman','1968-06-27','92 Thompson Pass'),(17,'Carina','Balden','1998-03-31','2169 Harbort Court'),(18,'Misti','Beernt','1966-02-24','1936 Bayside Circle'),(19,'Melissa','Barnsdall','1971-06-07','8489 Dennis Road'),(20,'Rafferty','Crouch','1962-10-13','0388 Mallory Terrace'),(21,'Nigel','Toomer','1967-12-09','5 Briar Crest Way'),(22,'Alessandro','Oade','1963-12-16','8 Division Parkway'),(23,'Cathlene','Escoffier','1970-11-05','26 Maywood Road'),(24,'Henriette','Bullivent','1976-05-30','3 Briar Crest Road'),(25,'Lia','Etuck','1961-06-27','495 Westport Street'),(26,'Jammal','Mettericke','1963-06-06','5 Shopko Pass'),(27,'Shannen','O\'Carran','1986-03-07','62862 Welch Junction'),(28,'Nola','Chapman','1962-05-08','119 Melody Drive'),(29,'Web','Raymont','1977-06-03','59 Alpine Way'),(30,'Randolph','Grenshiels','1961-04-24','345 Armistice Lane'),(31,'Walden','Tysall','1970-09-04','57542 Fair Oaks Pass'),(32,'Clarey','Roches','1997-02-17','0561 Southridge Place'),(33,'Vladamir','Kerwick','1997-10-05','5 Ilene Drive'),(34,'Archie','Renison','1973-02-11','219 Dunning Junction'),(35,'Hyacinthe','Bradie','1962-02-04','6 Luster Way'),(36,'Georgeanna','Beyn','1971-07-18','330 Almo Avenue'),(37,'Melina','Mottinelli','1970-02-07','21 Reindahl Junction'),(38,'Bartholomeo','Moreby','1995-07-06','9 Eastwood Point'),(39,'Tonie','Makepeace','1973-12-29','87926 Bluestem Road'),(40,'Ky','Leap','1997-06-27','03 Sherman Center'),(41,'Lianna','Skelington','1961-04-12','66 Little Fleur Way'),(42,'Kendricks','Gaythwaite','1977-07-08','61520 Bellgrove Avenue'),(43,'Cello','Feechum','1984-06-09','3 Oriole Lane'),(44,'Ede','Boland','1971-10-01','6027 Kinsman Drive'),(45,'Leighton','Griggs','1971-11-05','12 Maryland Junction'),(46,'Rhys','Levi','1962-03-12','01558 Butterfield Place'),(47,'Kimble','Alderson','1979-01-21','77 Kingsford Court'),(48,'Paddie','Viant','1975-11-05','8 Porter Terrace'),(49,'Cory','Frank','1968-02-05','170 Elka Avenue'),(50,'Giustina','Wiffill','1963-09-09','8116 Dovetail Place'),(51,'Lynnell','Grastye','1999-06-16','4173 Saint Paul Place'),(52,'Renate','Margrie','1961-10-16','2005 Chive Terrace'),(53,'Gearard','Barlie','1964-03-16','1810 Lakewood Junction'),(54,'Guenevere','Dreini','1960-04-21','78 Sugar Junction'),(55,'Josias','Pavlenko','1966-12-06','322 Lake View Junction'),(56,'Kasey','McArley','1994-05-31','19 Stuart Street'),(57,'Gerri','Epton','1992-09-07','887 5th Parkway'),(58,'Orton','Knibley','1977-06-18','65940 Kensington Road'),(59,'Meade','Penhallurick','1984-05-26','09680 Twin Pines Crossing'),(60,'Margarethe','Vasiljevic','1960-12-15','516 Melvin Plaza'),(61,'Garrik','Birdsall','1997-08-19','07265 Loftsgordon Terrace'),(62,'Wyndham','Ruste','1964-04-02','30 Holmberg Drive'),(63,'Ardine','Rainon','1970-12-29','112 Cottonwood Pass'),(64,'Hamish','Gunningham','1984-01-09','2 Florence Circle'),(65,'Nixie','Bosch','1974-06-23','02 Larry Alley'),(66,'Ekaterina','Smither','1991-12-12','71295 Logan Parkway'),(67,'Edy','Tanzig','1995-09-18','9415 Little Fleur Avenue'),(68,'Jecho','Tugman','1974-01-31','39903 Loftsgordon Alley'),(69,'Ricky','Pothbury','1961-04-01','26135 Clarendon Parkway'),(70,'Dav','Glencorse','1992-04-16','2575 Basil Avenue'),(71,'Crissie','Fattorini','1986-09-03','96983 Blaine Drive'),(72,'Reinwald','Cometto','1999-02-26','60 Haas Road'),(73,'Dyna','Courtonne','1994-01-14','8 Fulton Avenue'),(74,'Mirabelle','Dossit','1975-12-06','6 Lyons Lane'),(75,'Christel','Armfield','1986-07-10','6199 Transport Place'),(76,'Rebecka','Ickovits','1974-10-19','40839 Hazelcrest Hill'),(77,'Shina','Rose','1970-02-06','83 Merchant Parkway'),(78,'Zechariah','Benes','1967-11-05','4 Hansons Point'),(79,'Eba','Swatton','1973-06-02','984 Hanover Lane'),(80,'Virginie','Curnock','1965-02-24','720 Washington Drive'),(81,'Celestyn','Rowan','1989-09-21','4 Miller Junction'),(82,'Artur','Watt','1993-03-19','858 Esch Drive'),(83,'Johna','Petroselli','1970-02-25','41526 Merry Alley'),(84,'Evvie','Kirkpatrick','1979-06-04','1 Michigan Way'),(85,'Nicolais','Beese','1981-12-17','53660 8th Street'),(86,'Arlin','Snel','1999-08-14','50269 Novick Junction'),(87,'Katinka','Bywater','1968-11-28','1157 Kim Junction'),(88,'Andras','Dacres','1993-09-18','1492 Declaration Street'),(89,'Glynnis','Zuann','1991-05-18','8 Portage Park'),(90,'Eydie','Beesey','1987-09-23','5 Summer Ridge Pass'),(91,'Kizzee','Cardwell','1985-05-11','9 Stone Corner Court'),(92,'Marlin','McLaine','1983-06-08','0783 North Avenue'),(93,'Jeanine','Wormell','1965-05-09','911 Lukken Circle'),(94,'Odessa','Demangeon','1988-05-04','9 Huxley Point'),(95,'Amalia','Wermerling','1978-02-12','2 Truax Place'),(96,'Ida','Clipston','1962-02-11','43355 Norway Maple Road'),(97,'Salomone','Riolfi','1987-06-28','260 Schmedeman Alley'),(98,'Germain','Semrad','1976-09-07','5 Sheridan Park'),(99,'Morse','Tilt','1970-12-30','02 Montana Terrace'),(100,'Haven','Debrett','1993-05-27','489 Gina Plaza'),(101,'Justin','Croll','2000-04-12','08 Hazelcrest Junction'),(102,'Mariann','Newby','1968-02-16','64947 Pierstorff Plaza'),(103,'Terra','Ringer','1999-10-07','756 Pond Avenue'),(104,'Molli','Heliar','1994-05-20','9884 Summer Ridge Way'),(105,'Lauralee','Aldritt','1978-03-04','7 Oriole Hill'),(106,'Warde','Drysdale','1993-01-21','633 Park Meadow Pass'),(107,'Madel','Gillbey','1984-06-26','88 Florence Court'),(108,'Jorrie','Duckers','1963-10-17','8 Pepper Wood Hill'),(109,'Pat','Summerhayes','1964-06-19','5553 Steensland Crossing'),(110,'Ian','Haffenden','1995-03-20','567 Leroy Junction'),(111,'Bentlee','Groarty','1996-06-21','5 Southridge Alley'),(112,'Vinita','McEachern','1976-12-26','7 Mesta Terrace'),(113,'Ondrea','Mashal','1996-06-30','64918 Crownhardt Point'),(114,'Tanitansy','Izod','1968-09-18','32210 Service Place'),(115,'Aurelia','Trees','1980-01-01','1974 Meadow Ridge Road'),(116,'Perkin','Court','1994-08-01','3898 Lyons Trail'),(117,'Marsh','Sewley','1992-05-25','0021 Oneill Drive'),(118,'Andie','Mintrim','1971-09-11','71 New Castle Street'),(119,'Staffard','Gumly','1978-10-25','80 Portage Pass'),(120,'Roscoe','Reasce','1973-05-15','32870 Forest Dale Parkway'),(121,'Ansley','Fishly','1963-09-19','9 Welch Point'),(122,'Cammi','Criag','1974-09-11','8705 David Trail'),(123,'Sid','Jachimak','1983-02-01','7 Morning Street'),(124,'Enrika','Passie','1994-03-30','3835 Dahle Junction'),(125,'Barrie','Balfour','1979-08-05','5 Corben Parkway'),(126,'Claudine','Licquorish','1966-07-16','302 Kim Way'),(127,'Shirleen','Grace','1977-01-19','3 Sutherland Park'),(128,'Bryan','Neil','1983-06-27','07384 Thompson Pass'),(129,'Nessy','Mundwell','1995-11-18','4544 Old Shore Alley'),(130,'Giselbert','Epps','1969-08-24','33941 Columbus Center'),(131,'Marianna','Lichfield','1983-11-05','4928 Veith Crossing'),(132,'Mikael','Ludewig','1965-08-08','99 Rockefeller Hill'),(133,'Flora','Harget','1995-07-31','86 Tennessee Circle'),(134,'Sisile','Squeers','1963-06-05','5741 Stephen Avenue'),(135,'Rozele','Harpur','1973-10-21','5 Sundown Hill'),(136,'Tonnie','Sartain','1978-09-04','87 Pine View Crossing'),(137,'Tyler','de Clerc','1963-01-11','446 Dorton Plaza'),(138,'Parnell','Lant','1964-06-22','438 Quincy Avenue'),(139,'Evy','Brinded','1989-11-04','49 Loftsgordon Avenue'),(140,'Rakel','Huntar','1970-03-12','9358 Reinke Trail'),(141,'Inessa','Arthurs','1974-06-24','7 Old Shore Alley'),(142,'Eleanora','Santry','1961-01-26','35391 Chinook Road'),(143,'Thebault','Mycock','1983-01-05','9664 Macpherson Street'),(144,'Ettie','Collyer','1996-01-12','29397 Drewry Crossing'),(145,'Leese','Leeman','1990-04-06','42007 Commercial Court'),(146,'Kimball','Clulow','1983-03-09','193 Mayfield Way'),(147,'Amalee','Krolak','1978-12-04','15693 Green Ridge Plaza'),(148,'Randee','Degli Antoni','1999-10-31','42286 South Road'),(149,'Baily','Remirez','1974-06-12','81948 Rigney Crossing'),(150,'Izabel','Heeran','1993-06-28','75852 Forest Dale Parkway'),(151,'Carissa','Kealy','1969-10-01','79 Crownhardt Parkway'),(152,'Darnall','Thickett','1966-05-27','776 Forest Run Junction'),(153,'Monah','Bunning','1970-12-20','0 Crescent Oaks Park'),(154,'Candy','Faircliffe','1995-01-04','0 Garrison Court'),(155,'Cullen','Gatfield','1961-06-22','24 Colorado Parkway'),(156,'Kirby','Tyhurst','1987-08-23','03 Bultman Hill'),(157,'Cristine','Jozwiak','1978-07-08','840 Schurz Parkway'),(158,'Terrance','Wareham','1977-07-06','43016 Stephen Parkway'),(159,'Hermina','Thon','1960-06-25','561 Monterey Pass'),(160,'Cale','Briars','1965-05-07','1 Fisk Plaza'),(161,'Ashley','Renfield','1989-03-20','3 Oneill Junction'),(162,'Jillie','Duckworth','1972-06-15','86206 Crownhardt Street'),(163,'Chlo','Chicco','1965-09-07','0849 Jackson Street'),(164,'Ottilie','Noonan','1989-05-08','466 Sutherland Street'),(165,'Tiphani','Karlik','1968-04-14','274 Summer Ridge Alley'),(166,'Lorne','Mably','1995-10-06','2 Bobwhite Crossing'),(167,'Rozelle','Vamplers','1962-01-24','3 Algoma Way'),(168,'Jewel','Marlow','1972-12-22','26 Scofield Drive'),(169,'Sherwynd','Schoenleiter','1996-11-21','06466 Londonderry Drive'),(170,'Alice','Pistol','1967-08-22','73 Eagan Park'),(171,'Marieann','Tolumello','1963-02-13','01417 Maple Wood Park'),(172,'Mellisent','Batalini','1970-03-14','0 Hanover Point'),(173,'Herbert','Measor','1988-02-22','32111 Dexter Center'),(174,'Richart','Vinton','1976-02-20','9843 3rd Alley'),(175,'Patin','Willerton','1999-04-05','543 Cordelia Street'),(176,'Amandi','Shilstone','1976-05-11','96459 Ryan Drive'),(177,'Janis','McColm','1972-02-23','2 Nova Crossing'),(178,'Arnoldo','Jorge','1966-05-19','560 Petterle Hill'),(179,'Sonni','Iwanczyk','1996-07-22','3322 Meadow Valley Way'),(180,'Mike','De Mitri','1978-08-09','658 Bartillon Drive'),(181,'Alberik','Wallsworth','1998-11-12','70638 International Point'),(182,'Niall','Giral','1998-05-20','2 La Follette Alley'),(183,'Nevins','Knowling','1968-01-05','8882 Almo Place'),(184,'Pia','Talmadge','2000-04-04','63638 Mayfield Lane'),(185,'Barnaby','Castelletti','1974-09-18','32 Shopko Drive'),(186,'Feodora','Lawlie','1995-02-02','29 Boyd Alley'),(187,'Chickie','Hankins','1967-07-02','9 Corscot Junction'),(188,'Merle','Bloggett','1973-04-27','460 Farragut Circle'),(189,'Stanfield','Rubinowitsch','1965-08-15','8281 Shoshone Pass'),(190,'Roarke','Wloch','1988-06-07','98959 Tennyson Trail'),(191,'Bell','Cundict','1999-10-11','3 David Center'),(192,'Herculie','Shutt','1994-04-20','3506 Pierstorff Trail'),(193,'Tracie','Becken','1981-01-19','996 Morrow Hill'),(194,'Clay','Utterson','1961-04-13','1493 Prairieview Center'),(195,'Kimberlee','Luscott','1983-09-14','1892 Marquette Street'),(196,'Marijo','Ilyas','1963-02-02','8 Morning Terrace'),(197,'Marcello','Brinsford','1973-05-19','511 Morningstar Park'),(198,'Marylou','Girardini','1972-06-16','7 Talisman Trail'),(199,'Dorisa','Gumme','1981-05-18','8894 Division Street'),(200,'Gaye','Goodlud','1979-10-15','72 Crest Line Avenue'),(201,'Symon','Simkiss','1971-03-24','505 Kim Pass'),(202,'Caresse','Bennetto','1997-05-14','2766 Old Shore Alley'),(203,'Pansie','Jellybrand','1964-02-13','31240 American Ash Alley'),(204,'Viv','Chazotte','1985-10-01','4 Red Cloud Drive'),(205,'Alistair','Bodycote','1978-11-02','866 Menomonie Pass'),(206,'Lemuel','Tegler','1975-10-18','828 Summerview Center'),(207,'Reggy','Yankishin','1978-12-25','78 American Ash Road'),(208,'Coop','Kinchlea','1979-09-13','78 Gulseth Crossing'),(209,'Jarad','Prestwich','1986-09-15','1 Commercial Court'),(210,'Torey','Adnett','1963-09-08','27201 School Alley'),(211,'Nanice','Trillow','1984-09-28','377 Lawn Junction'),(212,'Aylmer','Stoffels','1965-05-15','0 Ohio Park'),(213,'Jean','Ledford','1999-02-12','259 Talmadge Plaza'),(214,'Virge','Glassford','1995-06-30','006 American Street'),(215,'Freddie','Yepiskov','1988-08-28','9396 Twin Pines Court'),(216,'Natty','Coughlin','1977-09-18','80 Mariners Cove Drive'),(217,'Coreen','Wallas','1991-08-13','077 Westport Pass'),(218,'Mable','Clarson','1969-03-04','16 Canary Drive'),(219,'Nathanil','Febre','1964-03-18','478 Dennis Place'),(220,'Linda','Kless','1983-06-06','61375 Park Meadow Pass'),(221,'Caspar','Plumer','1981-12-10','3 Loftsgordon Crossing'),(222,'Raff','Hehir','1974-05-22','53 Havey Park'),(223,'Virgie','Chrisp','1966-09-05','795 Hoffman Plaza'),(224,'Egbert','Blakeway','1986-10-26','3424 Cherokee Point'),(225,'Dot','Simukov','1974-09-30','41 Hagan Circle'),(226,'Giulio','Lipscomb','1975-11-04','907 Forster Plaza'),(227,'Gertruda','Caldaro','1964-04-12','0 Almo Crossing'),(228,'Meredeth','Paulo','1973-06-08','41 Vahlen Plaza'),(229,'Konstantine','Czadla','1982-04-04','03398 Brentwood Junction'),(230,'Elora','Robion','1998-05-12','411 Farwell Court'),(231,'Napoleon','Frisch','1969-09-01','348 Blaine Hill'),(232,'Nichols','O\'Donnell','1980-07-16','66 Cascade Alley'),(233,'Aeriell','Rhodes','1963-10-19','2 Doe Crossing Junction'),(234,'Gail','Claffey','1982-04-02','531 Loeprich Parkway'),(235,'Demeter','Glason','1983-07-29','63 East Lane'),(236,'Zaccaria','Jacob','1989-06-04','65618 Karstens Place'),(237,'Elizabeth','Willmot','1977-09-04','53278 Memorial Alley'),(238,'Sancho','McGiven','1963-03-23','01077 Clyde Gallagher Hill'),(239,'Orlando','Dobey','1971-10-10','89 Stoughton Park'),(240,'Janeczka','Sammars','1996-09-21','52 3rd Plaza'),(241,'Jaquenette','Buxsey','1980-09-04','294 Mccormick Lane'),(242,'Tailor','Le Pruvost','1982-07-06','628 Coleman Pass'),(243,'Alison','Galler','1972-01-25','5725 Dixon Drive'),(244,'Waverly','Duffan','1986-09-10','90283 Independence Park'),(245,'Katey','Monget','1998-03-20','41166 Carioca Pass'),(246,'Joline','MacIlory','1984-10-12','638 Logan Crossing'),(247,'Fawnia','Asher','1984-01-10','78 Butterfield Alley'),(248,'Carole','Durrans','1996-07-16','3285 Walton Crossing'),(249,'Kaitlyn','Rook','1966-10-18','21 Sheridan Way'),(250,'Caye','Barbary','1970-12-28','93 Green Plaza'),(251,'Erika','Lammerich','1963-07-13','38 Pennsylvania Alley'),(252,'Jakob','Garfield','1999-04-22','0 Toban Road'),(253,'Ravi','Bosward','1981-02-14','068 Clyde Gallagher Crossing'),(254,'Tiff','Knappitt','1987-02-21','652 Jenifer Alley'),(255,'Roth','Janauschek','1987-07-13','17 Harper Alley'),(256,'Leanora','Redsall','1988-10-20','29039 Lillian Road'),(257,'Aurelie','Grassot','1961-12-07','9 Anzinger Avenue'),(258,'Gena','Vannar','1965-11-30','3 Anthes Park'),(259,'Yvor','Mewett','1961-01-28','1930 Hoffman Park'),(260,'Kippy','Haysey','1980-03-09','5 Arrowood Park'),(261,'Danielle','Mont','1989-02-18','60638 Helena Avenue'),(262,'Cally','Adacot','1978-03-31','65 Londonderry Place'),(263,'Gilbertine','Hoxey','1989-09-06','491 Division Hill'),(264,'Rhodia','O\'Rudden','1998-09-03','815 Oak Alley'),(265,'Cassandre','Ranahan','1979-02-24','85891 Lerdahl Circle'),(266,'Sarina','Langmaid','1983-10-21','90728 Myrtle Parkway'),(267,'Emlen','O\'Fogarty','1987-07-01','593 Sachs Junction'),(268,'Gwynne','Trownson','1975-06-18','62649 Florence Drive'),(269,'Verina','Charles','1986-07-31','701 Bayside Street'),(270,'Nora','Napolione','1992-03-30','9 Morningstar Hill'),(271,'Barbie','Holah','1986-04-18','88 Stuart Place'),(272,'Stafford','Canty','1966-04-26','84710 Delladonna Place'),(273,'Felecia','Skyner','1972-10-18','62 Oriole Street'),(274,'Karia','Prestage','1970-10-05','62968 Gina Parkway'),(275,'Meggi','Birdwistle','1966-07-08','252 Atwood Way'),(276,'Carmelia','Boij','1990-10-18','3310 Cambridge Point'),(277,'Jeth','Crewdson','1985-08-18','93221 Tennyson Trail'),(278,'Thelma','Mitchelson','1968-03-30','3151 Bartillon Hill'),(279,'Emelda','Gorman','1989-06-21','21 Swallow Pass'),(280,'Toni','Chaster','1975-02-01','7 Carioca Plaza'),(281,'Kristoforo','Shorthouse','1963-10-14','8 Crescent Oaks Place'),(282,'Alasteir','Rossiter','1960-03-27','63071 Buhler Pass'),(283,'Kristi','Lund','1967-07-15','34717 Welch Plaza'),(284,'Joeann','Blunsum','1964-05-10','9109 Clove Drive'),(285,'Kelly','Heskey','1995-05-26','8 Dunning Point'),(286,'Othelia','Taylorson','1986-02-17','5 Delladonna Place'),(287,'Annora','Cornick','1976-08-29','7732 Springs Center'),(288,'Shirline','Mungin','1961-01-04','16 Hallows Point'),(289,'Darcey','Snelgrove','1993-12-19','5 Paget Point'),(290,'Adi','Chstney','1977-05-03','3796 Carioca Lane'),(291,'Orran','Mallen','1992-03-14','9 Melody Junction'),(292,'Sydney','Hartill','1973-09-04','82973 Dixon Avenue'),(293,'Margie','Petch','1996-02-22','27002 Annamark Point'),(294,'Maynard','Nuss','2000-01-08','31662 Sherman Park'),(295,'Misha','Rustidge','1961-10-21','90402 Steensland Avenue'),(296,'Andra','Adamov','1975-09-22','852 Logan Lane'),(297,'Peg','Pedreschi','1994-02-17','72 Pepper Wood Road'),(298,'Amii','Gopsill','1972-06-21','48 Nancy Alley'),(299,'Maurits','Bellew','1971-10-05','7 Sutteridge Court'),(300,'Vite','Gerrans','1964-12-09','85670 Westport Circle'),(301,'Kennett','Dufton','1966-11-24','0294 Derek Street'),(302,'Fitz','Sleford','1978-05-23','347 Independence Pass'),(303,'Kassey','Portchmouth','1998-07-27','65 Eastlawn Parkway'),(304,'Miguel','Biffin','1985-05-02','67 Bunker Hill Avenue'),(305,'Gabbie','Laverick','1981-07-07','1 Fieldstone Plaza'),(306,'Boigie','Kitteridge','2000-12-21','4917 Namekagon Point'),(307,'Godiva','Fenney','1964-07-09','094 Steensland Center'),(308,'Gal','Fowell','1988-05-09','770 Harbort Point'),(309,'Abdul','Dowsett','1994-11-16','7866 Texas Alley'),(310,'Matti','Buxam','1971-12-03','1789 Warrior Trail'),(311,'Cameron','Jurn','1992-12-22','22 Main Trail'),(312,'Maury','Bathowe','1991-04-21','3 Mandrake Alley'),(313,'Jonas','Crann','1967-08-18','7 Superior Street'),(314,'Nichols','Marfield','1998-05-28','474 West Street'),(315,'Feliza','Boak','1973-11-28','0 Kennedy Junction'),(316,'Delora','Mattiello','1994-02-17','0563 Laurel Park'),(317,'Willetta','Pointin','1991-11-15','0497 Thierer Hill'),(318,'Gilberto','Cosgrave','1998-08-14','35 Kenwood Street'),(319,'Gabbie','Abbie','1996-12-23','681 Aberg Park'),(320,'Phillip','Fallawe','1986-12-23','7 Lillian Alley'),(321,'Ennis','Gilluley','1976-04-06','539 3rd Circle'),(322,'Billi','Hayles','1975-05-03','5821 Forster Parkway'),(323,'Miof mela','Cereceres','1965-04-13','80157 Sauthoff Plaza'),(324,'Nicolette','Wanell','1987-12-20','20885 Anniversary Alley'),(325,'Flinn','Doyle','1990-10-22','053 Pankratz Trail'),(326,'Dorothea','Johns','1990-12-18','358 Clemons Plaza'),(327,'Brandtr','Denk','1974-05-22','589 Lindbergh Drive'),(328,'Kaia','Reimer','1989-06-07','6863 Tennyson Avenue'),(329,'Alvira','Yeulet','1983-09-14','746 Gale Circle'),(330,'Everett','Painswick','1991-10-10','5727 Farmco Crossing'),(331,'Doll','Rosini','1976-03-06','240 Reinke Trail'),(332,'Aurelia','Kamenar','1978-03-20','7 Forster Court'),(333,'Everard','Coope','1974-09-07','8 Superior Avenue'),(334,'Barbi','Darree','1986-09-06','24444 Garrison Street'),(335,'Daryl','Gillhespy','1969-08-16','9097 Raven Court'),(336,'Devon','Coger','1998-12-10','24850 Merrick Pass'),(337,'Stevy','Rebanks','1960-03-11','34 Moose Trail'),(338,'Gordon','Videler','1985-08-05','5656 Lakeland Park'),(339,'Pavlov','Willatts','1984-03-25','9 Helena Center'),(340,'Nickie','MacTrustam','1962-05-08','32577 Porter Point'),(341,'Addy','Lasselle','1977-11-28','0 Graceland Parkway'),(342,'Molly','Lembke','1971-08-04','96123 Marquette Circle'),(343,'Raymund','Boscott','1991-06-07','17718 Sullivan Avenue'),(344,'Celia','Ravenhill','1963-06-11','6 Barby Point'),(345,'Maggy','Bowdrey','1979-07-22','75433 Morrow Street'),(346,'Vassili','Peddowe','1980-04-21','30504 Delaware Pass'),(347,'Rosita','Larciere','1993-05-12','61 Nobel Pass'),(348,'Traci','Stockoe','1975-08-21','08 Pawling Trail'),(349,'Joeann','Motton','1987-03-15','479 Saint Paul Pass'),(350,'Ives','Swaisland','1971-09-09','87439 Moose Terrace'),(351,'Dick','Ranahan','1990-04-11','308 Becker Center'),(352,'Maegan','Boram','1974-02-17','7330 Cherokee Lane'),(353,'Jinny','Van Geffen','1995-10-06','93 Florence Terrace'),(354,'Noelyn','Heyfield','1992-06-07','6 Utah Point'),(355,'Hermon','Girtin','1987-05-28','291 Crescent Oaks Road'),(356,'Halette','Ruberry','1989-09-14','9 Brentwood Way'),(357,'Bordie','Snasel','1977-06-02','209 Saint Paul Park'),(358,'Forrester','Loins','1979-06-02','5885 1st Junction'),(359,'Erich','Lartice','1978-09-18','082 Welch Street'),(360,'Bruis','Bruckner','1980-05-03','623 Clyde Gallagher Point'),(361,'Lucas','Wyper','1998-01-30','66360 Spohn Park'),(362,'Dyana','Stitle','1989-05-25','00 Del Sol Terrace'),(363,'Adeline','Alcoran','1966-02-05','2052 Spohn Street'),(364,'Corey','Whardley','1999-09-21','219 Transport Crossing'),(365,'Walton','Hopfer','1983-10-12','93880 Butterfield Terrace'),(366,'Dorri','Cogan','1971-01-03','5992 Oak Street'),(367,'Paula','Gorelli','1985-05-14','816 Bay Plaza'),(368,'Maury','Krout','1976-06-03','2086 Barby Center'),(369,'Ozzy','Greenleaf','2000-04-30','7 School Court'),(370,'Kala','Neill','1968-05-15','9 Linden Trail'),(371,'Maria','O\'Currine','1968-09-21','787 Calypso Crossing'),(372,'Adey','Petrasek','1964-08-30','44 Namekagon Drive'),(373,'Suzette','Swains','1984-05-28','8 Memorial Point'),(374,'Pren','Heeron','1984-06-07','61190 Fuller Street'),(375,'Feliza','Giddings','1965-03-07','7498 Gina Circle'),(376,'Joseph','Burrow','1996-06-04','828 Bluestem Place'),(377,'Emelda','Cheatle','1965-02-16','823 Sullivan Alley'),(378,'Tonnie','Dethloff','1979-06-07','4 Oxford Parkway'),(379,'Redford','Guilloux','1991-05-05','927 Fulton Drive'),(380,'Gayla','Knappen','1989-01-07','36808 Melrose Alley'),(381,'Lil','Peasgood','2000-06-15','69733 Bonner Street'),(382,'Jozef','Luckett','1985-12-30','8 Butterfield Plaza'),(383,'Cyril','Valentine','1970-11-26','69553 Logan Crossing'),(384,'Lena','Seignior','1990-10-05','50 Anderson Hill'),(385,'Derek','Franzman','1999-11-17','76 Springs Place'),(386,'Stephi','Spollen','1981-02-27','185 Hovde Crossing'),(387,'Katharina','Fleckno','1976-11-25','77632 Mallard Way'),(388,'Felita','Jaggard','1977-07-24','8428 Longview Place'),(389,'Hy','O\'Curneen','1982-06-26','9 Shopko Alley'),(390,'Amelita','Greatex','1978-08-15','3 Portage Lane'),(391,'Irena','Basezzi','1975-09-14','8 Derek Drive'),(392,'Evelyn','Hardwin','1979-04-21','93 6th Park'),(393,'Franciska','Will','1987-05-30','81 Helena Court'),(394,'Michele','Keddey','1965-06-11','1590 Novick Point'),(395,'Jerrilee','Cockroft','1971-01-15','21 Kedzie Park'),(396,'Ephrem','Skate','1987-08-27','4 Fairview Junction'),(397,'Mohandas','Murrigan','1980-01-22','122 Knutson Street'),(398,'Jerri','de Grey','1966-04-18','1 Lakewood Gardens Junction'),(399,'Edith','Bramall','1986-09-11','4443 Northport Parkway'),(400,'Willi','Grinyakin','1971-01-31','1948 Lindbergh Avenue'),(401,'Drucy','McSporrin','1991-12-08','134 Badeau Place'),(402,'Powell','Rycraft','1981-12-23','3383 Mayfield Trail'),(403,'Gale','Gadie','1980-04-29','03854 Nelson Crossing'),(404,'Heda','Stonall','1963-03-01','2 Sundown Junction'),(405,'Sophronia','Goldsbury','1963-10-19','56184 Wayridge Way'),(406,'Elysee','Phillip','1970-09-21','9 Sundown Circle'),(407,'Maribeth','Martinek','1964-12-27','6 Nova Road'),(408,'Dorena','O\'Lennachain','1994-11-02','5739 Stone Corner Pass'),(409,'Louella','Chantillon','1986-07-20','9994 Clemons Road'),(410,'Laure','Eccleshall','1962-07-21','521 Anhalt Crossing'),(411,'Charlotta','Arbuckle','1967-04-19','63 Daystar Lane'),(412,'Thor','Dowbiggin','1970-12-26','82 Canary Drive'),(413,'Annabel','Lowes','1971-05-06','3534 Randy Hill'),(414,'Rafa','Haskayne','1968-07-23','7896 Emmet Terrace'),(415,'Grant','Bowhay','1974-02-03','226 Tennessee Point'),(416,'Laurene','O\'Giany','1961-08-20','8385 Delladonna Drive'),(417,'Virgil','Tunny','1996-07-29','33 Anzinger Place'),(418,'York','Jurs','1977-05-29','2431 Northport Center'),(419,'Julianne','Wickham','1972-09-18','44951 Farragut Center'),(420,'Johnnie','Gatehouse','1994-01-05','87484 Washington Place'),(421,'Elane','Peffer','1992-01-19','4 Heath Lane'),(422,'Lief','Haborn','1981-05-11','4871 Messerschmidt Street'),(423,'Rikki','Cheng','1977-08-29','856 Rutledge Plaza'),(424,'Muffin','Burnhill','1965-04-11','662 Waywood Road'),(425,'Traci','Tembey','1960-04-24','15 South Street'),(426,'Thebault','Voss','1978-03-26','5 Hayes Parkway'),(427,'Stefania','Rutland','1960-07-01','396 Cardinal Park'),(428,'Oliy','Nalder','1968-09-20','92442 Iowa Junction'),(429,'Janetta','Rudgard','1995-08-14','239 Green Ridge Alley'),(430,'Ulrikaumeko','Skipper','2000-10-13','8 Magdeline Trail'),(431,'Merna','Paike','1984-02-25','44429 Arapahoe Trail'),(432,'Bay','Ceaplen','1990-12-27','234 Knutson Place'),(433,'Gino','Hackworthy','1962-04-17','55638 Laurel Way'),(434,'Shawn','De Biaggi','1972-05-21','07 Straubel Court'),(435,'Giacomo','Burgoin','1998-07-24','6073 Bartillon Trail'),(436,'Maible','Renvoise','1976-11-26','46 Buhler Avenue'),(437,'Junina','Tolputt','1963-04-26','26141 Jackson Hill'),(438,'Charmion','Qualtro','1967-06-17','80522 Farmco Center'),(439,'Don','Cargen','1986-07-10','04763 Haas Center'),(440,'Hillel','Baccas','1983-04-01','430 Graedel Crossing'),(441,'Milissent','Pembry','1962-01-21','8011 Sage Circle'),(442,'Laurel','Iskowitz','1984-05-21','8582 Kings Park'),(443,'Cherey','Lingley','1962-03-29','34 Russell Hill'),(444,'Vasili','Dunphie','1980-11-12','3 Sauthoff Point'),(445,'Wanids','Szapiro','1975-11-08','6590 Boyd Road'),(446,'Gwyneth','Hains','1986-05-06','52 Leroy Pass'),(447,'Sharona','Archbold','1979-07-20','3 Lerdahl Trail'),(448,'Mitch','Rowbottom','2000-02-11','89 Gulseth Point'),(449,'Valdemar','Gilmore','1966-01-27','9 Myrtle Center'),(450,'Andreas','Fessier','1980-02-02','6126 Clove Point'),(451,'Konrad','McCrann','1971-11-28','1 Fieldstone Center'),(452,'Demetria','Shillabeare','1997-01-28','68049 Cardinal Center'),(453,'Jobina','Morales','1983-07-02','9 Esker Circle'),(454,'Briano','Megahey','1973-05-18','0766 Sachtjen Alley'),(455,'Rochester','Eckels','1967-11-05','492 Lukken Pass'),(456,'Luis','Peaddie','1995-10-05','1 Dennis Hill'),(457,'Sheppard','Hawkett','1974-11-28','33 Reinke Point'),(458,'Teresa','Nurden','1995-08-31','994 Fuller Drive'),(459,'Rich','Brownlea','1986-02-13','73 Loftsgordon Junction'),(460,'Jayson','Durram','1962-03-13','29 West Terrace'),(461,'Carmen','Muehler','1977-04-24','2 Twin Pines Pass'),(462,'Sammy','Labone','1992-07-11','09958 Bayside Avenue'),(463,'Hermia','Crock','1963-05-03','11 Dottie Center'),(464,'Erin','Cleugher','1993-10-09','8 Basil Center'),(465,'Cassi','Bridle','1997-11-04','59368 Green Park'),(466,'Mabelle','Pyser','1968-06-03','32 Jenna Trail'),(467,'Jemima','Fone','1997-04-24','97 Del Sol Alley'),(468,'Dante','Sempill','1967-06-22','5738 High Crossing Parkway'),(469,'Bertram','Tydeman','1964-09-24','50756 Eliot Road'),(470,'Bob','Cowerd','1992-11-12','544 Jay Road'),(471,'Zorina','Elvy','1996-06-07','400 Moulton Alley'),(472,'Inge','Troop','1999-05-14','73 Arrowood Lane'),(473,'Gerda','Surr','1999-04-09','2440 Calypso Alley'),(474,'Sinclair','Hannent','1965-10-12','25908 Michigan Hill'),(475,'Nappy','Etteridge','1964-06-25','462 Sachs Drive'),(476,'Bennie','McLay','1976-06-09','27985 Longview Pass'),(477,'Colly','Teideman','1999-03-10','8488 American Park'),(478,'Val','De Souza','1990-04-28','3565 Homewood Park'),(479,'Arlen','Abeau','1999-10-05','87 Schiller Pass'),(480,'Mathilde','Eddins','1961-08-13','480 Green Ridge Road'),(481,'Abbey','Brixham','1973-04-30','44290 Rockefeller Street'),(482,'Lewiss','Elmhurst','1968-03-31','4525 Mayer Terrace'),(483,'Amitie','Verbrugghen','1993-07-26','52 Oak Park'),(484,'Perceval','Polycote','1965-02-01','8 Melody Road'),(485,'Llewellyn','Lere','1999-08-24','72 Ruskin Point'),(486,'Bron','Harback','1996-01-02','349 Forest Dale Court'),(487,'Georgy','Breadmore','1968-02-02','1565 Straubel Alley'),(488,'Sanderson','Karpf','1978-09-07','5 7th Pass'),(489,'Lavina','Wilder','1984-01-03','51957 Dovetail Drive'),(490,'Adrien','Geall','1987-10-10','062 Arkansas Drive'),(491,'Raquel','Plues','1981-10-15','78 Buhler Street'),(492,'Wake','Huke','1964-09-10','9 Hauk Terrace'),(493,'Clarance','Saunier','1996-04-02','258 Del Sol Terrace'),(494,'Kleon','Webb-Bowen','1978-10-04','57687 Pearson Drive'),(495,'Rebe','Gianinotti','1976-12-20','9 Pepper Wood Parkway'),(496,'Dorothea','Clayson','1970-07-21','3 Westend Park'),(497,'Liz','Denisyev','1974-06-16','24039 Arapahoe Circle'),(498,'Caye','Skittrall','1987-08-30','707 Aberg Circle'),(499,'Tully','Fortman','1967-10-24','24 Roxbury Pass'),(500,'Rickert','Mettetal','1987-01-23','084 Meadow Vale Alley'),(501,'Gabie','Scutter','1975-07-11','0051 Bunting Center'),(502,'Hugo','MacNelly','1975-05-09','99886 David Pass'),(503,'Vivianne','Majury','1981-02-22','38 Troy Avenue'),(504,'Nealson','Cowthard','1997-03-26','82284 Gina Parkway'),(505,'Beverley','Maffioni','1982-06-29','703 Holmberg Road'),(506,'Ruby','Paschek','1979-07-11','8 Declaration Lane'),(507,'Kali','Ziehms','1991-01-13','893 Waxwing Road'),(508,'Georgeanna','Matteucci','1994-08-19','9096 Little Fleur Way'),(509,'Alida','Schott','1964-12-20','87497 Aberg Lane'),(510,'Eleen','Savil','1981-04-22','582 Brown Street'),(511,'Frayda','Duckworth','1974-08-31','3 Autumn Leaf Center'),(512,'Maxwell','Gockeler','1979-04-01','45 Northport Point'),(513,'Prinz','Muffett','1971-03-24','6 Vermont Center'),(514,'Geoffry','Tanfield','1993-07-13','03459 Delladonna Center'),(515,'Aileen','Tapley','1999-05-23','19 Rowland Court'),(516,'Calli','Puttick','1976-09-22','7644 Dryden Junction'),(517,'Fletcher','Antonomolii','1977-07-22','8431 Glendale Junction'),(518,'Nicolas','Shemwell','1966-05-02','55 Larry Alley'),(519,'Aprilette','Clynman','1963-12-23','9603 Atwood Court'),(520,'Fredia','Uttley','1968-03-01','7684 Sunnyside Circle'),(521,'Gordy','Doulton','1975-06-01','4372 Spohn Circle'),(522,'Kailey','Fullard','1973-07-09','2458 Petterle Avenue'),(523,'Letta','Itscowics','1992-11-08','1 Arrowood Park'),(524,'Nikos','Duffit','1969-02-19','796 Summer Ridge Lane'),(525,'Sarita','Catcheside','1991-04-02','18 Troy Street'),(526,'York','Billson','1962-01-15','61 Porter Way'),(527,'Emlyn','Kuhnt','1999-09-30','69 Express Street'),(528,'Polly','Thomassin','1989-11-21','5448 Springs Way'),(529,'Burke','Tizard','1983-04-08','736 Shelley Parkway'),(530,'Regan','Jedrasik','1988-03-23','65 Roth Court'),(531,'Chantal','Rosenstengel','1991-06-16','3 Nevada Circle'),(532,'Emiline','Babar','1987-01-04','78 Lakeland Junction'),(533,'Dorthy','Bolt','1980-10-05','2 Marquette Park'),(534,'Fidela','Bompas','1966-01-24','31049 Fulton Alley'),(535,'Mommy','Downse','1981-10-20','666 Trailsway Plaza'),(536,'Terrie','Kintzel','1996-02-09','5843 Gerald Way'),(537,'Lanny','Le Marchand','1978-08-07','15032 Grim Circle'),(538,'Roda','Pickvance','1985-11-19','7 Cascade Avenue'),(539,'Chrysler','Scarce','1970-12-22','9 Almo Circle'),(540,'Duncan','Beevers','1995-12-17','5490 Pine View Center'),(541,'Britte','Regan','1972-10-11','11086 Welch Terrace'),(542,'Adrienne','Ivanikov','1965-04-30','41997 Myrtle Center'),(543,'Welch','Scrase','1967-06-24','66956 Pankratz Plaza'),(544,'Karena','Goodram','1967-03-30','526 Hallows Drive'),(545,'Stuart','Pumphreys','1998-11-28','57663 Butterfield Junction'),(546,'Herbie','Osbaldeston','1989-03-12','14 Garrison Avenue'),(547,'Carroll','Ivanenko','1971-01-23','995 Independence Terrace'),(548,'Analiese','Saket','1973-07-29','295 Oriole Center'),(549,'Manuel','Hemerijk','1992-07-18','2 Marquette Junction'),(550,'Bruno','Bellord','1967-03-27','493 Dennis Pass'),(551,'Alicia','Noot','2000-04-17','7962 Laurel Trail'),(552,'Suzie','Blaszczyk','1970-02-18','34 Heath Road'),(553,'Andrej','Chadwen','1977-11-23','848 Sullivan Way'),(554,'Evita','Olver','1983-11-27','179 Mitchell Hill'),(555,'Marquita','Elflain','1994-06-20','5 Merchant Circle'),(556,'Chic','Astman','1997-09-03','0 Pawling Crossing'),(557,'Sancho','Bakey','1970-12-28','9 Towne Park'),(558,'Donnamarie','McEnery','1997-07-02','9645 Northfield Trail'),(559,'Massimo','Weddeburn - Scrimgeour','1975-11-08','5117 Jenifer Hill'),(560,'Joane','Birkenhead','1993-11-17','6187 Wayridge Circle'),(561,'Nil','Buckthorp','1997-08-21','1519 Butternut Street'),(562,'Gualterio','Muttock','1981-07-27','0 Towne Trail'),(563,'Justina','Shakesby','1994-02-28','1842 Orin Park'),(564,'Tessie','Goggen','1972-12-16','52 Sommers Lane'),(565,'Kerk','Berthelet','1979-02-13','170 Warbler Plaza'),(566,'Humbert','Gilberthorpe','1973-11-05','9178 Independence Drive'),(567,'Eula','Sillars','1973-10-21','5 Center Circle'),(568,'Donalt','Badman','1973-10-15','0 Elmside Lane'),(569,'Kathryn','Howlett','1995-01-17','95721 Memorial Lane'),(570,'Dwayne','Borthram','1984-11-20','1588 Holy Cross Crossing'),(571,'Glynn','Boucher','1997-09-07','30 Waywood Center'),(572,'Raddie','Jellman','1999-09-09','43760 Victoria Road'),(573,'Jenifer','Talton','1995-02-27','3014 Sunnyside Pass'),(574,'Chico','Adamovich','1972-11-02','2055 Mifflin Trail'),(575,'Billy','Izkovicz','1967-04-19','8 Oriole Alley'),(576,'Madelyn','Semper','1996-12-27','35 Gulseth Plaza'),(577,'Valma','Hebblewhite','1985-04-29','265 Carberry Street'),(578,'Kelcie','Marris','1972-12-27','58 Crownhardt Terrace'),(579,'Evie','McGillicuddy','1973-12-30','0175 Nobel Point'),(580,'Ernaline','Cardo','1982-11-18','07 Portage Circle'),(581,'Margret','Lory','1981-12-21','59 Arkansas Avenue'),(582,'Adora','Wilderspoon','1980-11-09','838 Pond Street'),(583,'Leela','Kenningley','1971-05-24','80 Manitowish Court'),(584,'Tildie','Kempton','1964-10-23','168 Maryland Park'),(585,'Thatch','Hobben','1966-02-07','6183 Banding Crossing'),(586,'Ranice','Gashion','1980-11-21','2 Walton Pass'),(587,'Katleen','Runciman','1960-03-13','476 Truax Way'),(588,'Perla','Benting','1966-10-27','5602 Badeau Circle'),(589,'Rianon','McGilmartin','1998-04-23','964 Carioca Center'),(590,'Renato','Gaule','1962-10-19','3498 Nova Court'),(591,'Konstance','Haggerston','1970-03-21','5868 Leroy Road'),(592,'Rowney','Hartup','1988-09-20','8 Vera Alley'),(593,'Karina','Lytlle','1976-07-10','674 Bayside Circle'),(594,'Ilene','Wellum','1987-12-07','34748 West Street'),(595,'Taber','Feria','1980-09-27','42 Amoth Pass'),(596,'Liam','Waterfall','1974-04-02','741 Atwood Circle'),(597,'Claudell','Ingram','1976-07-21','68109 Graedel Alley'),(598,'Avrom','Jewers','1991-06-04','9991 Norway Maple Way'),(599,'Shalom','Silverson','1980-07-23','65 Tony Alley'),(600,'Bern','Byneth','1965-09-06','5492 Mayer Point');
/*!40000 ALTER TABLE `patient` ENABLE KEYS */;
UNLOCK TABLES;

--
-- Table structure for table `patientrecord`
--

DROP TABLE IF EXISTS `patientrecord`;
/*!40101 SET @saved_cs_client     = @@character_set_client */;
/*!50503 SET character_set_client = utf8mb4 */;
CREATE TABLE `patientrecord` (
  `FK_Patient` int NOT NULL AUTO_INCREMENT,
  `Disease` varchar(120) DEFAULT NULL,
  `InheritedDisease` tinyint(1) DEFAULT NULL,
  PRIMARY KEY (`FK_Patient`),
  CONSTRAINT `patientrecord_ibfk_1` FOREIGN KEY (`FK_Patient`) REFERENCES `patient` (`Pkey`)
) ENGINE=InnoDB AUTO_INCREMENT=601 DEFAULT CHARSET=utf8mb4 COLLATE=utf8mb4_0900_ai_ci;
/*!40101 SET character_set_client = @saved_cs_client */;

--
-- Dumping data for table `patientrecord`
--

LOCK TABLES `patientrecord` WRITE;
/*!40000 ALTER TABLE `patientrecord` DISABLE KEYS */;
INSERT INTO `patientrecord` VALUES (1,NULL,0),(2,'Autoimmune diseases: Ulcerative colitis',1),(3,'Endocrine diseases: Type 1 diabetes',0),(4,'Nerve disorders: Sciatica',0),(5,NULL,0),(6,'Other diseases: Ebola',1),(7,'Respiratory disease: Adenovirus',0),(8,'Bone diseases: Back pain',1),(9,'Respiratory disease: Pneumonia',0),(10,'Brain disease: Depression',0),(11,NULL,0),(12,'Digestive complications: IBS',0),(13,'Digestive complications: Food poisoning',0),(14,NULL,0),(15,'Other diseases: Ovarian cysts',0),(16,NULL,0),(17,'Kidney disease: Chronic kidney disease',1),(18,NULL,0),(19,'Endocrine diseases: Diabetic gangrene',0),(20,NULL,0),(21,'Kidney disease: Polycystic kidney disease',0),(22,'Liver disease: Hepatitis',0),(23,'Endocrine diseases: Hyperthyroidism',1),(24,'Digestive complications: Peptic ulcer',1),(25,'Heart disease: Atrial fibrillation',1),(26,'Autoimmune diseases: Sjogerns syndrome',1),(27,'Autoimmune diseases: Sarcoidosis',0),(28,'Autoimmune diseases: Crohns disease',0),(29,NULL,0),(30,'Liver disease: Hepatitis B',0),(31,NULL,0),(32,'Respiratory disease: Cystic fibrosis',1),(33,NULL,0),(34,NULL,0),(35,NULL,0),(36,'Heart disease: Aortic valve stenosis',0),(37,'Autoimmune diseases: Kawasaki disease',1),(38,'Autoimmune diseases: Aplastic anaemia',0),(39,'Skin diseases: Burns',0),(40,'Digestive complications: Appendicitis',1),(41,NULL,0),(42,NULL,0),(43,NULL,0),(44,'Endocrine diseases: Diabetes',0),(45,'Autoimmune diseases: Graves disease',1),(46,NULL,0),(47,'Bone diseases: Cervical spondylosis',0),(48,'Skin diseases: Dermatitis',0),(49,'Skin diseases: Cellulitis',1),(50,'Respiratory disease: COPD',0),(51,'Skin diseases: Eczema',0),(52,'Kidney disease: Glomerulonephritis',1),(53,NULL,0),(54,NULL,0),(55,'Skin diseases: Keloids',0),(56,'Other diseases: Vertigo',1),(57,NULL,0),(58,'Heart disease: Atherosclerosis',0),(59,NULL,0),(60,'Autoimmune diseases: Restless leg syndrome',0),(61,'Autoimmune diseases: Celiac disease',1),(62,'Blood diseases: Aneurysm',1),(63,NULL,0),(64,NULL,0),(65,'Blood diseases: Hypertension',1),(66,'Digestive complications: Gastritis',1),(67,NULL,0),(68,'Autoimmune diseases: Menieres disease',0),(69,NULL,0),(70,'Liver disease: Hepatitis E',1),(71,NULL,0),(72,'Kidney disease: Diabetic Nephropathy',0),(73,'Respiratory disease: Cough and cold',1),(74,'Kidney disease: Kidney stones',1),(75,NULL,0),(76,NULL,0),(77,'Autoimmune diseases: Rheumatoid arthritis',1),(78,'Skin diseases: Anaphylaxis',0),(79,'Bone diseases: Slipped disc',1),(80,NULL,0),(81,NULL,0),(82,'Blood diseases: Deep vein thrombosis',1),(83,'Heart disease: Peripheral vascular disease',1),(84,'Autoimmune diseases: Lyme disease',1),(85,'Respiratory disease: Emphysema',1),(86,'Respiratory disease: Bronchitis',0),(87,NULL,0),(88,NULL,0),(89,'Endocrine diseases: Insomnia',0),(90,NULL,0),(91,NULL,0),(92,NULL,0),(93,NULL,0),(94,NULL,0),(95,'Bone diseases: Osteoporosis',1),(96,'Digestive complications: Gastroenteritis',1),(97,NULL,0),(98,NULL,0),(99,'Heart disease: Coronary heart disease',1),(100,NULL,0),(101,'Liver disease: Hepatitis A',0),(102,NULL,0),(103,NULL,0),(104,'Skin diseases: Atopic dermatitis',0),(105,'Respiratory disease: Drug resistant TB',1),(106,'Brain disease: Alzheimers disease',1),(107,'Nerve disorders: Bell\'\'s Palsy',1),(108,'Bone diseases: Brittle bone disease or osteogenesis imperfecta',0),(109,NULL,0),(110,'Respiratory disease: MERS-CoV',1),(111,NULL,0),(112,NULL,0),(113,'Brain disease: Schizophrenia',0),(114,'Respiratory disease: Allergic rhinitis',1),(115,'Skin diseases: Seborrheic dermatitis',1),(116,'Nerve disorders: Paralysis',1),(117,NULL,0),(118,'Autoimmune diseases: Pernicious anaemia',1),(119,NULL,0),(120,'Autoimmune diseases: Multiple sclerosis',0),(121,NULL,0),(122,'Brain disease: Bipolar disorder',1),(123,'Autoimmune diseases: Myasthenia gravis',0),(124,NULL,0),(125,'Autoimmune diseases: Psoriasis',0),(126,NULL,0),(127,'Digestive complications: Dyspepsia',1),(128,NULL,0),(129,NULL,0),(130,'Kidney disease: Nephrotic syndrome',1),(131,'Other diseases: Endometriosis',0),(132,NULL,0),(133,'Autoimmune diseases: Ankylosing spondylitis',0),(134,NULL,0),(135,'Brain disease: Stroke',0),(136,'Autoimmune diseases: Optic neuritis',1),(137,'Respiratory disease: Multi-drug resistant TB',0),(138,'Autoimmune diseases: Lichen planus',0),(139,'Endocrine diseases: Diabetic nephropathy',1),(140,'Endocrine diseases: Hypothyroidism',0),(141,'Respiratory disease: Dry cough',0),(142,'Heart disease: Congestive heart failure',1),(143,'Digestive complications: Food allergy',1),(144,'Endocrine diseases: Gestational diabetes',1),(145,'Brain disease: Epilepsy',0),(146,NULL,0),(147,'Autoimmune diseases: Fibromyalgia',0),(148,NULL,0),(149,'Autoimmune diseases: Addisons disease',0),(150,'Brain disease: Brain aneurysm',1),(151,'Endocrine diseases: Diabetic ketoacidosis',0),(152,'Blood diseases: Thalassemia',0),(153,NULL,0),(154,'Other diseases: Piles',1),(155,NULL,0),(156,'Kidney disease: Gallstones',0),(157,'Bone diseases: Arthritis',1),(158,'Respiratory disease: Productive cough',0),(159,'Heart disease: Rheumatic heart disease',0),(160,'Other diseases: Hernia',0),(161,NULL,0),(162,NULL,0),(163,'Autoimmune diseases: Vitiligo',1),(164,'Endocrine diseases: Type 2 Diabetes',1),(165,'Endocrine diseases: Diabetic foot',1),(166,'Heart disease: Cardiomyopathy',1),(167,'Bone diseases: Carpal Tunnel syndrome',0),(168,NULL,0),(169,'Endocrine diseases: Diabetic neuropathy',0),(170,'Other diseases: Malaria',0),(171,NULL,0),(172,'Nerve disorders: Varicose veins',1),(173,NULL,0),(174,NULL,0),(175,NULL,0),(176,NULL,0),(177,NULL,0),(178,'Kidney disease: Kidney infection/Pyelonephritis',1),(179,NULL,0),(180,NULL,0),(181,'Respiratory disease: Lung disease',0),(182,'Brain disease: Parkinson\'\'s disease',1),(183,'Digestive complications: Colitis',1),(184,NULL,0),(185,'Heart disease: Pericarditis',1),(186,NULL,0),(187,'Blood diseases: Anaemia',1),(188,NULL,0),(189,'Other diseases: Chikungunya',1),(190,'Other diseases: Dengue',1),(191,'Skin diseases: Contact dermatitis',0),(192,NULL,0),(193,'Endocrine diseases: Thyroid disease',0),(194,'Kidney disease: Kidney failure',0),(195,'Respiratory disease: Asthma',0),(196,'Digestive complications: Acidity',0),(197,'Other diseases: Hivaids',1),(198,'Other diseases: Bird flu',1),(199,'Brain disease: Dementia',0),(200,NULL,0),(201,NULL,0),(202,'Autoimmune diseases: Multiple sclerosis',0),(203,NULL,0),(204,'Brain disease: Bipolar disorder',1),(205,'Autoimmune diseases: Myasthenia gravis',0),(206,NULL,0),(207,'Autoimmune diseases: Psoriasis',0),(208,NULL,0),(209,'Digestive complications: Dyspepsia',1),(210,NULL,0),(211,NULL,0),(212,'Kidney disease: Nephrotic syndrome',1),(213,'Other diseases: Endometriosis',0),(214,NULL,0),(215,'Autoimmune diseases: Ankylosing spondylitis',0),(216,NULL,0),(217,'Brain disease: Stroke',0),(218,'Autoimmune diseases: Optic neuritis',1),(219,'Respiratory disease: Multi-drug resistant TB',0),(220,'Autoimmune diseases: Lichen planus',0),(221,NULL,0),(222,'Blood diseases: Anaemia',1),(223,NULL,0),(224,'Other diseases: Chikungunya',1),(225,'Other diseases: Dengue',1),(226,'Skin diseases: Contact dermatitis',0),(227,NULL,0),(228,'Endocrine diseases: Thyroid disease',0),(229,'Kidney disease: Kidney failure',0),(230,'Respiratory disease: Asthma',0),(231,'Digestive complications: Acidity',0),(232,'Other diseases: Hivaids',1),(233,'Other diseases: Bird flu',1),(234,'Brain disease: Dementia',0),(235,NULL,0),(236,NULL,0),(237,'Autoimmune diseases: Multiple sclerosis',0),(238,NULL,0),(239,'Brain disease: Bipolar disorder',1),(240,'Autoimmune diseases: Ulcerative colitis',1),(241,'Endocrine diseases: Type 1 diabetes',0),(242,'Nerve disorders: Sciatica',0),(243,NULL,0),(244,'Other diseases: Ebola',1),(245,'Respiratory disease: Adenovirus',0),(246,'Bone diseases: Back pain',1),(247,'Respiratory disease: Pneumonia',0),(248,'Brain disease: Depression',0),(249,NULL,0),(250,'Digestive complications: IBS',0),(251,'Digestive complications: Food poisoning',0),(252,NULL,0),(253,'Other diseases: Ovarian cysts',0),(254,NULL,0),(255,'Kidney disease: Chronic kidney disease',1),(256,NULL,0),(257,'Endocrine diseases: Diabetic gangrene',0),(258,NULL,0),(259,'Kidney disease: Polycystic kidney disease',0),(260,'Liver disease: Hepatitis',0),(261,'Kidney disease: Polycystic kidney disease',0),(262,'Liver disease: Hepatitis',0),(263,'Endocrine diseases: Hyperthyroidism',1),(264,'Digestive complications: Peptic ulcer',1),(265,'Heart disease: Atrial fibrillation',1),(266,'Autoimmune diseases: Sjogerns syndrome',1),(267,'Autoimmune diseases: Sarcoidosis',0),(268,'Autoimmune diseases: Crohns disease',0),(269,NULL,0),(270,'Liver disease: Hepatitis B',0),(271,NULL,0),(272,'Respiratory disease: Cystic fibrosis',1),(273,NULL,0),(274,NULL,0),(275,NULL,0),(276,'Heart disease: Aortic valve stenosis',0),(277,'Autoimmune diseases: Kawasaki disease',1),(278,'Autoimmune diseases: Aplastic anaemia',0),(279,'Skin diseases: Burns',0),(280,'Digestive complications: Appendicitis',1),(281,NULL,0),(282,NULL,0),(283,'Kidney disease: Kidney infection/Pyelonephritis',1),(284,NULL,0),(285,NULL,0),(286,'Respiratory disease: Lung disease',0),(287,'Brain disease: Parkinson\'\'s disease',1),(288,'Digestive complications: Colitis',1),(289,NULL,0),(290,'Heart disease: Pericarditis',1),(291,NULL,0),(292,'Blood diseases: Anaemia',1),(293,NULL,0),(294,'Other diseases: Chikungunya',1),(295,'Other diseases: Dengue',1),(296,'Skin diseases: Contact dermatitis',0),(297,NULL,0),(298,'Endocrine diseases: Thyroid disease',0),(299,'Kidney disease: Kidney failure',0),(300,'Respiratory disease: Asthma',0),(301,'Digestive complications: Acidity',0),(302,'Other diseases: Hivaids',1),(303,'Other diseases: Bird flu',1),(304,'Brain disease: Dementia',0),(305,NULL,0),(306,NULL,0),(307,'Autoimmune diseases: Multiple sclerosis',0),(308,NULL,0),(309,'Brain disease: Bipolar disorder',1),(310,'Autoimmune diseases: Myasthenia gravis',0),(311,NULL,0),(312,'Autoimmune diseases: Psoriasis',0),(313,NULL,0),(314,'Digestive complications: Dyspepsia',1),(315,NULL,0),(316,NULL,0),(317,'Kidney disease: Nephrotic syndrome',1),(318,'Other diseases: Endometriosis',0),(319,NULL,0),(320,'Autoimmune diseases: Ankylosing spondylitis',0),(321,NULL,0),(322,'Brain disease: Stroke',0),(323,NULL,0),(324,'Brain disease: Bipolar disorder',1),(325,'Autoimmune diseases: Myasthenia gravis',0),(326,NULL,0),(327,'Autoimmune diseases: Psoriasis',0),(328,NULL,0),(329,'Digestive complications: Dyspepsia',1),(330,NULL,0),(331,NULL,0),(332,'Kidney disease: Nephrotic syndrome',1),(333,'Other diseases: Endometriosis',0),(334,NULL,0),(335,'Autoimmune diseases: Ankylosing spondylitis',0),(336,NULL,0),(337,'Brain disease: Stroke',0),(338,'Autoimmune diseases: Optic neuritis',1),(339,'Respiratory disease: Multi-drug resistant TB',0),(340,'Autoimmune diseases: Lichen planus',0),(341,'Endocrine diseases: Diabetic nephropathy',1),(342,'Endocrine diseases: Hypothyroidism',0),(343,'Respiratory disease: Dry cough',0),(344,'Heart disease: Congestive heart failure',1),(345,'Digestive complications: Food allergy',1),(346,'Endocrine diseases: Gestational diabetes',1),(347,'Brain disease: Epilepsy',0),(348,NULL,0),(349,'Autoimmune diseases: Fibromyalgia',0),(350,NULL,0),(351,'Autoimmune diseases: Addisons disease',0),(352,'Brain disease: Brain aneurysm',1),(353,'Endocrine diseases: Diabetic ketoacidosis',0),(354,'Blood diseases: Thalassemia',0),(355,NULL,0),(356,'Other diseases: Piles',1),(357,NULL,0),(358,'Kidney disease: Gallstones',0),(359,'Bone diseases: Arthritis',1),(360,'Respiratory disease: Productive cough',0),(361,'Heart disease: Rheumatic heart disease',0),(362,'Heart disease: Cardiomyopathy',1),(363,'Bone diseases: Carpal Tunnel syndrome',0),(364,NULL,0),(365,'Endocrine diseases: Diabetic neuropathy',0),(366,'Other diseases: Malaria',0),(367,NULL,0),(368,'Nerve disorders: Varicose veins',1),(369,NULL,0),(370,NULL,0),(371,NULL,0),(372,NULL,0),(373,NULL,0),(374,'Kidney disease: Kidney infection/Pyelonephritis',1),(375,NULL,0),(376,NULL,0),(377,'Respiratory disease: Lung disease',0),(378,'Brain disease: Parkinson\'\'s disease',1),(379,'Digestive complications: Colitis',1),(380,NULL,0),(381,'Heart disease: Pericarditis',1),(382,NULL,0),(383,'Blood diseases: Anaemia',1),(384,NULL,0),(385,'Other diseases: Chikungunya',1),(386,NULL,0),(387,'Autoimmune diseases: Psoriasis',0),(388,NULL,0),(389,'Digestive complications: Dyspepsia',1),(390,NULL,0),(391,NULL,0),(392,'Kidney disease: Nephrotic syndrome',1),(393,'Other diseases: Endometriosis',0),(394,NULL,0),(395,'Autoimmune diseases: Ankylosing spondylitis',0),(396,NULL,0),(397,'Brain disease: Stroke',0),(398,'Autoimmune diseases: Optic neuritis',1),(399,'Respiratory disease: Multi-drug resistant TB',0),(400,'Autoimmune diseases: Lichen planus',0),(401,'Endocrine diseases: Diabetic nephropathy',1),(402,'Endocrine diseases: Hypothyroidism',0),(403,'Respiratory disease: Dry cough',0),(404,'Heart disease: Congestive heart failure',1),(405,'Digestive complications: Food allergy',1),(406,'Endocrine diseases: Gestational diabetes',1),(407,'Brain disease: Epilepsy',0),(408,NULL,0),(409,'Autoimmune diseases: Fibromyalgia',0),(410,NULL,0),(411,'Autoimmune diseases: Addisons disease',0),(412,'Brain disease: Brain aneurysm',1),(413,'Endocrine diseases: Diabetic ketoacidosis',0),(414,'Blood diseases: Thalassemia',0),(415,NULL,0),(416,'Other diseases: Piles',1),(417,NULL,0),(418,'Kidney disease: Gallstones',0),(419,'Bone diseases: Arthritis',1),(420,'Respiratory disease: Productive cough',0),(421,'Heart disease: Rheumatic heart disease',0),(422,'Other diseases: Hernia',0),(423,NULL,0),(424,NULL,0),(425,'Autoimmune diseases: Vitiligo',1),(426,'Endocrine diseases: Type 2 Diabetes',1),(427,'Endocrine diseases: Diabetic foot',1),(428,'Heart disease: Cardiomyopathy',1),(429,'Bone diseases: Carpal Tunnel syndrome',0),(430,NULL,0),(431,'Endocrine diseases: Diabetic neuropathy',0),(432,'Other diseases: Malaria',0),(433,NULL,0),(434,'Nerve disorders: Varicose veins',1),(435,NULL,0),(436,NULL,0),(437,NULL,0),(438,NULL,0),(439,NULL,0),(440,'Kidney disease: Kidney infection/Pyelonephritis',1),(441,NULL,0),(442,NULL,0),(443,'Respiratory disease: Lung disease',0),(444,'Brain disease: Parkinson\'\'s disease',1),(445,'Digestive complications: Colitis',1),(446,NULL,0),(447,'Heart disease: Pericarditis',1),(448,NULL,0),(449,'Blood diseases: Anaemia',1),(450,NULL,0),(451,'Other diseases: Chikungunya',1),(452,'Other diseases: Dengue',1),(453,'Skin diseases: Contact dermatitis',0),(454,NULL,0),(455,'Endocrine diseases: Thyroid disease',0),(456,'Kidney disease: Kidney failure',0),(457,'Respiratory disease: Asthma',0),(458,'Digestive complications: Acidity',0),(459,'Other diseases: Hivaids',1),(460,'Other diseases: Bird flu',1),(461,'Brain disease: Dementia',0),(462,NULL,0),(463,NULL,0),(464,'Autoimmune diseases: Multiple sclerosis',0),(465,NULL,0),(466,'Brain disease: Bipolar disorder',1),(467,'Autoimmune diseases: Myasthenia gravis',0),(468,NULL,0),(469,'Autoimmune diseases: Psoriasis',0),(470,NULL,0),(471,'Digestive complications: Dyspepsia',1),(472,NULL,0),(473,NULL,0),(474,'Kidney disease: Nephrotic syndrome',1),(475,'Other diseases: Endometriosis',0),(476,NULL,0),(477,'Autoimmune diseases: Ankylosing spondylitis',0),(478,NULL,0),(479,'Brain disease: Stroke',0),(480,'Autoimmune diseases: Optic neuritis',1),(481,'Respiratory disease: Multi-drug resistant TB',0),(482,'Autoimmune diseases: Lichen planus',0),(483,NULL,0),(484,'Blood diseases: Anaemia',1),(485,NULL,0),(486,'Other diseases: Chikungunya',1),(487,'Other diseases: Dengue',1),(488,'Skin diseases: Contact dermatitis',0),(489,NULL,0),(490,'Endocrine diseases: Thyroid disease',0),(491,'Kidney disease: Kidney failure',0),(492,'Respiratory disease: Asthma',0),(493,'Digestive complications: Acidity',0),(494,'Other diseases: Hivaids',1),(495,'Other diseases: Bird flu',1),(496,'Brain disease: Dementia',0),(497,NULL,0),(498,NULL,0),(499,'Autoimmune diseases: Multiple sclerosis',0),(500,NULL,0),(501,'Brain disease: Bipolar disorder',1),(502,'Autoimmune diseases: Ulcerative colitis',1),(503,'Endocrine diseases: Type 1 diabetes',0),(504,'Nerve disorders: Sciatica',0),(505,NULL,0),(506,'Other diseases: Ebola',1),(507,'Respiratory disease: Adenovirus',0),(508,'Bone diseases: Back pain',1),(509,'Respiratory disease: Pneumonia',0),(510,'Brain disease: Depression',0),(511,NULL,0),(512,'Digestive complications: IBS',0),(513,'Digestive complications: Food poisoning',0),(514,NULL,0),(515,'Other diseases: Ovarian cysts',0),(516,NULL,0),(517,'Kidney disease: Chronic kidney disease',1),(518,NULL,0),(519,'Endocrine diseases: Diabetic gangrene',0),(520,NULL,0),(521,'Kidney disease: Polycystic kidney disease',0),(522,'Liver disease: Hepatitis',0),(523,'Kidney disease: Polycystic kidney disease',0),(524,'Liver disease: Hepatitis',0),(525,'Endocrine diseases: Hyperthyroidism',1),(526,'Digestive complications: Peptic ulcer',1),(527,'Heart disease: Atrial fibrillation',1),(528,'Autoimmune diseases: Sjogerns syndrome',1),(529,'Autoimmune diseases: Sarcoidosis',0),(530,'Autoimmune diseases: Crohns disease',0),(531,NULL,0),(532,'Liver disease: Hepatitis B',0),(533,NULL,0),(534,'Respiratory disease: Cystic fibrosis',1),(535,NULL,0),(536,NULL,0),(537,NULL,0),(538,'Heart disease: Aortic valve stenosis',0),(539,'Autoimmune diseases: Kawasaki disease',1),(540,'Autoimmune diseases: Aplastic anaemia',0),(541,'Skin diseases: Burns',0),(542,'Digestive complications: Appendicitis',1),(543,NULL,0),(544,NULL,0),(545,NULL,0),(546,NULL,0),(547,'Kidney disease: Nephrotic syndrome',1),(548,'Other diseases: Endometriosis',0),(549,NULL,0),(550,'Autoimmune diseases: Ankylosing spondylitis',0),(551,NULL,0),(552,'Brain disease: Stroke',0),(553,'Autoimmune diseases: Optic neuritis',1),(554,'Respiratory disease: Multi-drug resistant TB',0),(555,'Autoimmune diseases: Lichen planus',0),(556,'Endocrine diseases: Diabetic nephropathy',1),(557,'Endocrine diseases: Hypothyroidism',0),(558,'Respiratory disease: Dry cough',0),(559,'Heart disease: Congestive heart failure',1),(560,'Digestive complications: Food allergy',1),(561,'Endocrine diseases: Gestational diabetes',1),(562,'Brain disease: Epilepsy',0),(563,'Kidney disease: Nephrotic syndrome',1),(564,'Other diseases: Endometriosis',0),(565,NULL,0),(566,'Autoimmune diseases: Ankylosing spondylitis',0),(567,NULL,0),(568,'Brain disease: Stroke',0),(569,'Autoimmune diseases: Optic neuritis',1),(570,'Respiratory disease: Multi-drug resistant TB',0),(571,'Autoimmune diseases: Lichen planus',0),(572,NULL,0),(573,'Blood diseases: Anaemia',1),(574,NULL,0),(575,'Other diseases: Chikungunya',1),(576,'Other diseases: Dengue',1),(577,'Skin diseases: Contact dermatitis',0),(578,NULL,0),(579,'Endocrine diseases: Thyroid disease',0),(580,'Kidney disease: Kidney failure',0),(581,'Respiratory disease: Asthma',0),(582,'Digestive complications: Acidity',0),(583,'Other diseases: Hivaids',1),(584,'Other diseases: Bird flu',1),(585,'Brain disease: Dementia',0),(586,NULL,0),(587,NULL,0),(588,NULL,0),(589,NULL,0),(590,'Endocrine diseases: Thyroid disease',NULL),(591,'Brain disease: Parkinson\'\'s disease',1),(592,'Digestive complications: Colitis',1),(593,NULL,0),(594,'Heart disease: Pericarditis',1),(595,NULL,0),(596,'Blood diseases: Anaemia',1),(597,NULL,0),(598,'Other diseases: Chikungunya',1),(599,'Other diseases: Dengue',1),(600,'Skin diseases: Contact dermatitis',0);
/*!40000 ALTER TABLE `patientrecord` ENABLE KEYS */;
UNLOCK TABLES;

--
-- Table structure for table `payment`
--

DROP TABLE IF EXISTS `payment`;
/*!40101 SET @saved_cs_client     = @@character_set_client */;
/*!50503 SET character_set_client = utf8mb4 */;
CREATE TABLE `payment` (
  `PayKey` int NOT NULL AUTO_INCREMENT,
  `Amount` decimal(6,2) DEFAULT NULL,
  `FK_Patient` int DEFAULT NULL,
  PRIMARY KEY (`PayKey`),
  KEY `FK_Patient` (`FK_Patient`),
  CONSTRAINT `payment_ibfk_1` FOREIGN KEY (`FK_Patient`) REFERENCES `patient` (`Pkey`)
) ENGINE=InnoDB AUTO_INCREMENT=601 DEFAULT CHARSET=utf8mb4 COLLATE=utf8mb4_0900_ai_ci;
/*!40101 SET character_set_client = @saved_cs_client */;

--
-- Dumping data for table `payment`
--

LOCK TABLES `payment` WRITE;
/*!40000 ALTER TABLE `payment` DISABLE KEYS */;
INSERT INTO `payment` VALUES (1,46.06,1),(2,11.11,2),(3,66.28,3),(4,13.85,4),(5,26.31,5),(6,84.11,6),(7,57.73,7),(8,63.29,8),(9,48.14,9),(10,62.11,10),(11,81.10,11),(12,35.81,12),(13,26.40,13),(14,25.47,14),(15,93.27,15),(16,8.46,16),(17,7.35,17),(18,26.57,18),(19,51.28,19),(20,39.33,20),(21,40.69,21),(22,47.62,22),(23,38.76,23),(24,3.59,24),(25,20.75,25),(26,20.77,26),(27,16.03,27),(28,89.55,28),(29,23.99,29),(30,89.42,30),(31,45.87,31),(32,57.00,32),(33,89.60,33),(34,30.33,34),(35,21.26,35),(36,73.64,36),(37,97.47,37),(38,71.38,38),(39,64.23,39),(40,76.70,40),(41,87.45,41),(42,68.96,42),(43,98.41,43),(44,78.28,44),(45,42.79,45),(46,9.36,46),(47,35.49,47),(48,88.07,48),(49,82.04,49),(50,21.80,50),(51,3.26,51),(52,1.37,52),(53,81.54,53),(54,27.94,54),(55,20.05,55),(56,64.81,56),(57,8.93,57),(58,6.07,58),(59,93.18,59),(60,36.76,60),(61,6.99,61),(62,43.47,62),(63,85.33,63),(64,45.98,64),(65,48.72,65),(66,94.38,66),(67,71.86,67),(68,7.73,68),(69,62.61,69),(70,73.42,70),(71,46.32,71),(72,93.39,72),(73,50.55,73),(74,28.77,74),(75,54.00,75),(76,61.07,76),(77,73.72,77),(78,78.02,78),(79,65.39,79),(80,31.41,80),(81,8.01,81),(82,76.92,82),(83,47.80,83),(84,44.20,84),(85,84.07,85),(86,33.71,86),(87,14.77,87),(88,42.34,88),(89,45.30,89),(90,80.65,90),(91,36.41,91),(92,1.65,92),(93,21.19,93),(94,28.03,94),(95,35.82,95),(96,92.12,96),(97,90.20,97),(98,81.54,98),(99,86.21,99),(100,88.98,100),(101,8.73,101),(102,75.31,102),(103,53.11,103),(104,99.91,104),(105,60.80,105),(106,57.76,106),(107,95.76,107),(108,10.11,108),(109,86.47,109),(110,14.26,110),(111,62.35,111),(112,56.00,112),(113,58.12,113),(114,18.49,114),(115,6.00,115),(116,4.19,116),(117,67.18,117),(118,52.91,118),(119,33.64,119),(120,89.55,120),(121,41.37,121),(122,46.04,122),(123,85.99,123),(124,37.22,124),(125,99.88,125),(126,54.22,126),(127,63.47,127),(128,72.44,128),(129,19.35,129),(130,19.12,130),(131,64.07,131),(132,46.80,132),(133,91.14,133),(134,77.59,134),(135,27.58,135),(136,2.77,136),(137,28.31,137),(138,54.77,138),(139,61.90,139),(140,98.42,140),(141,18.83,141),(142,63.54,142),(143,64.90,143),(144,94.41,144),(145,55.44,145),(146,86.56,146),(147,62.72,147),(148,37.11,148),(149,93.16,149),(150,20.26,150),(151,84.25,151),(152,23.46,152),(153,25.81,153),(154,55.70,154),(155,30.64,155),(156,69.24,156),(157,8.06,157),(158,46.03,158),(159,9.49,159),(160,45.94,160),(161,82.63,161),(162,47.79,162),(163,28.15,163),(164,3.40,164),(165,50.97,165),(166,16.02,166),(167,5.30,167),(168,29.43,168),(169,43.72,169),(170,64.57,170),(171,51.65,171),(172,2.22,172),(173,46.44,173),(174,7.44,174),(175,27.37,175),(176,92.70,176),(177,82.96,177),(178,39.25,178),(179,40.41,179),(180,69.28,180),(181,43.48,181),(182,11.62,182),(183,12.80,183),(184,99.21,184),(185,6.39,185),(186,42.57,186),(187,56.64,187),(188,4.09,188),(189,86.78,189),(190,60.72,190),(191,74.80,191),(192,24.34,192),(193,89.84,193),(194,13.53,194),(195,63.63,195),(196,89.99,196),(197,53.89,197),(198,30.66,198),(199,42.97,199),(200,69.64,200),(201,7.56,201),(202,31.99,202),(203,93.49,203),(204,23.51,204),(205,62.17,205),(206,89.85,206),(207,70.93,207),(208,84.21,208),(209,71.33,209),(210,24.96,210),(211,31.46,211),(212,36.80,212),(213,9.30,213),(214,33.44,214),(215,71.72,215),(216,65.42,216),(217,34.86,217),(218,55.93,218),(219,50.51,219),(220,2.60,220),(221,76.32,221),(222,99.46,222),(223,92.12,223),(224,67.25,224),(225,94.21,225),(226,54.30,226),(227,53.65,227),(228,77.97,228),(229,85.07,229),(230,5.71,230),(231,61.22,231),(232,11.44,232),(233,17.55,233),(234,89.64,234),(235,80.09,235),(236,60.43,236),(237,90.79,237),(238,17.56,238),(239,79.33,239),(240,29.32,240),(241,92.02,241),(242,92.97,242),(243,55.48,243),(244,77.54,244),(245,10.34,245),(246,31.57,246),(247,87.62,247),(248,19.86,248),(249,10.50,249),(250,87.31,250),(251,34.08,251),(252,15.88,252),(253,36.95,253),(254,11.55,254),(255,42.58,255),(256,89.29,256),(257,27.45,257),(258,22.97,258),(259,59.41,259),(260,12.69,260),(261,63.18,261),(262,16.85,262),(263,20.14,263),(264,2.46,264),(265,59.34,265),(266,80.56,266),(267,22.92,267),(268,80.92,268),(269,36.48,269),(270,52.35,270),(271,23.79,271),(272,77.60,272),(273,97.19,273),(274,16.05,274),(275,86.82,275),(276,13.58,276),(277,75.39,277),(278,33.83,278),(279,17.47,279),(280,33.99,280),(281,18.78,281),(282,69.28,282),(283,19.71,283),(284,88.50,284),(285,3.83,285),(286,17.71,286),(287,28.50,287),(288,24.32,288),(289,53.66,289),(290,85.29,290),(291,27.69,291),(292,29.43,292),(293,16.81,293),(294,70.32,294),(295,8.82,295),(296,33.64,296),(297,81.11,297),(298,24.61,298),(299,42.79,299),(300,27.78,300),(301,42.87,301),(302,82.99,302),(303,99.73,303),(304,1.97,304),(305,45.97,305),(306,38.73,306),(307,83.07,307),(308,78.43,308),(309,94.34,309),(310,37.59,310),(311,4.93,311),(312,83.02,312),(313,94.03,313),(314,71.54,314),(315,36.08,315),(316,32.09,316),(317,9.93,317),(318,22.90,318),(319,45.21,319),(320,85.56,320),(321,71.86,321),(322,15.29,322),(323,92.42,323),(324,46.85,324),(325,12.12,325),(326,20.11,326),(327,30.11,327),(328,17.06,328),(329,24.61,329),(330,94.90,330),(331,73.09,331),(332,49.27,332),(333,93.20,333),(334,3.32,334),(335,94.00,335),(336,35.55,336),(337,41.31,337),(338,84.79,338),(339,33.34,339),(340,18.34,340),(341,41.81,341),(342,42.82,342),(343,28.23,343),(344,40.50,344),(345,80.45,345),(346,14.32,346),(347,28.43,347),(348,46.59,348),(349,75.46,349),(350,48.35,350),(351,21.04,351),(352,83.14,352),(353,23.37,353),(354,71.71,354),(355,54.78,355),(356,49.10,356),(357,34.59,357),(358,12.62,358),(359,15.32,359),(360,32.57,360),(361,14.69,361),(362,26.84,362),(363,23.57,363),(364,2.76,364),(365,24.83,365),(366,5.69,366),(367,71.34,367),(368,9.81,368),(369,69.58,369),(370,8.65,370),(371,33.37,371),(372,38.54,372),(373,61.32,373),(374,24.87,374),(375,60.17,375),(376,72.97,376),(377,10.83,377),(378,9.57,378),(379,14.36,379),(380,43.41,380),(381,97.37,381),(382,10.77,382),(383,21.64,383),(384,43.93,384),(385,5.19,385),(386,23.06,386),(387,69.23,387),(388,62.89,388),(389,16.45,389),(390,14.23,390),(391,77.79,391),(392,42.68,392),(393,68.39,393),(394,46.37,394),(395,64.81,395),(396,15.45,396),(397,40.36,397),(398,6.77,398),(399,87.17,399),(400,92.71,400),(401,66.47,401),(402,2.34,402),(403,95.93,403),(404,44.92,404),(405,13.07,405),(406,5.97,406),(407,91.09,407),(408,98.39,408),(409,60.50,409),(410,11.75,410),(411,11.56,411),(412,79.54,412),(413,20.75,413),(414,73.56,414),(415,94.82,415),(416,19.00,416),(417,48.34,417),(418,16.34,418),(419,25.45,419),(420,75.30,420),(421,58.48,421),(422,38.71,422),(423,54.49,423),(424,59.98,424),(425,72.19,425),(426,2.44,426),(427,85.65,427),(428,63.71,428),(429,95.52,429),(430,71.06,430),(431,29.41,431),(432,26.24,432),(433,97.50,433),(434,92.09,434),(435,63.71,435),(436,18.18,436),(437,88.20,437),(438,95.54,438),(439,32.38,439),(440,67.92,440),(441,3.17,441),(442,30.37,442),(443,61.81,443),(444,40.82,444),(445,66.05,445),(446,80.83,446),(447,27.28,447),(448,46.55,448),(449,12.56,449),(450,10.38,450),(451,75.63,451),(452,57.31,452),(453,67.66,453),(454,76.22,454),(455,47.43,455),(456,80.67,456),(457,22.25,457),(458,47.66,458),(459,50.71,459),(460,94.39,460),(461,74.10,461),(462,25.47,462),(463,43.02,463),(464,38.62,464),(465,76.11,465),(466,2.26,466),(467,47.92,467),(468,31.24,468),(469,62.81,469),(470,15.66,470),(471,47.46,471),(472,2.58,472),(473,38.04,473),(474,7.85,474),(475,10.63,475),(476,72.76,476),(477,48.84,477),(478,94.61,478),(479,11.78,479),(480,91.47,480),(481,68.77,481),(482,23.39,482),(483,22.40,483),(484,36.28,484),(485,89.12,485),(486,94.83,486),(487,60.00,487),(488,58.50,488),(489,88.11,489),(490,18.85,490),(491,63.57,491),(492,53.93,492),(493,70.90,493),(494,93.07,494),(495,15.15,495),(496,84.18,496),(497,73.88,497),(498,11.83,498),(499,88.41,499),(500,53.10,500),(501,40.00,501),(502,14.85,502),(503,51.05,503),(504,18.22,504),(505,37.01,505),(506,66.02,506),(507,56.15,507),(508,10.65,508),(509,98.17,509),(510,83.04,510),(511,1.92,511),(512,77.88,512),(513,71.96,513),(514,12.67,514),(515,66.89,515),(516,34.22,516),(517,15.79,517),(518,56.23,518),(519,12.06,519),(520,50.00,520),(521,90.80,521),(522,54.35,522),(523,44.82,523),(524,49.58,524),(525,54.07,525),(526,52.59,526),(527,13.86,527),(528,40.86,528),(529,41.21,529),(530,13.76,530),(531,97.78,531),(532,71.14,532),(533,96.74,533),(534,29.60,534),(535,78.34,535),(536,12.87,536),(537,16.09,537),(538,1.69,538),(539,57.95,539),(540,20.04,540),(541,59.08,541),(542,3.46,542),(543,30.67,543),(544,18.92,544),(545,87.37,545),(546,65.97,546),(547,81.04,547),(548,42.05,548),(549,34.40,549),(550,55.31,550),(551,45.57,551),(552,24.69,552),(553,43.65,553),(554,70.28,554),(555,96.80,555),(556,46.68,556),(557,4.11,557),(558,63.22,558),(559,67.14,559),(560,23.61,560),(561,37.82,561),(562,14.41,562),(563,10.94,563),(564,65.14,564),(565,30.80,565),(566,82.66,566),(567,46.15,567),(568,44.75,568),(569,79.90,569),(570,90.07,570),(571,95.29,571),(572,48.37,572),(573,44.11,573),(574,78.11,574),(575,2.86,575),(576,77.74,576),(577,15.86,577),(578,76.95,578),(579,20.77,579),(580,63.81,580),(581,57.96,581),(582,37.40,582),(583,61.97,583),(584,18.02,584),(585,79.35,585),(586,30.60,586),(587,45.33,587),(588,87.79,588),(589,76.56,589),(590,83.15,590),(591,57.53,591),(592,66.49,592),(593,44.69,593),(594,73.91,594),(595,84.26,595),(596,32.68,596),(597,34.79,597),(598,11.77,598),(599,63.45,599),(600,97.30,600);
/*!40000 ALTER TABLE `payment` ENABLE KEYS */;
UNLOCK TABLES;

--
-- Table structure for table `pharmacist`
--

DROP TABLE IF EXISTS `pharmacist`;
/*!40101 SET @saved_cs_client     = @@character_set_client */;
/*!50503 SET character_set_client = utf8mb4 */;
CREATE TABLE `pharmacist` (
  `HPKey` int NOT NULL AUTO_INCREMENT,
  `Clinical` tinyint(1) DEFAULT NULL,
  `Retail` tinyint(1) DEFAULT NULL,
  PRIMARY KEY (`HPKey`),
  CONSTRAINT `pharmacist_ibfk_1` FOREIGN KEY (`HPKey`) REFERENCES `healthprofessionals` (`HPKey`)
) ENGINE=InnoDB AUTO_INCREMENT=603 DEFAULT CHARSET=utf8mb4 COLLATE=utf8mb4_0900_ai_ci;
/*!40101 SET character_set_client = @saved_cs_client */;

--
-- Dumping data for table `pharmacist`
--

LOCK TABLES `pharmacist` WRITE;
/*!40000 ALTER TABLE `pharmacist` DISABLE KEYS */;
INSERT INTO `pharmacist` VALUES (402,0,1),(403,1,0),(404,0,1),(405,1,0),(406,0,1),(407,0,1),(408,1,0),(409,1,0),(410,1,0),(411,0,1),(412,0,1),(413,0,1),(414,0,1),(415,0,1),(416,1,0),(417,1,0),(418,0,1),(419,0,1),(420,1,0),(421,0,1),(422,1,0),(423,0,1),(424,1,0),(425,1,0),(426,1,0),(427,0,1),(428,0,1),(429,1,0),(430,0,1),(431,1,0),(432,1,0),(433,1,0),(434,1,0),(435,0,1),(436,1,0),(437,1,0),(438,0,1),(439,0,1),(440,1,0),(441,1,0),(442,0,1),(443,1,0),(444,1,0),(445,0,1),(446,0,1),(447,1,0),(448,0,1),(449,0,1),(450,1,0),(451,0,1),(452,0,1),(453,1,0),(454,1,0),(455,0,1),(456,0,1),(457,1,0),(458,0,1),(459,0,1),(460,0,1),(461,1,0),(462,1,0),(463,1,0),(464,1,0),(465,0,1),(466,0,1),(467,0,1),(468,0,1),(469,1,0),(470,0,1),(471,1,0),(472,0,1),(473,1,0),(474,1,0),(475,1,0),(476,0,1),(477,0,1),(478,0,1),(479,0,1),(480,1,0),(481,1,0),(482,1,0),(483,1,0),(484,1,0),(485,1,0),(486,0,1),(487,0,1),(488,1,0),(489,0,1),(490,0,1),(491,1,0),(492,1,0),(493,1,0),(494,1,0),(495,0,1),(496,0,1),(497,1,0),(498,1,0),(499,0,1),(500,0,1),(501,0,1),(502,1,0),(503,0,1),(504,0,1),(505,1,0),(506,0,1),(507,0,1),(508,1,0),(509,1,0),(510,0,1),(511,1,0),(512,0,1),(513,0,1),(514,1,0),(515,1,0),(516,0,1),(517,0,1),(518,0,1),(519,0,1),(520,1,0),(521,0,1),(522,0,1),(523,1,0),(524,0,1),(525,1,0),(526,1,0),(527,1,0),(528,1,0),(529,0,1),(530,1,0),(531,0,1),(532,1,0),(533,1,0),(534,1,0),(535,0,1),(536,0,1),(537,0,1),(538,1,0),(539,1,0),(540,1,0),(541,0,1),(542,1,0),(543,0,1),(544,1,0),(545,0,1),(546,1,0),(547,0,1),(548,1,0),(549,0,1),(550,0,1),(551,0,1),(552,0,1),(553,1,0),(554,1,0),(555,0,1),(556,0,1),(557,1,0),(558,1,0),(559,1,0),(560,0,1),(561,0,1),(562,0,1),(563,1,0),(564,1,0),(565,1,0),(566,1,0),(567,1,0),(568,0,1),(569,0,1),(570,0,1),(571,0,1),(572,0,1),(573,0,1),(574,0,1),(575,0,1),(576,1,0),(577,1,0),(578,0,1),(579,1,0),(580,1,0),(581,0,1),(582,0,1),(583,0,1),(584,0,1),(585,1,0),(586,1,0),(587,0,1),(588,1,0),(589,0,1),(590,1,0),(591,0,1),(592,1,0),(593,0,1),(594,1,0),(595,0,1),(596,1,0),(597,0,1),(598,0,1),(599,0,1),(600,1,0),(601,1,0),(602,0,1);
/*!40000 ALTER TABLE `pharmacist` ENABLE KEYS */;
UNLOCK TABLES;

--
-- Table structure for table `pharmacy`
--

DROP TABLE IF EXISTS `pharmacy`;
/*!40101 SET @saved_cs_client     = @@character_set_client */;
/*!50503 SET character_set_client = utf8mb4 */;
CREATE TABLE `pharmacy` (
  `IKey` int NOT NULL AUTO_INCREMENT,
  `PrescribedMedication` varchar(120) DEFAULT NULL,
  `OvertheCounterMedication` varchar(120) DEFAULT NULL,
  PRIMARY KEY (`IKey`),
  CONSTRAINT `pharmacy_ibfk_1` FOREIGN KEY (`IKey`) REFERENCES `institution` (`IKey`)
) ENGINE=InnoDB AUTO_INCREMENT=603 DEFAULT CHARSET=utf8mb4 COLLATE=utf8mb4_0900_ai_ci;
/*!40101 SET character_set_client = @saved_cs_client */;

--
-- Dumping data for table `pharmacy`
--

LOCK TABLES `pharmacy` WRITE;
/*!40000 ALTER TABLE `pharmacy` DISABLE KEYS */;
INSERT INTO `pharmacy` VALUES (402,'Potassium Chloride','Potassium Chloride'),(403,'Avobenzone, Homosalate, Octisalate, Octocrylene and Oxybenzone','Cefadroxil'),(404,'OCTINOXATE','flormar REBORN  SUNSCREEN BROAD SPECTRUM SPF 30 CP01'),(405,'diphenhydramine HCl, phenylephrine HCl','CHILDRENS DIMETAPP NIGHTTIME COLD AND CONGESTION'),(406,'Ropinirole Hydrochloride','Ropinirole Hydrochloride'),(407,'MIDAZOLAM HYDROCHLORIDE','Midazolam Hydrochloride'),(408,'Scale, Wing (Shad) Atriplex canescens','Cefadroxil'),(409,'Lisinopril','Lisinopril'),(410,'OCTREOTIDE ACETATE','Octreotide'),(411,'Cefadroxil','Cefadroxil'),(412,'iva xanthifolia pollen','BURWEED MARSHELDER POLLEN'),(413,'nitrofurantoin (macrocrystals)','Nitrofurantoin (macrocrystals)'),(414,'Promethazine Hydrochloride','Promethazine Hydrochloride'),(415,'clopidogrel','Clopidogrel Bisulfate'),(416,'Nevirapine','Nevirapine'),(417,'Codeine Sulfate','Codeine Sulfate'),(418,'Octinoxate and Titanium Dioxide','Covergirl Advanced Radiance'),(419,'Glycerin','SNAYTOX WRINKLE FILLER SPECIAL SET'),(420,'Dill','SNAYTOX WRINKLE FILLER SPECIAL SET'),(421,'Lidocaine Hydrochloride Anhydrous','Lidocaine Hydrochloride'),(422,'Homeopathic Liquid','Rescue Calm'),(423,'calcium carbonate','Lidocaine Hydrochloride'),(424,'Cetirizine Hydrochloride','Rx Act all day allergy relief'),(425,'American Elm','American Elm'),(426,'OXYGEN','SNAYTOX WRINKLE FILLER SPECIAL SET'),(427,'OCTINOXATE, Titanium Dioxide','Mini Berry Lip Balm Blueberry'),(428,'TITANIUM DIOXIDE, ZINC OXIDE','Melvita PROSUN SPF 30 Sun'),(429,'prazosin hydrochloride','Prazosin Hydrochloride'),(430,'misoprostol','Cytotec'),(431,'Octinoxate and Titanium dioxide','SHISEIDO SHEER MATIFYING COMPACT'),(432,'Amoxicillin and Clavulanate Potassium','Amoxicillin and Clavulanate Potassium'),(433,'LISINOPRIL','LISINOPRIL'),(434,'pioglitazone hydrochloride','Pioglitazone Hydrochloride'),(435,'Sodium Fluoride','Gelato Neutral pH'),(436,'Ascorbic Acid','Ascorbic Acid'),(437,'VENLAFAXINE HYDROCHLORIDE','VENLAFAXINE HYDROCHLORIDE'),(438,'Methazolamide','Methazolamide'),(439,'Octinoxate, Octisalate, Avobenzone','Lorac Foundation Deep'),(440,'Acetaminophen, Doxylamine succinate, Phenylephrine HCl','Daytime Nighttime Sinus Relief'),(441,'Benzocaine','PureLife Topical Anesthetic'),(442,'Alcohol','PDI Sani-Hands ALC'),(443,'TOPIRAMATE','TOPIRAMATE'),(444,'Zoledronic Acid','Zoledronic Acid'),(445,'SPIGELIA ANTHELMIA and CALCIUM SULFIDE','Oculoheel'),(446,'Anticoagulant Citrate Phosphate Dextrose (CPD) Solution and ADSOL Preservation Solution','VENLAFAXINE HYDROCHLORIDE'),(447,'Cherry Plum, Clematis, Impatiens, Rock Rose, Star of Bethlehem','Rescue 5'),(448,'Cetirizine','Cetirizine'),(449,'Camphor, Menthol, Methyl Salicylate','Shao Lin Gao Pain Relieving Plaster'),(450,'Rosuvastatin calcium','CRESTOR'),(451,'stavudine','ZERIT'),(452,'Diphenhydramine HCl','Nighttime Sleep Aid'),(453,'Simvastatin','Simvastatin'),(454,'Olive Pollen','OLEA EUROPAEA POLLEN'),(455,'Piroxicam','Piroxicam'),(456,'Triclosan','enMotion'),(457,'PRAVASTATIN SODIUM','PRAVASTATIN SODIUM'),(458,'Sodium Monofluorophosphate','US Airways RON Kit'),(459,'Cefdinir','Cefdinir'),(460,'Cotton Linters','Cotton Linters'),(461,'Rotavirus Vaccine, Live, Oral','ROTARIX'),(462,'Cefprozil','Cefprozil'),(463,'Phenylephrine Hydrochloride','Phenylephrine Hydrochloride'),(464,'Cefadroxil','Cefadroxil'),(465,'Ketotifen Fumarate','EYE ITCH RELIEF'),(466,'Menthol and Camphor','Allure Ice Cold Analgesic'),(467,'ISONIAZID','ISONIAZID'),(468,'Clemastine Fumarate','Clemastine Fumarate'),(469,'Diazepam','Diazepam'),(470,'Zaleplon','Zaleplon'),(471,'Brompheniramine maleate, Dextromethorphan HBr, Phenylephrine HCl','cold and cough'),(472,'hydrocodone bitartrate and acetaminophen','Hycet'),(473,'Propranolol Hydrochloride','Propranolol Hydrochloride'),(474,'Guaifenesin','Mucus Relief'),(475,'Treatment Set TS348491','Treatment Set TS348491'),(476,'Ranitidine Hydrochloride','Ranitidine Hydrochloride'),(477,'Moxifloxacin','Moxifloxacin'),(478,'glyburide','Glyburide'),(479,'Fexofenadine Hydrochloride','Fexofenadine Hydrochloride'),(480,'Aconitum napellus and Belladonna','Acute Viro Reliever'),(481,'Homosalate, Octinoxate, Octisalate, Oxybenzone, Titanium Dioxide, and Zinc Oxide','LBEL UV DEFENSE 365'),(482,'Octinoxate','Maybelline New York Fit Me'),(483,'Anastrozole','Anastrozole'),(484,'Treatment Set TS333374','Treatment Set TS333374'),(485,'Adenosinum cyclophosphoricum and Adrenalinum','AllergyEase Southwestern'),(486,'PHENYLEPHRINE HYDROCHLORIDE and PYRILAMINE MALEATE','Aldex D'),(487,'Divalproex Sodium','Divalproex Sodium'),(488,'Green Tussin SUGAR FREE DM','Green Tussin SUGAR FREE'),(489,'Pseudoephedrine hydrochloride and Triprolidine hydrochloride','Silafed'),(490,'baclofen','Gablofen'),(491,'AVOBENZONE, OCTINOXATE, OCTOCRYLENE, and OXYBENZONE','CLE DE PEAU BEAUTE GENTLE PROTECTIVE I'),(492,'GEMCITABINE HYDROCHLORIDE','Gemcitabine'),(493,'Berberis vulgaris and Calcarea carbonica','Shoulder/Arm Complex'),(494,'PREGABALIN','Lyrica'),(495,'octyl methoxycinnamate BENZOPHENONE-3 TITANIUM DIOXIDE Homosalate','Sun Block'),(496,'Nalbuphine Hydrochloride','Nalbuphine Hydrochloride'),(497,'DOCUSATE SODIUM','Stool Softener'),(498,'Ibuprofen','ibuprofen'),(499,'Aspirin and Caffeine','BC'),(500,'TRICLOSAN','ANTIBACTERIAL FOAMING'),(501,'Acetaminophen and Codeine Phosphate','Acetaminophen and Codeine Phosphate'),(502,'water','Eye Wash'),(503,'Meclizine HCl','Travel-Ease'),(504,'enalapril maleate and hydrochlorothiazide','Vaseretic'),(505,'Arnica, Bellis','PPH Prevention'),(506,'Salix nigra','Black Willow Pollen'),(507,'Lamotrigine','Lamotrigine'),(508,'Dextromethorphan Hydrobromide and Promethazine Hydrochloride','PROMETHAZINE DM'),(509,'Treatment Set TS350906','Treatment Set TS350906'),(510,'fluticasone furoate','Veramyst'),(511,'OCTINOXATE, TITANIUM DIOXIDE','NATURAL FINISH'),(512,'menthol','Cold Spot'),(513,'Topiramate','Topiramate'),(514,'sodium fluoride','CTx4 Gel 1100'),(515,'Willow Black','SALIX NIGRA POLLEN'),(516,'ropinirole hydrochloride','Ropinirole Hydrochloride'),(517,'Diltiazem Hydrochloride','TAZTIA'),(518,'Standardized Perennial Rye Grass Pollen','Standardized Perennial Rye Grass Pollen'),(519,'.BETA.-CAROTENE and ASCORBIC ACID','Duet DHA'),(520,'Mineral oil, Petrolatum, Phenylephrine HCl, Shark liver oil','Hemorrhoidal'),(521,'Oxytocin','Oxytocin'),(522,'Famotidine','FAMOTIDINE'),(523,'Walnut, Black Juglans nigra','Pollens - Trees, Walnut, Black Juglans nigra'),(524,'Octinoxate, Titanium Dioxide','Tan Expert Finish Makeup Makeup Broad Spectrum SPF 25'),(525,'Bisacodyl','Enteric Coated Stimulant Laxative'),(526,'OCTINOXATE and TITANIUM DIOXIDE','NARS PURE RADIANT TINTED MOISTURIZER'),(527,'Bicalutamide','Bicalutamide'),(528,'Short Ragweed, Ambrosia artemisiifolia','Pollens - Weeds and Garden Plants, Short Ragweed, Ambrosia artemisiifolia'),(529,'MANNITOL','Mannitol'),(530,'SELEGILINE HYDROCHLORIDE','SELEGILINE HYDROCHLORIDE'),(531,'Diphenhydramine Hydrochloride','Allergy'),(532,'Isopropyl Alcohol','Isopropyl Alcohol'),(533,'Ketotifen Fumarate','eye itch relief'),(534,'Hyoscyamine Sulfate','Hyoscyamine Sulfate'),(535,'pancrelipase','ZENPEP'),(536,'Dextromethorphan Hydrobromide, Guaifenesin and Pseudoephedrine Hydrochloride','Capmist DM'),(537,'ISOPROPYL ALCOHOL','ALCOHOL PREP PAD - MEDIUM'),(538,'Pramoxine HCl, Zinc Oxide, Calamine','Dermagesic'),(539,'Acitretin','Acitretin'),(540,'Chaetomium globosum','Chaetomium globosum'),(541,'ALCOHOL','RUE21 Cotton Candy Antibacterial Hand Sanitizer'),(542,'prochlorperazine maleate','Prochlorperazine Maleate'),(543,'Acetaminophen','Acetaminophen'),(544,'POLYETHYLENE GLYCOL 3350','Polyethylene Glycol 3350'),(545,'Carbinoxamine Maleate','Arbinoxa'),(546,'Losartan Potassium','Losartan Potassium'),(547,'Etodolac','Etodolac'),(548,'alcohol','EO HAND SANITIZER'),(549,'ARTICAINE HYDROCHLORIDE AND EPINEPHRINE BITARTRATE','Articaine Hydrochloride and Epinephrine'),(550,'Avobenzone, Homosalate, Octinoxate, Octisalate, Octocrylene','Sunscreen Mist Broad Spectrum SPF 50'),(551,'Titanium Dioxide, Zinc Oxide','TONYMOLY BCDATION'),(552,'Triclosan','CVS Phramacy Antibacterial'),(553,'Guaifenesin, Dextromethorphan','Bisolvine'),(554,'Octinoxate and Titanium dioxide','SHISEIDO SHEER MATIFYING COMPACT (REFILL)'),(555,'HUMAN RHO(D) IMMUNE GLOBULIN','Rhophylac'),(556,'Ranitidine Hydrochloride','Ranitidine Hydrochloride'),(557,'Methotrexate','Methotrexate'),(558,'Fluphenazine Hydrochloride','Fluphenazine Hydrochloride'),(559,'ALCOHOL','Methotrexate'),(560,'Burweed Marsh Elder','Burweed Marsh Elder'),(561,'MG DermaSan','MG DermaSan'),(562,'Russian Thistle','Russian Thistle'),(563,'Frovatriptan succinate','Frova'),(564,'Lisinopril','Lisinopril'),(565,'Niacinamide','AHC Whitening Special Gen Cream'),(566,'OXACILLIN','OXACILLIN'),(567,'TRAMADOL HYDROCHLORIDE','TRAMADOL HYDROCHLORIDE'),(568,'hydroxyzine pamoate','hydroxyzine pamoate'),(569,'Bacitracin','Bacitracin'),(570,'Ibuprofen','Ibuprofen'),(571,'Amitriptyline Hydrochloride','Amitriptyline Hydrochloride'),(572,'ketoprofen','Ketoprofen'),(573,'Levothyroxine Sodium','Levothyroxine Sodium'),(574,'Trimipramine maleate','Trimipramine maleate'),(575,'FOMITOPSIS PINICOLA','Pleo Pin'),(576,'DOCUSATE SODIUM','STOOL SOFTENER DOCUSATE SODIUM 50 MG'),(577,'TITANIUM DIOXIDE, OCTINOXATE','DiorSkin Nude 010 Ivory'),(578,'Quinapril Hydrochloride and Hydrochlorothiazide','Quinapril Hydrochloride and Hydrochlorothiazide'),(579,'Aconitum napellus and Allium cepa','Red Eye Reducer'),(580,'OCTINOXATE and TITANIUM DIOXIDE','FLAWLESS FINISH BROAD SPECTRUM SUNSCREEN SPF 15 SHADE'),(581,'Pectin','Ludens Berry Assortment Throat Drops'),(582,'Sulfasalazine','Azulfidine'),(583,'Tramadol Hydrochloride and Acetaminophen','Tramadol Hydrochloride and Acetaminophen'),(584,'Zinc Gluconate','Cold-EEZE'),(585,'METHYL SALICYLATE','Zenol Cool'),(586,'Levetiracetam','Levetiracetam'),(587,'Fluconazole','Fluconazole'),(588,'Meclizine Hydrochloride','Meclizine Hydrochloride'),(589,'Guinea Pig Epithelium','Epithelium'),(590,'Chlorpheniramine maleate, Phenylephrine HCl','good sense sinus and allergy pe'),(591,'clotrimazole','Clotrimazole Antifungal'),(592,'Fexofenadine HCl','Sunmark fexofenadine hydrochloride'),(593,'BENZALKONIUM CHLORIDE','MOISTURIZING HAND'),(594,'Acetaminophen and Chlorpheniramine maleate and Phenylephrine HCl','Methotrexate'),(595,'Lentil','Zenol Cool'),(596,'Aurum 30','Methotrexate'),(597,'HYDROCODONE BITARTRATE AND ACETAMINOPHEN','HYDROCODONE BITARTRATE AND ACETAMINOPHEN'),(598,'alosetron hydrochloride','LOTRONEX'),(599,'DOCUSATE SODIUM','Stool Softener'),(600,'ANTIMONY TRISULFIDE and SEMECARPUS ANACARDIUM JUICE','Ez-Slim'),(601,'IBUPROFEN, .GAMMA.-AMINOBUTYRIC ACID','Theraprofen-90'),(602,'Chlorpheniramine maleate, Phenylephrine HCl','Cold-EEZE');
/*!40000 ALTER TABLE `pharmacy` ENABLE KEYS */;
UNLOCK TABLES;

--
-- Table structure for table `pr_allergies`
--

DROP TABLE IF EXISTS `pr_allergies`;
/*!40101 SET @saved_cs_client     = @@character_set_client */;
/*!50503 SET character_set_client = utf8mb4 */;
CREATE TABLE `pr_allergies` (
  `Pkey` int NOT NULL,
  `Pallergies` varchar(50) NOT NULL,
  PRIMARY KEY (`Pkey`,`Pallergies`)
) ENGINE=InnoDB DEFAULT CHARSET=utf8mb4 COLLATE=utf8mb4_0900_ai_ci;
/*!40101 SET character_set_client = @saved_cs_client */;

--
-- Dumping data for table `pr_allergies`
--

LOCK TABLES `pr_allergies` WRITE;
/*!40000 ALTER TABLE `pr_allergies` DISABLE KEYS */;
INSERT INTO `pr_allergies` VALUES (1,'Gluten'),(1,'Peanut'),(2,'Crustacean shellfish'),(3,'Fish'),(3,'Peanut'),(4,'Gluten'),(4,'Peanut'),(5,'Fish'),(5,'Gluten'),(6,'Fish'),(6,'Peanut'),(7,'Crustacean shellfish'),(8,'Fish'),(8,'Peanut'),(9,'Gluten'),(9,'Peanut'),(10,'Fish'),(10,'Gluten'),(11,'Fish'),(11,'Peanut'),(12,'Gluten'),(12,'Peanut'),(13,'Crustacean shellfish'),(14,'Milk'),(14,'Peanut'),(15,'Fish'),(15,'Gluten'),(16,'Fish'),(16,'Peanut'),(17,'Gluten'),(17,'Peanut'),(18,'Crustacean shellfish'),(19,'Fish'),(19,'Peanut'),(20,'Gluten'),(20,'Milk'),(21,'Fish'),(21,'Peanut'),(22,'Crustacean shellfish'),(23,'Fish'),(23,'Gluten'),(24,'Fish'),(24,'Peanut'),(25,'Gluten'),(25,'Peanut'),(26,'Fish'),(26,'Gluten'),(27,'Milk'),(27,'Peanut'),(28,'Fish'),(28,'Gluten'),(29,'Fish'),(29,'Peanut'),(30,'Crustacean shellfish'),(31,'Fish'),(31,'Gluten'),(32,'Fish'),(32,'Peanut'),(33,'Gluten'),(33,'Milk'),(34,'Fish'),(34,'Peanut'),(35,'Gluten'),(35,'Peanut'),(36,'Fish'),(36,'Gluten'),(37,'Fish'),(37,'Peanut'),(38,'Gluten'),(38,'Peanut'),(39,'Fish'),(39,'Milk'),(40,'Gluten'),(40,'Peanut'),(41,'Fish'),(41,'Gluten'),(42,'Fish'),(42,'Peanut'),(43,'Crustacean shellfish'),(44,'Fish'),(44,'Gluten'),(45,'Fish'),(45,'Peanut'),(46,'Gluten'),(46,'Milk'),(47,'Fish'),(47,'Peanut'),(48,'Gluten'),(48,'Peanut'),(49,'Fish'),(49,'Gluten'),(50,'Fish'),(50,'Peanut'),(51,'Gluten'),(51,'Peanut'),(52,'Fish'),(52,'Gluten'),(53,'Milk'),(53,'Peanut'),(54,'Fish'),(54,'Gluten'),(55,'Fish'),(55,'Peanut'),(56,'Gluten'),(56,'Peanut'),(57,'Fish'),(57,'Gluten'),(58,'Fish'),(58,'Peanut'),(59,'Gluten'),(59,'Milk'),(60,'Fish'),(60,'Peanut'),(61,'Gluten'),(61,'Peanut'),(62,'Fish'),(62,'Gluten'),(63,'Fish'),(63,'Peanut'),(64,'Gluten'),(64,'Peanut'),(65,'Fish'),(65,'Milk'),(66,'Gluten'),(66,'Peanut'),(67,'Fish'),(67,'Gluten'),(68,'Fish'),(68,'Peanut'),(69,'Gluten'),(69,'Peanut'),(70,'Fish'),(70,'Gluten'),(71,'Fish'),(71,'Peanut'),(72,'Gluten'),(72,'Milk'),(73,'Fish'),(73,'Peanut'),(74,'Gluten'),(74,'Peanut'),(75,'Crustacean shellfish'),(76,'Fish'),(76,'Peanut'),(77,'Gluten'),(77,'Peanut'),(78,'Fish'),(78,'Gluten'),(79,'Milk'),(79,'Peanut'),(80,'Fish'),(80,'Gluten'),(81,'Fish'),(81,'Peanut'),(82,'Gluten'),(82,'Peanut'),(83,'Fish'),(83,'Gluten'),(84,'Fish'),(84,'Peanut'),(85,'Gluten'),(85,'Milk'),(86,'Fish'),(86,'Peanut'),(87,'Gluten'),(87,'Peanut'),(88,'Fish'),(88,'Gluten'),(89,'Fish'),(89,'Peanut'),(90,'Gluten'),(90,'Peanut'),(91,'Fish'),(91,'Milk'),(92,'Gluten'),(92,'Peanut'),(93,'Crustacean shellfish'),(94,'Fish'),(94,'Peanut'),(95,'Gluten'),(95,'Peanut'),(96,'Fish'),(96,'Gluten'),(97,'Fish'),(97,'Peanut'),(98,'Gluten'),(98,'Milk'),(99,'Fish'),(99,'Peanut'),(100,'Crustacean shellfish'),(101,'Fish'),(102,'Gluten'),(103,'Crustacean shellfish'),(104,'Fish'),(105,'Gluten'),(106,'Peanut'),(107,'Fish'),(108,'Milk'),(109,'Gluten'),(110,'Peanut'),(111,'Fish'),(112,'Gluten'),(113,'Peanut'),(114,'Fish'),(115,'Gluten'),(116,'Peanut'),(117,'Fish'),(118,'Gluten'),(119,'Peanut'),(120,'Fish'),(121,'Milk'),(122,'Gluten'),(123,'Peanut'),(124,'Fish'),(125,'Gluten'),(126,'Peanut'),(127,'Fish'),(128,'Gluten'),(129,'Peanut'),(130,'Fish'),(131,'Gluten'),(132,'Peanut'),(133,'Fish'),(134,'Milk'),(135,'Gluten'),(136,'Peanut'),(137,'Fish'),(138,'Gluten'),(139,'Peanut'),(140,'Fish'),(141,'Gluten'),(142,'Peanut'),(143,'Fish'),(144,'Gluten'),(145,'Peanut'),(146,'Fish'),(147,'Milk'),(148,'Gluten'),(149,'Peanut'),(150,'Fish'),(151,'Gluten'),(152,'Peanut'),(153,'Fish'),(154,'Gluten'),(155,'Peanut'),(156,'Fish'),(157,'Gluten'),(158,'Peanut'),(159,'Fish'),(160,'Milk'),(161,'Gluten'),(162,'Peanut'),(163,'Fish'),(164,'Gluten'),(165,'Peanut'),(166,'Fish'),(167,'Gluten'),(168,'Peanut'),(169,'Fish'),(170,'Gluten'),(171,'Peanut'),(172,'Fish'),(173,'Gluten'),(174,'Milk'),(175,'Peanut'),(176,'Fish'),(177,'Gluten'),(178,'Peanut'),(179,'Fish'),(180,'Gluten'),(181,'Peanut'),(182,'Fish'),(183,'Gluten'),(184,'Peanut'),(185,'Fish'),(186,'Milk'),(187,'Gluten'),(188,'Peanut'),(189,'Fish'),(190,'Gluten'),(191,'Peanut'),(192,'Fish'),(193,'Gluten'),(194,'Peanut'),(195,'Fish'),(196,'Gluten'),(197,'Peanut'),(198,'Fish'),(199,'Gluten'),(200,'Milk'),(201,'Gluten'),(201,'Milk'),(202,'Crustacean shellfish'),(203,'Gluten'),(203,'Peanut'),(204,'Gluten'),(204,'Peanut'),(205,'Fish'),(205,'Milk'),(206,'Milk'),(206,'Peanut'),(207,'Gluten'),(207,'Peanut'),(208,'Gluten'),(208,'Peanut'),(209,'Crustacean shellfish'),(210,'Gluten'),(210,'Peanut'),(211,'Crustacean shellfish'),(212,'Gluten'),(212,'Peanut'),(213,'Milk'),(213,'Peanut'),(214,'Milk'),(214,'Peanut'),(215,'Crustacean shellfish'),(216,'Fish'),(216,'Peanut'),(217,'Fish'),(217,'Peanut'),(218,'Fish'),(218,'Peanut'),(219,'Fish'),(219,'Gluten'),(220,'Crustacean shellfish'),(221,'Gluten'),(221,'Peanut'),(222,'Gluten'),(222,'Peanut'),(223,'Fish'),(223,'Gluten'),(224,'Crustacean shellfish'),(225,'Fish'),(225,'Gluten'),(226,'Fish'),(226,'Gluten'),(227,'Gluten'),(227,'Peanut'),(228,'Crustacean shellfish'),(229,'Fish'),(229,'Milk'),(230,'Crustacean shellfish'),(231,'Fish'),(231,'Peanut'),(232,'Gluten'),(232,'Peanut'),(233,'Crustacean shellfish'),(234,'Fish'),(234,'Gluten'),(235,'Fish'),(235,'Peanut'),(236,'Gluten'),(236,'Peanut'),(237,'Gluten'),(237,'Peanut'),(238,'Gluten'),(238,'Peanut'),(239,'Gluten'),(239,'Peanut'),(240,'Fish'),(240,'Gluten'),(241,'Crustacean shellfish'),(242,'Fish'),(242,'Gluten'),(243,'Fish'),(243,'Gluten'),(244,'Fish'),(244,'Peanut'),(245,'Fish'),(245,'Gluten'),(246,'Fish'),(246,'Gluten'),(247,'Fish'),(247,'Peanut'),(248,'Crustacean shellfish'),(249,'Crustacean shellfish'),(250,'Fish'),(250,'Peanut'),(251,'Crustacean shellfish'),(252,'Gluten'),(252,'Peanut'),(253,'Gluten'),(253,'Peanut'),(254,'Crustacean shellfish'),(255,'Fish'),(255,'Peanut'),(256,'Gluten'),(256,'Peanut'),(257,'Gluten'),(257,'Peanut'),(258,'Crustacean shellfish'),(259,'Fish'),(259,'Peanut'),(260,'Fish'),(260,'Peanut'),(261,'Fish'),(261,'Peanut'),(262,'Crustacean shellfish'),(263,'Fish'),(263,'Milk'),(264,'Fish'),(264,'Peanut'),(265,'Fish'),(265,'Gluten'),(266,'Crustacean shellfish'),(267,'Fish'),(267,'Gluten'),(268,'Fish'),(268,'Peanut'),(269,'Fish'),(269,'Gluten'),(270,'Fish'),(270,'Peanut'),(271,'Crustacean shellfish'),(272,'Gluten'),(272,'Peanut'),(273,'Fish'),(273,'Peanut'),(274,'Crustacean shellfish'),(275,'Gluten'),(275,'Peanut'),(276,'Fish'),(276,'Peanut'),(277,'Gluten'),(277,'Peanut'),(278,'Gluten'),(278,'Peanut'),(279,'Crustacean shellfish'),(280,'Fish'),(280,'Peanut'),(281,'Crustacean shellfish'),(282,'Fish'),(282,'Milk'),(283,'Fish'),(283,'Milk'),(284,'Fish'),(284,'Milk'),(285,'Gluten'),(285,'Peanut'),(286,'Crustacean shellfish'),(287,'Fish'),(287,'Gluten'),(288,'Milk'),(288,'Peanut'),(289,'Crustacean shellfish'),(290,'Fish'),(290,'Milk'),(291,'Fish'),(291,'Gluten'),(292,'Gluten'),(292,'Peanut'),(293,'Milk'),(293,'Peanut'),(294,'Crustacean shellfish'),(295,'Fish'),(295,'Gluten'),(296,'Fish'),(296,'Peanut'),(297,'Fish'),(297,'Peanut'),(298,'Fish'),(298,'Gluten'),(299,'Crustacean shellfish'),(300,'Gluten'),(300,'Milk'),(301,'Fish'),(301,'Gluten'),(302,'Crustacean shellfish'),(303,'Fish'),(303,'Peanut'),(304,'Milk'),(304,'Peanut'),(305,'Crustacean shellfish'),(306,'Fish'),(306,'Peanut'),(307,'Milk'),(307,'Peanut'),(308,'Crustacean shellfish'),(309,'Gluten'),(309,'Peanut'),(310,'Fish'),(310,'Peanut'),(311,'Fish'),(311,'Peanut'),(312,'Fish'),(312,'Milk'),(313,'Crustacean shellfish'),(314,'Fish'),(314,'Gluten'),(315,'Crustacean shellfish'),(316,'Fish'),(316,'Milk'),(317,'Fish'),(317,'Gluten'),(318,'Fish'),(318,'Gluten'),(319,'Fish'),(319,'Gluten'),(320,'Fish'),(320,'Peanut'),(321,'Gluten'),(321,'Milk'),(322,'Fish'),(322,'Gluten'),(323,'Fish'),(323,'Milk'),(324,'Fish'),(324,'Gluten'),(325,'Gluten'),(325,'Peanut'),(326,'Gluten'),(326,'Peanut'),(327,'Fish'),(327,'Milk'),(328,'Gluten'),(328,'Peanut'),(329,'Crustacean shellfish'),(330,'Fish'),(330,'Peanut'),(331,'Gluten'),(331,'Peanut'),(332,'Fish'),(332,'Gluten'),(333,'Fish'),(333,'Milk'),(334,'Fish'),(334,'Gluten'),(335,'Fish'),(335,'Gluten'),(336,'Crustacean shellfish'),(337,'Milk'),(337,'Peanut'),(338,'Fish'),(338,'Gluten'),(339,'Fish'),(339,'Milk'),(340,'Gluten'),(340,'Milk'),(341,'Crustacean shellfish'),(342,'Fish'),(342,'Gluten'),(343,'Fish'),(343,'Gluten'),(344,'Fish'),(344,'Milk'),(345,'Gluten'),(345,'Peanut'),(346,'Fish'),(346,'Peanut'),(347,'Fish'),(347,'Milk'),(348,'Gluten'),(348,'Milk'),(349,'Fish'),(349,'Milk'),(350,'Fish'),(350,'Gluten'),(351,'Gluten'),(352,'Fish'),(353,'Gluten'),(354,'Milk'),(355,'Gluten'),(356,'Peanut'),(357,'Fish'),(358,'Gluten'),(359,'Peanut'),(360,'Milk'),(361,'Gluten'),(362,'Fish'),(363,'Gluten'),(364,'Gluten'),(365,'Fish'),(366,'Fish'),(367,'Gluten'),(368,'Fish'),(369,'Peanut'),(370,'Fish'),(371,'Peanut'),(372,'Gluten'),(373,'Fish'),(374,'Peanut'),(375,'Gluten'),(376,'Peanut'),(377,'Peanut'),(378,'Fish'),(379,'Fish'),(380,'Fish'),(381,'Peanut'),(382,'Fish'),(383,'Gluten'),(384,'Gluten'),(385,'Peanut'),(386,'Gluten'),(387,'Peanut'),(388,'Fish'),(389,'Fish'),(390,'Peanut'),(391,'Peanut'),(392,'Fish'),(393,'Peanut'),(394,'Peanut'),(395,'Gluten'),(396,'Milk'),(397,'Peanut'),(398,'Peanut'),(399,'Fish'),(400,'Fish'),(400,'Peanut'),(401,'Gluten'),(401,'Peanut'),(402,'Gluten'),(402,'MilK'),(403,'Fish'),(403,'Milk'),(404,'Fish'),(404,'Peanut'),(405,'Gluten'),(405,'Peanut'),(406,'Fish'),(406,'Peanut'),(407,'Fish'),(407,'Gluten'),(408,'Milk'),(408,'Peanut'),(409,'Fish'),(409,'Gluten'),(410,'Fish'),(410,'Milk'),(411,'Gluten'),(411,'Milk'),(412,'Fish'),(412,'Peanut'),(413,'Milk'),(413,'Peanut'),(414,'Fish'),(414,'Peanut'),(415,'Fish'),(415,'Peanut'),(416,'Crustacean shellfish'),(417,'Milk'),(417,'Peanut'),(418,'Fish'),(418,'Gluten'),(419,'Fish'),(419,'Milk'),(420,'Gluten'),(420,'Milk'),(421,'Fish'),(421,'Peanut'),(422,'Fish'),(422,'Milk'),(423,'Fish'),(423,'Peanut'),(424,'Gluten'),(424,'MilK'),(425,'Fish'),(425,'Gluten'),(426,'Fish'),(426,'Peanut'),(427,'Gluten'),(427,'Peanut'),(428,'Fish'),(428,'Gluten'),(429,'Milk'),(429,'Peanut'),(430,'Fish'),(430,'Peanut'),(431,'Gluten'),(431,'Peanut'),(432,'Crustacean shellfish'),(433,'Fish'),(433,'Peanut'),(434,'Milk'),(434,'Peanut'),(435,'Gluten'),(435,'Peanut'),(436,'Fish'),(436,'Gluten'),(437,'Fish'),(437,'Peanut'),(438,'Fish'),(438,'Peanut'),(439,'Fish'),(439,'Milk'),(440,'Fish'),(440,'Peanut'),(441,'Fish'),(441,'Milk'),(442,'Fish'),(442,'Peanut'),(443,'Fish'),(443,'Peanut'),(444,'Fish'),(444,'Gluten'),(445,'Fish'),(445,'Milk'),(446,'Milk'),(446,'Peanut'),(447,'Fish'),(447,'Peanut'),(448,'Fish'),(448,'Gluten'),(449,'Fish'),(449,'Peanut'),(450,'Gluten'),(450,'Milk'),(451,'Gluten'),(451,'Peanut'),(452,'Gluten'),(452,'Milk'),(453,'Fish'),(453,'Gluten'),(454,'Milk'),(454,'Peanut'),(455,'Fish'),(455,'Gluten'),(456,'Fish'),(456,'Milk'),(457,'Gluten'),(457,'Milk'),(458,'Crustacean shellfish'),(459,'Fish'),(459,'Peanut'),(460,'Fish'),(460,'Gluten'),(461,'Fish'),(461,'Peanut'),(462,'Fish'),(462,'Gluten'),(463,'Fish'),(463,'Peanut'),(464,'Fish'),(464,'Gluten'),(465,'Fish'),(465,'Peanut'),(466,'Gluten'),(466,'Peanut'),(467,'Gluten'),(467,'Peanut'),(468,'Fish'),(468,'Gluten'),(469,'Crustacean shellfish'),(470,'Gluten'),(470,'Peanut'),(471,'Fish'),(471,'Peanut'),(472,'Fish'),(472,'Gluten'),(473,'Gluten'),(473,'Peanut'),(474,'Gluten'),(474,'Peanut'),(475,'Fish'),(475,'Gluten'),(476,'Milk'),(476,'Peanut'),(477,'Fish'),(477,'Gluten'),(478,'Fish'),(478,'Milk'),(479,'Gluten'),(479,'Peanut'),(480,'Fish'),(480,'Milk'),(481,'Gluten'),(481,'Milk'),(482,'Fish'),(482,'Milk'),(483,'Fish'),(483,'Peanut'),(484,'Fish'),(484,'Peanut'),(485,'Fish'),(485,'Peanut'),(486,'Fish'),(486,'Milk'),(487,'Fish'),(487,'Gluten'),(488,'Gluten'),(488,'Milk'),(489,'Gluten'),(489,'Peanut'),(490,'Fish'),(490,'Peanut'),(491,'Fish'),(491,'Gluten'),(492,'Fish'),(492,'Gluten'),(493,'Fish'),(493,'Peanut'),(494,'Fish'),(494,'Gluten'),(495,'Gluten'),(495,'Peanut'),(496,'Fish'),(496,'Peanut'),(497,'Milk'),(497,'Peanut'),(498,'Fish'),(498,'Gluten'),(499,'Milk'),(500,'Fish'),(500,'Milk'),(501,'Fish'),(501,'Peanut'),(502,'Fish'),(502,'Peanut'),(503,'Fish'),(503,'Peanut'),(504,'Gluten'),(504,'Milk'),(505,'Crustacean shellfish'),(506,'Milk'),(506,'Peanut'),(507,'Gluten'),(507,'Peanut'),(508,'Fish'),(508,'Gluten'),(509,'Milk'),(509,'Peanut'),(510,'Fish'),(510,'Gluten'),(511,'Fish'),(511,'Milk'),(512,'Milk'),(512,'Peanut'),(513,'Fish'),(513,'Gluten'),(514,'Fish'),(514,'Gluten'),(515,'Gluten'),(515,'Peanut'),(516,'Fish'),(516,'Gluten'),(517,'Fish'),(517,'Gluten'),(518,'Milk'),(518,'Peanut'),(519,'Fish'),(519,'Peanut'),(520,'Fish'),(520,'Milk'),(521,'Gluten'),(521,'Milk'),(522,'Fish'),(522,'Milk'),(523,'Gluten'),(523,'Peanut'),(524,'Fish'),(524,'Milk'),(525,'Gluten'),(525,'Peanut'),(526,'Fish'),(526,'Peanut'),(527,'Gluten'),(527,'Peanut'),(528,'Crustacean shellfish'),(529,'Crustacean shellfish'),(530,'Fish'),(530,'Milk'),(531,'Fish'),(531,'Gluten'),(532,'Fish'),(532,'Gluten'),(533,'Fish'),(533,'Gluten'),(534,'Fish'),(534,'Gluten'),(535,'Gluten'),(535,'Peanut'),(536,'Gluten'),(536,'Milk'),(537,'Milk'),(537,'Peanut'),(538,'Crustacean shellfish'),(539,'Gluten'),(539,'Milk'),(540,'Fish'),(540,'Milk'),(541,'Gluten'),(541,'Peanut'),(542,'Fish'),(542,'Peanut'),(543,'Fish'),(543,'Peanut'),(544,'Crustacean shellfish'),(545,'Fish'),(545,'Gluten'),(546,'Fish'),(546,'Gluten'),(547,'Milk'),(547,'Peanut'),(548,'Fish'),(548,'Gluten'),(549,'Gluten'),(549,'Peanut'),(550,'Fish'),(550,'Milk'),(551,'Gluten'),(552,'Peanut'),(553,'Peanut'),(554,'Milk'),(555,'Fish'),(556,'Gluten'),(557,'Gluten'),(558,'Fish'),(559,'Fish'),(560,'Peanut'),(561,'Fish'),(562,'Peanut'),(563,'Fish'),(564,'Crustacean shellfish'),(565,'Fish'),(566,'Gluten'),(567,'Peanut'),(568,'Milk'),(569,'Peanut'),(570,'Milk'),(571,'Fish'),(572,'Peanut'),(573,'Gluten'),(574,'Crustacean shellfish'),(575,'Gluten'),(576,'Fish'),(577,'Milk'),(578,'Fish'),(579,'Gluten'),(580,'Peanut'),(581,'Peanut'),(582,'Fish'),(583,'Gluten'),(584,'Peanut'),(585,'Gluten'),(586,'Peanut'),(587,'Fish'),(588,'Peanut'),(589,'Fish'),(590,'Gluten'),(591,'Gluten'),(592,'Fish'),(593,'Peanut'),(594,'Gluten'),(595,'Milk'),(596,'Peanut'),(597,'Peanut'),(598,'Milk'),(599,'Fish'),(600,'Gluten');
/*!40000 ALTER TABLE `pr_allergies` ENABLE KEYS */;
UNLOCK TABLES;

--
-- Table structure for table `prescription`
--

DROP TABLE IF EXISTS `prescription`;
/*!40101 SET @saved_cs_client     = @@character_set_client */;
/*!50503 SET character_set_client = utf8mb4 */;
CREATE TABLE `prescription` (
  `SKey` int NOT NULL AUTO_INCREMENT,
  `RxNumber` varchar(20) DEFAULT NULL,
  `NameOfPrescription` varchar(150) DEFAULT NULL,
  `Quantity` int DEFAULT NULL,
  `Duration` varchar(150) DEFAULT NULL,
  PRIMARY KEY (`SKey`),
  CONSTRAINT `prescription_ibfk_1` FOREIGN KEY (`SKey`) REFERENCES `services` (`SKey`)
) ENGINE=InnoDB AUTO_INCREMENT=401 DEFAULT CHARSET=utf8mb4 COLLATE=utf8mb4_0900_ai_ci;
/*!40101 SET character_set_client = @saved_cs_client */;

--
-- Dumping data for table `prescription`
--

LOCK TABLES `prescription` WRITE;
/*!40000 ALTER TABLE `prescription` DISABLE KEYS */;
INSERT INTO `prescription` VALUES (201,'S79821','Amoxicillin',8,'30 days'),(202,'S62299S','Augmentin',51,'1 day'),(203,'S92054G','Augmentin',22,'15 days'),(204,'E0952','Augmentin',5,'30 days'),(205,'S5291XK','Augmentin',34,'10 days'),(206,'M1A1220','Amoxicillin',46,'1 day'),(207,'T50A14A','Ciprofloxacin',59,'10 days'),(208,'H3589','Metformin',9,'15 days'),(209,'B0870','Ciprofloxacin',3,'3 days'),(210,'C8145','Amlodipine',15,'3 days'),(211,'H40062','Amlodipine',44,'20 days'),(212,'O43122','Metformin',39,'15 days'),(213,'K149','Amoxicillin',22,'10 days'),(214,'S4452XS','Metformin',15,'10 days'),(215,'V159XXA','Metformin',43,'15 days'),(216,'B389','Ciprofloxacin',39,'20 days'),(217,'M86161','Metformin',41,'3 days'),(218,'Y36501S','Amlodipine',13,'30 days'),(219,'O99612','Ciprofloxacin',46,'15 days'),(220,'R538','Amoxicillin',10,'20 days'),(221,'S83006S','Ciprofloxacin',22,'20 days'),(222,'M80822K','Amoxicillin',38,'30 days'),(223,'T23442A','Ciprofloxacin',15,'20 days'),(224,'T38891S','Metformin',4,'3 days'),(225,'S52264R','Metformin',38,'20 days'),(226,'S52182F','Metformin',50,'5 days'),(227,'S22088','Ciprofloxacin',17,'30 days'),(228,'S52001R','Metformin',13,'60 days'),(229,'S82134K','Metformin',55,'20 days'),(230,'E0864','Metformin',57,'30 days'),(231,'S41121D','Augmentin',23,'1 day'),(232,'S3669XA','Metformin',35,'20 days'),(233,'M25811','Metformin',6,'5 days'),(234,'T819XXS','Amlodipine',7,'5 days'),(235,'S46929A','Augmentin',50,'15 days'),(236,'S72341R','Augmentin',22,'5 days'),(237,'S92416G','Augmentin',50,'1 day'),(238,'V9314XS','Metformin',24,'20 days'),(239,'I69220','Amoxicillin',40,'5 days'),(240,'M70842','Ciprofloxacin',58,'60 days'),(241,'S0082','Amlodipine',48,'5 days'),(242,'Y37121A','Amoxicillin',57,'60 days'),(243,'G9751','Amoxicillin',34,'30 days'),(244,'S6011','Metformin',10,'20 days'),(245,'T506X1','Metformin',44,'3 days'),(246,'T7431XS','Amlodipine',16,'20 days'),(247,'Y9234','Amlodipine',54,'60 days'),(248,'L89514','Augmentin',22,'10 days'),(249,'H16129','Ciprofloxacin',32,'30 days'),(250,'M1464','Ciprofloxacin',1,'30 days'),(251,'R41','Amlodipine',1,'20 days'),(252,'O30049','Metformin',23,'5 days'),(253,'S382','Augmentin',26,'30 days'),(254,'T84019S','Amlodipine',5,'1 day'),(255,'T20219D','Amlodipine',29,'60 days'),(256,'T2240','Metformin',14,'5 days'),(257,'S62113K','Augmentin',37,'1 day'),(258,'S37051D','Metformin',47,'1 day'),(259,'S76322A','Metformin',4,'3 days'),(260,'S82401A','Ciprofloxacin',6,'60 days'),(261,'S82031D','Augmentin',49,'1 day'),(262,'S72346K','Amlodipine',17,'30 days'),(263,'S72125Q','Ciprofloxacin',1,'5 days'),(264,'S948','Amoxicillin',51,'15 days'),(265,'Y35093S','Amlodipine',5,'10 days'),(266,'S66421','Augmentin',33,'20 days'),(267,'S62643K','Metformin',4,'5 days'),(268,'S82201R','Amoxicillin',36,'60 days'),(269,'W34011D','Metformin',30,'5 days'),(270,'T71194','Amoxicillin',52,'20 days'),(271,'S3822','Amlodipine',46,'1 day'),(272,'O658','Ciprofloxacin',7,'5 days'),(273,'D49519','Ciprofloxacin',28,'30 days'),(274,'T888XXD','Ciprofloxacin',6,'60 days'),(275,'S66499','Amoxicillin',33,'30 days'),(276,'Q613','Ciprofloxacin',12,'30 days'),(277,'S35311','Metformin',41,'5 days'),(278,'H02042','Augmentin',50,'1 day'),(279,'V249','Ciprofloxacin',28,'10 days'),(280,'K824','Ciprofloxacin',5,'10 days'),(281,'H2522','Amlodipine',60,'5 days'),(282,'S50842A','Ciprofloxacin',37,'10 days'),(283,'S75011D','Ciprofloxacin',48,'1 day'),(284,'T82319A','Amlodipine',42,'15 days'),(285,'S62633B','Amlodipine',46,'3 days'),(286,'S32110D','Augmentin',6,'30 days'),(287,'S82445','Amoxicillin',37,'10 days'),(288,'H11113','Metformin',32,'30 days'),(289,'M4714','Metformin',9,'10 days'),(290,'T34519S','Metformin',48,'30 days'),(291,'K2930','Ciprofloxacin',39,'30 days'),(292,'S62342B','Amlodipine',12,'15 days'),(293,'S02652D','Amoxicillin',8,'3 days'),(294,'S62113P','Metformin',18,'60 days'),(295,'W370XXS','Metformin',18,'30 days'),(296,'S72336J','Amoxicillin',49,'15 days'),(297,'S61441S','Amlodipine',22,'20 days'),(298,'F14','Amoxicillin',17,'10 days'),(299,'S32484G','Metformin',33,'10 days'),(300,'O289','Metformin',13,'60 days'),(301,'N029','Augmentin',28,'15 days'),(302,'M4154','Ciprofloxacin',59,'1 day'),(303,'Y93I1','Metformin',34,'1 day'),(304,'S13110D','Amlodipine',21,'20 days'),(305,'Y01XXXA','Amoxicillin',47,'60 days'),(306,'S52235F','Amoxicillin',25,'60 days'),(307,'H838X9','Metformin',34,'1 day'),(308,'S95112S','Augmentin',16,'20 days'),(309,'S42239G','Amlodipine',1,'1 day'),(310,'S5491XS','Ciprofloxacin',4,'10 days'),(311,'M8736','Metformin',7,'5 days'),(312,'V7949XA','Amlodipine',20,'10 days'),(313,'S82854N','Augmentin',37,'60 days'),(314,'H661','Metformin',10,'10 days'),(315,'T434X1','Ciprofloxacin',12,'5 days'),(316,'M25551','Amoxicillin',12,'1 day'),(317,'S96121D','Metformin',2,'15 days'),(318,'O1420','Augmentin',30,'10 days'),(319,'T22321S','Amoxicillin',16,'5 days'),(320,'S4422','Amoxicillin',1,'3 days'),(321,'S63065','Amlodipine',35,'15 days'),(322,'V342XXD','Augmentin',57,'15 days'),(323,'W312XXA','Amoxicillin',25,'1 day'),(324,'T43506D','Amlodipine',4,'3 days'),(325,'S85901D','Ciprofloxacin',17,'60 days'),(326,'S42476A','Augmentin',32,'20 days'),(327,'S86102S','Amoxicillin',41,'5 days'),(328,'B3322','Metformin',27,'3 days'),(329,'S62182G','Augmentin',27,'60 days'),(330,'Z9289','Ciprofloxacin',54,'30 days'),(331,'V763','Amoxicillin',50,'10 days'),(332,'H4060X3','Metformin',30,'60 days'),(333,'S72101P','Metformin',21,'10 days'),(334,'S63293','Augmentin',23,'1 day'),(335,'T82120S','Amlodipine',18,'60 days'),(336,'Z6740','Ciprofloxacin',43,'10 days'),(337,'S92143P','Metformin',51,'10 days'),(338,'M4319','Amoxicillin',1,'10 days'),(339,'S61345D','Amoxicillin',51,'60 days'),(340,'Z31430','Ciprofloxacin',20,'5 days'),(341,'M43','Amoxicillin',38,'1 day'),(342,'I253','Amoxicillin',58,'30 days'),(343,'S49041S','Amoxicillin',9,'60 days'),(344,'T23271A','Metformin',36,'3 days'),(345,'S22060K','Ciprofloxacin',60,'5 days'),(346,'X963','Augmentin',20,'5 days'),(347,'S42356G','Amoxicillin',33,'30 days'),(348,'M754','Ciprofloxacin',41,'3 days'),(349,'H348','Amlodipine',2,'1 day'),(350,'S32452S','Metformin',8,'30 days'),(351,'T450X5A','Metformin',8,'15 days'),(352,'S50862A','Amoxicillin',44,'20 days'),(353,'O3493','Amlodipine',59,'5 days'),(354,'T7809XS','Augmentin',11,'3 days'),(355,'I70549','Metformin',2,'1 day'),(356,'S95092A','Metformin',18,'5 days'),(357,'H348391','Augmentin',51,'5 days'),(358,'S92009P','Metformin',4,'5 days'),(359,'T3472','Amoxicillin',52,'15 days'),(360,'S22071A','Metformin',32,'15 days'),(361,'H6611','Ciprofloxacin',21,'3 days'),(362,'M84649A','Metformin',10,'20 days'),(363,'S82134D','Ciprofloxacin',54,'1 day'),(364,'S35292','Amoxicillin',35,'60 days'),(365,'S63416D','Amlodipine',56,'10 days'),(366,'S15092','Amoxicillin',44,'10 days'),(367,'T63041','Ciprofloxacin',56,'3 days'),(368,'F449','Metformin',28,'10 days'),(369,'T5692XA','Ciprofloxacin',28,'1 day'),(370,'S92404K','Amlodipine',46,'5 days'),(371,'S45019A','Amlodipine',54,'15 days'),(372,'S68412A','Amlodipine',14,'20 days'),(373,'V411XXA','Metformin',10,'3 days'),(374,'S41042S','Augmentin',9,'1 day'),(375,'S51801','Amoxicillin',60,'30 days'),(376,'Z6832','Metformin',4,'60 days'),(377,'X781XXD','Amlodipine',18,'20 days'),(378,'T4276XA','Ciprofloxacin',47,'3 days'),(379,'S32592B','Amoxicillin',43,'60 days'),(380,'H11431','Amoxicillin',48,'60 days'),(381,'M11841','Ciprofloxacin',4,'1 day'),(382,'T22469D','Augmentin',40,'30 days'),(383,'M84532K','Metformin',8,'20 days'),(384,'T43611','Amoxicillin',9,'1 day'),(385,'M11851','Metformin',36,'10 days'),(386,'C44221','Augmentin',7,'3 days'),(387,'S61049A','Amoxicillin',20,'3 days'),(388,'S32111K','Ciprofloxacin',4,'3 days'),(389,'T43023','Metformin',7,'30 days'),(390,'D386','Augmentin',56,'3 days'),(391,'W1831XA','Metformin',53,'1 day'),(392,'T23361A','Metformin',44,'15 days'),(393,'S52224P','Ciprofloxacin',52,'10 days'),(394,'S06315D','Amlodipine',41,'5 days'),(395,'T38993S','Amoxicillin',52,'10 days'),(396,'S611','Amlodipine',55,'3 days'),(397,'I2111','Augmentin',40,'1 day'),(398,'R569','Metformin',47,'15 days'),(399,'S75091S','Augmentin',4,'10 days'),(400,'T24119D','Metformin',9,'10 days');
/*!40000 ALTER TABLE `prescription` ENABLE KEYS */;
UNLOCK TABLES;

--
-- Table structure for table `provides`
--

DROP TABLE IF EXISTS `provides`;
/*!40101 SET @saved_cs_client     = @@character_set_client */;
/*!50503 SET character_set_client = utf8mb4 */;
CREATE TABLE `provides` (
  `InstitutionKey` int NOT NULL,
  `ServicesKey` int NOT NULL,
  PRIMARY KEY (`InstitutionKey`,`ServicesKey`)
) ENGINE=InnoDB DEFAULT CHARSET=utf8mb4 COLLATE=utf8mb4_0900_ai_ci;
/*!40101 SET character_set_client = @saved_cs_client */;

--
-- Dumping data for table `provides`
--

LOCK TABLES `provides` WRITE;
/*!40000 ALTER TABLE `provides` DISABLE KEYS */;
INSERT INTO `provides` VALUES (1,1),(2,2),(3,3),(4,4),(5,5),(6,6),(7,7),(8,8),(9,9),(10,10),(11,11),(12,12),(13,13),(14,14),(15,15),(16,16),(17,17),(18,18),(19,19),(20,20),(21,21),(22,22),(23,23),(24,24),(25,25),(26,26),(27,27),(28,28),(29,29),(30,30),(31,31),(32,32),(33,33),(34,34),(35,35),(36,36),(37,37),(38,38),(39,39),(40,40),(41,41),(42,42),(43,43),(44,44),(45,45),(46,46),(47,47),(48,48),(49,49),(50,50),(51,51),(52,52),(53,53),(54,54),(55,55),(56,56),(57,57),(58,58),(59,59),(60,60),(61,61),(62,62),(63,63),(64,64),(65,65),(201,201),(202,202),(203,203),(204,204),(205,205),(206,206),(207,207),(208,208),(209,209),(210,210),(211,211),(212,212),(213,213),(214,214),(215,215),(216,216),(217,217),(218,218),(219,219),(220,220),(221,221),(222,222),(223,223),(224,224),(225,225),(226,226),(227,227),(228,228),(229,229),(230,230),(231,231),(232,232),(233,233),(234,234),(235,235),(236,236),(237,237),(238,238),(239,239),(240,240),(241,241),(242,242),(243,243),(244,244),(245,245),(246,246),(247,247),(248,248),(249,249),(250,250),(251,251),(252,252),(253,253),(254,254),(255,255),(256,256),(257,257),(258,258),(259,259),(260,260),(261,261),(262,262),(263,263),(264,264),(265,265),(266,266),(401,401),(402,402),(403,403),(404,404),(405,405),(406,406),(407,407),(408,408),(409,409),(410,410),(411,411),(412,412),(413,413),(414,414),(415,415),(416,416),(417,417),(418,418),(419,419),(420,420),(421,421),(422,422),(423,423),(424,424),(425,425),(426,426),(427,427),(428,428),(429,429),(430,430),(431,431),(432,432),(433,433),(434,434),(435,435),(436,436),(437,437),(438,438),(439,439),(440,440),(441,441),(442,442),(443,443),(444,444),(445,445),(446,446),(447,447),(448,448),(449,449),(450,450),(451,451),(452,452),(453,453),(454,454),(455,455),(456,456),(457,457),(458,458),(459,459),(460,460),(461,461),(462,462),(463,463),(464,464),(465,465),(466,466),(467,467),(468,468);
/*!40000 ALTER TABLE `provides` ENABLE KEYS */;
UNLOCK TABLES;

--
-- Table structure for table `rxcoupons`
--

DROP TABLE IF EXISTS `rxcoupons`;
/*!40101 SET @saved_cs_client     = @@character_set_client */;
/*!50503 SET character_set_client = utf8mb4 */;
CREATE TABLE `rxcoupons` (
  `PayKey` int NOT NULL AUTO_INCREMENT,
  `Validity` tinyint(1) DEFAULT NULL,
  `AmountOff` decimal(4,2) DEFAULT NULL,
  PRIMARY KEY (`PayKey`),
  CONSTRAINT `rxcoupons_ibfk_1` FOREIGN KEY (`PayKey`) REFERENCES `payment` (`PayKey`)
) ENGINE=InnoDB AUTO_INCREMENT=401 DEFAULT CHARSET=utf8mb4 COLLATE=utf8mb4_0900_ai_ci;
/*!40101 SET character_set_client = @saved_cs_client */;

--
-- Dumping data for table `rxcoupons`
--

LOCK TABLES `rxcoupons` WRITE;
/*!40000 ALTER TABLE `rxcoupons` DISABLE KEYS */;
INSERT INTO `rxcoupons` VALUES (201,1,41.72),(202,0,37.37),(203,0,60.06),(204,0,44.37),(205,1,36.68),(206,0,22.44),(207,0,66.68),(208,0,23.68),(209,0,64.68),(210,1,5.31),(211,0,21.05),(212,1,62.87),(213,0,4.56),(214,0,34.87),(215,1,60.47),(216,0,76.93),(217,1,69.82),(218,1,9.49),(219,1,5.64),(220,0,56.82),(221,1,31.02),(222,0,29.24),(223,0,27.71),(224,0,76.21),(225,0,19.97),(226,1,70.55),(227,1,60.26),(228,1,16.72),(229,1,15.25),(230,0,49.12),(231,1,34.22),(232,1,28.31),(233,0,46.53),(234,1,21.21),(235,0,40.22),(236,0,37.21),(237,1,16.19),(238,0,25.18),(239,0,22.05),(240,0,6.21),(241,0,32.47),(242,1,22.48),(243,1,5.50),(244,0,54.28),(245,0,29.36),(246,0,31.37),(247,0,58.12),(248,1,25.21),(249,1,27.09),(250,0,53.23),(251,1,34.36),(252,1,24.73),(253,0,71.34),(254,0,19.70),(255,1,33.91),(256,0,78.98),(257,0,35.66),(258,1,22.53),(259,0,26.14),(260,0,25.23),(261,0,40.62),(262,0,15.88),(263,0,64.41),(264,0,75.41),(265,0,55.81),(266,0,73.61),(267,1,68.39),(268,0,41.47),(269,0,65.74),(270,0,15.28),(271,0,15.65),(272,1,17.61),(273,0,15.05),(274,0,5.94),(275,1,62.86),(276,0,66.77),(277,1,54.07),(278,1,41.99),(279,1,26.45),(280,0,17.28),(281,1,53.72),(282,1,78.36),(283,1,39.57),(284,0,57.48),(285,0,3.60),(286,0,74.51),(287,0,24.49),(288,1,55.79),(289,1,32.40),(290,1,54.24),(291,0,69.73),(292,1,23.47),(293,0,79.87),(294,0,34.13),(295,1,62.84),(296,1,32.48),(297,1,38.64),(298,1,76.84),(299,0,40.63),(300,1,42.06),(301,0,70.32),(302,0,74.81),(303,1,11.82),(304,1,50.28),(305,1,19.82),(306,1,70.95),(307,0,17.77),(308,1,9.88),(309,0,11.61),(310,0,56.56),(311,0,15.27),(312,0,31.05),(313,1,70.98),(314,1,44.81),(315,0,79.08),(316,1,21.00),(317,0,35.63),(318,1,27.28),(319,0,17.72),(320,1,5.50),(321,0,75.61),(322,1,15.40),(323,0,18.59),(324,0,20.31),(325,1,6.67),(326,1,46.49),(327,1,25.45),(328,1,25.35),(329,1,51.57),(330,0,76.73),(331,0,23.63),(332,0,17.67),(333,0,73.00),(334,0,41.74),(335,0,36.99),(336,0,59.62),(337,1,76.34),(338,0,61.42),(339,0,1.86),(340,0,18.51),(341,1,11.08),(342,1,9.53),(343,0,42.49),(344,1,3.65),(345,0,39.28),(346,0,79.51),(347,1,21.91),(348,0,25.70),(349,1,24.67),(350,1,14.32),(351,0,78.44),(352,0,15.20),(353,1,42.60),(354,1,72.65),(355,1,58.46),(356,0,7.55),(357,1,25.09),(358,1,47.91),(359,0,21.54),(360,1,69.41),(361,0,65.63),(362,0,19.54),(363,1,22.45),(364,1,52.35),(365,1,56.01),(366,1,35.08),(367,0,24.17),(368,0,6.66),(369,0,17.80),(370,0,45.63),(371,0,36.77),(372,0,12.48),(373,1,50.47),(374,0,74.44),(375,0,6.17),(376,1,53.01),(377,0,16.53),(378,1,78.76),(379,0,13.74),(380,0,51.95),(381,1,15.10),(382,1,70.10),(383,0,69.29),(384,1,49.68),(385,0,77.15),(386,0,24.39),(387,1,77.13),(388,0,68.56),(389,1,25.13),(390,0,61.46),(391,0,76.98),(392,1,50.90),(393,1,68.66),(394,1,76.61),(395,1,61.23),(396,1,24.40),(397,0,63.19),(398,1,72.58),(399,0,39.74),(400,0,16.95);
/*!40000 ALTER TABLE `rxcoupons` ENABLE KEYS */;
UNLOCK TABLES;

--
-- Table structure for table `selfpay`
--

DROP TABLE IF EXISTS `selfpay`;
/*!40101 SET @saved_cs_client     = @@character_set_client */;
/*!50503 SET character_set_client = utf8mb4 */;
CREATE TABLE `selfpay` (
  `PayKey` int NOT NULL AUTO_INCREMENT,
  `AmountToPay` decimal(6,2) DEFAULT NULL,
  `PaymentMethod` varchar(80) DEFAULT NULL,
  PRIMARY KEY (`PayKey`),
  CONSTRAINT `selfpay_ibfk_1` FOREIGN KEY (`PayKey`) REFERENCES `payment` (`PayKey`)
) ENGINE=InnoDB AUTO_INCREMENT=601 DEFAULT CHARSET=utf8mb4 COLLATE=utf8mb4_0900_ai_ci;
/*!40101 SET character_set_client = @saved_cs_client */;

--
-- Dumping data for table `selfpay`
--

LOCK TABLES `selfpay` WRITE;
/*!40000 ALTER TABLE `selfpay` DISABLE KEYS */;
INSERT INTO `selfpay` VALUES (401,175.08,'Cash'),(402,610.40,'Debit Card'),(403,611.42,'Credit Card'),(404,444.23,'Credit Cards'),(405,202.46,'Cash'),(406,137.43,'Credit Cards'),(407,909.02,'Credit Cards'),(408,789.99,'Cash'),(409,20.88,'Venmo'),(410,219.67,'Cash'),(411,857.43,'Credit Card'),(412,306.67,'Cash'),(413,244.07,'Credit Card'),(414,847.70,'Credit Card'),(415,186.34,'Debit Card'),(416,156.69,'Credit Card'),(417,477.62,'Credit Card'),(418,84.75,'Credit Cards'),(419,566.30,'Debit Card'),(420,798.68,'Debit Card'),(421,112.58,'Debit Card'),(422,730.12,'Venmo'),(423,920.19,'PayPal'),(424,866.81,'Debit Card'),(425,780.91,'Cash'),(426,655.53,'Venmo'),(427,659.88,'PayPal'),(428,354.68,'Credit Cards'),(429,160.18,'Cash'),(430,633.66,'PayPal'),(431,185.24,'Credit Card'),(432,460.23,'PayPal'),(433,625.56,'Credit Cards'),(434,540.67,'Credit Cards'),(435,878.87,'PayPal'),(436,563.45,'PayPal'),(437,20.19,'Debit Card'),(438,906.69,'Credit Card'),(439,166.49,'PayPal'),(440,187.94,'Venmo'),(441,132.15,'Credit Cards'),(442,663.98,'Credit Cards'),(443,182.71,'PayPal'),(444,794.22,'Debit Card'),(445,561.76,'Credit Cards'),(446,76.17,'Debit Card'),(447,583.83,'Venmo'),(448,534.53,'Cash'),(449,638.15,'PayPal'),(450,144.01,'Venmo'),(451,756.84,'Credit Cards'),(452,740.06,'Cash'),(453,172.64,'Cash'),(454,227.88,'Cash'),(455,200.90,'Credit Card'),(456,124.78,'Debit Card'),(457,304.09,'Cash'),(458,287.60,'PayPal'),(459,248.52,'PayPal'),(460,217.99,'Cash'),(461,765.08,'Venmo'),(462,35.73,'Credit Card'),(463,508.61,'PayPal'),(464,928.46,'Cash'),(465,367.06,'Credit Card'),(466,153.88,'Venmo'),(467,851.07,'Debit Card'),(468,378.53,'Venmo'),(469,141.10,'Credit Cards'),(470,227.72,'Debit Card'),(471,742.21,'Credit Cards'),(472,440.64,'Credit Cards'),(473,892.38,'Venmo'),(474,570.47,'Credit Cards'),(475,237.91,'PayPal'),(476,14.16,'Debit Card'),(477,225.79,'PayPal'),(478,867.23,'Cash'),(479,876.11,'Venmo'),(480,487.06,'PayPal'),(481,469.13,'Debit Card'),(482,8.48,'Credit Card'),(483,750.99,'Debit Card'),(484,773.12,'PayPal'),(485,537.39,'Credit Card'),(486,357.68,'Cash'),(487,85.86,'Debit Card'),(488,707.25,'Cash'),(489,245.54,'Credit Cards'),(490,466.67,'Credit Card'),(491,570.05,'Venmo'),(492,711.67,'Cash'),(493,494.93,'Cash'),(494,734.73,'PayPal'),(495,570.61,'Venmo'),(496,645.66,'PayPal'),(497,7.28,'Credit Cards'),(498,682.68,'Debit Card'),(499,90.16,'Cash'),(500,907.40,'Credit Cards'),(501,761.40,'PayPal'),(502,75.44,'Debit Card'),(503,789.08,'Venmo'),(504,379.76,'Credit Cards'),(505,173.78,'Cash'),(506,44.72,'PayPal'),(507,888.07,'PayPal'),(508,992.57,'Credit Card'),(509,378.00,'PayPal'),(510,372.91,'Debit Card'),(511,157.13,'Venmo'),(512,658.48,'Venmo'),(513,286.62,'Venmo'),(514,1.29,'Venmo'),(515,9.19,'PayPal'),(516,403.57,'Debit Card'),(517,388.65,'Venmo'),(518,26.12,'Cash'),(519,111.51,'PayPal'),(520,467.92,'Credit Cards'),(521,686.77,'PayPal'),(522,673.21,'Venmo'),(523,364.31,'PayPal'),(524,136.83,'Credit Card'),(525,78.24,'Debit Card'),(526,458.64,'Credit Card'),(527,442.92,'PayPal'),(528,599.96,'PayPal'),(529,152.27,'Venmo'),(530,226.62,'PayPal'),(531,68.09,'Credit Cards'),(532,550.84,'Credit Card'),(533,481.57,'Credit Cards'),(534,412.90,'Debit Card'),(535,329.23,'Debit Card'),(536,330.58,'Credit Card'),(537,819.90,'PayPal'),(538,547.26,'Debit Card'),(539,18.54,'Credit Cards'),(540,996.52,'Debit Card'),(541,339.80,'Credit Card'),(542,162.60,'Credit Card'),(543,603.59,'Credit Cards'),(544,686.49,'Credit Cards'),(545,144.62,'Venmo'),(546,950.02,'Cash'),(547,568.70,'Credit Card'),(548,527.55,'Venmo'),(549,778.97,'Debit Card'),(550,783.81,'Venmo'),(551,917.44,'Cash'),(552,949.68,'Debit Card'),(553,525.44,'Credit Card'),(554,737.04,'Venmo'),(555,57.14,'Debit Card'),(556,856.47,'PayPal'),(557,314.66,'Venmo'),(558,150.93,'Cash'),(559,1.28,'Debit Card'),(560,890.00,'Credit Cards'),(561,118.27,'Venmo'),(562,848.26,'Cash'),(563,487.50,'Cash'),(564,666.41,'Credit Cards'),(565,131.41,'Credit Card'),(566,504.34,'Credit Cards'),(567,102.56,'Credit Cards'),(568,195.96,'Credit Card'),(569,216.44,'Debit Card'),(570,817.14,'Venmo'),(571,906.10,'Debit Card'),(572,859.47,'Venmo'),(573,671.62,'Cash'),(574,455.13,'Cash'),(575,609.83,'Cash'),(576,287.45,'PayPal'),(577,494.61,'Cash'),(578,927.09,'Venmo'),(579,925.48,'Venmo'),(580,381.41,'PayPal'),(581,455.83,'Debit Card'),(582,355.49,'Venmo'),(583,751.93,'Credit Card'),(584,559.94,'Debit Card'),(585,156.03,'PayPal'),(586,556.39,'Venmo'),(587,625.83,'Credit Cards'),(588,777.26,'Debit Card'),(589,997.48,'Credit Card'),(590,915.38,'Cash'),(591,52.77,'Credit Card'),(592,641.99,'Credit Card'),(593,379.15,'Credit Cards'),(594,604.47,'PayPal'),(595,473.53,'Cash'),(596,826.86,'Credit Card'),(597,697.26,'Credit Cards'),(598,634.72,'Cash'),(599,882.75,'Venmo'),(600,227.30,'Cash');
/*!40000 ALTER TABLE `selfpay` ENABLE KEYS */;
UNLOCK TABLES;

--
-- Table structure for table `services`
--

DROP TABLE IF EXISTS `services`;
/*!40101 SET @saved_cs_client     = @@character_set_client */;
/*!50503 SET character_set_client = utf8mb4 */;
CREATE TABLE `services` (
  `SKey` int NOT NULL AUTO_INCREMENT,
  `DateOfService` date DEFAULT NULL,
  `TimeOfService` time DEFAULT NULL,
  PRIMARY KEY (`SKey`)
) ENGINE=InnoDB AUTO_INCREMENT=601 DEFAULT CHARSET=utf8mb4 COLLATE=utf8mb4_0900_ai_ci;
/*!40101 SET character_set_client = @saved_cs_client */;

--
-- Dumping data for table `services`
--

LOCK TABLES `services` WRITE;
/*!40000 ALTER TABLE `services` DISABLE KEYS */;
INSERT INTO `services` VALUES (1,'2015-03-29','08:13:20'),(2,'2016-04-15','16:27:17'),(3,'2019-10-19','05:37:20'),(4,'2012-05-13','18:30:35'),(5,'2017-08-02','23:09:53'),(6,'2014-11-03','06:43:32'),(7,'2016-04-04','17:05:41'),(8,'2016-03-12','06:14:20'),(9,'2016-11-11','12:53:33'),(10,'2020-12-15','04:34:20'),(11,'2021-04-24','13:31:26'),(12,'2016-10-30','18:29:45'),(13,'2018-04-13','05:07:39'),(14,'2018-10-04','21:03:36'),(15,'2021-02-26','11:20:03'),(16,'2020-01-28','10:58:50'),(17,'2019-10-01','16:23:04'),(18,'2012-02-12','01:12:28'),(19,'2020-05-18','08:50:33'),(20,'2015-04-16','04:07:38'),(21,'2013-09-14','10:39:05'),(22,'2019-03-12','20:56:09'),(23,'2022-02-11','22:23:20'),(24,'2021-10-09','20:36:52'),(25,'2013-07-14','23:00:12'),(26,'2012-11-12','11:32:00'),(27,'2021-09-18','07:23:44'),(28,'2012-08-29','14:37:12'),(29,'2022-04-15','18:32:43'),(30,'2019-12-15','12:06:17'),(31,'2019-10-23','20:31:16'),(32,'2021-08-27','01:13:25'),(33,'2021-05-10','05:42:29'),(34,'2014-02-10','00:29:42'),(35,'2015-10-20','12:14:26'),(36,'2013-03-23','10:12:45'),(37,'2022-01-13','22:38:40'),(38,'2014-10-19','17:04:45'),(39,'2023-02-13','00:07:45'),(40,'2017-10-13','14:41:24'),(41,'2017-02-15','13:17:36'),(42,'2014-04-25','06:31:30'),(43,'2012-08-18','19:10:29'),(44,'2016-12-06','12:09:55'),(45,'2020-12-04','04:09:04'),(46,'2014-10-07','08:54:42'),(47,'2018-10-17','15:05:42'),(48,'2019-07-29','12:40:22'),(49,'2022-10-24','13:00:25'),(50,'2017-03-31','19:34:52'),(51,'2014-02-12','06:48:13'),(52,'2015-11-01','09:27:14'),(53,'2020-05-03','14:03:47'),(54,'2012-05-19','19:46:01'),(55,'2020-04-01','08:05:20'),(56,'2018-08-29','01:42:01'),(57,'2012-09-21','11:36:29'),(58,'2021-11-02','23:23:17'),(59,'2012-04-13','08:30:57'),(60,'2012-09-11','13:34:34'),(61,'2016-08-03','13:55:52'),(62,'2021-10-10','13:22:52'),(63,'2019-08-02','12:57:28'),(64,'2012-09-14','21:36:46'),(65,'2014-07-28','02:41:50'),(66,'2022-08-04','19:55:41'),(67,'2019-12-14','01:12:03'),(68,'2016-05-20','23:04:12'),(69,'2021-06-20','09:02:39'),(70,'2013-09-08','16:39:04'),(71,'2019-12-04','22:53:26'),(72,'2014-10-20','22:55:21'),(73,'2012-04-24','09:47:28'),(74,'2023-01-28','06:57:59'),(75,'2014-12-07','08:33:32'),(76,'2023-04-08','01:57:28'),(77,'2013-10-07','07:37:04'),(78,'2020-01-08','18:21:14'),(79,'2018-05-12','09:06:40'),(80,'2015-10-24','14:01:53'),(81,'2020-05-29','14:50:32'),(82,'2022-04-26','16:50:38'),(83,'2018-03-22','14:32:14'),(84,'2014-08-13','17:17:05'),(85,'2015-02-17','02:28:35'),(86,'2012-01-05','01:18:48'),(87,'2020-10-25','08:09:23'),(88,'2021-10-01','13:42:07'),(89,'2014-08-06','09:32:35'),(90,'2019-04-25','01:32:45'),(91,'2013-06-16','22:00:11'),(92,'2018-07-10','23:13:33'),(93,'2018-01-05','10:16:13'),(94,'2014-07-10','16:19:06'),(95,'2016-04-12','20:52:19'),(96,'2018-03-14','11:18:21'),(97,'2014-07-02','04:05:52'),(98,'2021-09-21','18:36:49'),(99,'2015-10-23','18:04:14'),(100,'2016-10-21','03:12:12'),(101,'2012-09-15','04:26:41'),(102,'2021-12-17','19:44:02'),(103,'2016-09-25','00:27:18'),(104,'2012-05-27','14:00:50'),(105,'2015-01-31','02:36:11'),(106,'2022-06-30','06:47:20'),(107,'2014-02-22','21:35:34'),(108,'2021-12-05','18:39:33'),(109,'2019-03-25','14:23:38'),(110,'2021-06-22','02:41:17'),(111,'2022-04-09','11:39:15'),(112,'2014-07-03','22:21:02'),(113,'2019-01-28','13:23:05'),(114,'2012-04-02','05:10:09'),(115,'2020-06-17','08:11:06'),(116,'2016-12-03','21:40:12'),(117,'2016-08-27','04:37:08'),(118,'2013-01-29','15:34:51'),(119,'2013-06-05','02:50:14'),(120,'2015-04-23','11:43:16'),(121,'2018-05-16','09:52:33'),(122,'2020-08-24','02:47:23'),(123,'2021-04-11','10:33:56'),(124,'2017-11-16','16:04:23'),(125,'2017-04-12','07:19:53'),(126,'2018-05-14','21:34:25'),(127,'2013-10-24','22:49:35'),(128,'2022-07-22','08:18:48'),(129,'2017-06-28','02:28:43'),(130,'2015-01-27','14:26:18'),(131,'2014-03-08','19:57:24'),(132,'2020-01-01','01:15:12'),(133,'2013-06-07','11:03:28'),(134,'2022-04-16','04:45:53'),(135,'2012-07-23','21:41:56'),(136,'2019-08-13','06:43:40'),(137,'2016-05-15','21:32:17'),(138,'2020-12-11','23:31:54'),(139,'2019-08-10','14:18:13'),(140,'2021-05-25','15:19:55'),(141,'2014-10-01','18:18:13'),(142,'2015-10-10','19:53:25'),(143,'2015-05-11','14:39:23'),(144,'2013-02-09','03:01:19'),(145,'2014-06-04','23:21:24'),(146,'2022-06-11','00:21:31'),(147,'2016-03-20','16:15:40'),(148,'2018-11-07','02:33:57'),(149,'2018-06-09','14:52:33'),(150,'2013-11-13','07:55:35'),(151,'2020-11-13','06:22:40'),(152,'2022-10-07','23:09:06'),(153,'2016-03-10','13:50:57'),(154,'2020-12-12','03:09:25'),(155,'2020-06-12','22:21:16'),(156,'2020-09-19','08:29:02'),(157,'2021-05-27','02:25:35'),(158,'2017-08-18','13:21:40'),(159,'2012-01-25','13:19:12'),(160,'2019-11-09','00:48:05'),(161,'2015-06-04','00:11:38'),(162,'2017-01-25','13:32:40'),(163,'2014-11-02','16:15:45'),(164,'2015-05-06','09:36:25'),(165,'2015-09-03','02:45:53'),(166,'2022-09-23','07:47:41'),(167,'2022-01-30','16:42:58'),(168,'2020-11-10','18:47:08'),(169,'2012-04-17','08:55:19'),(170,'2021-07-15','09:24:14'),(171,'2021-06-23','07:35:56'),(172,'2015-08-05','11:43:44'),(173,'2014-10-21','04:54:18'),(174,'2022-03-22','11:52:21'),(175,'2013-01-08','09:06:12'),(176,'2012-07-23','14:20:15'),(177,'2016-01-14','13:53:51'),(178,'2015-08-18','21:47:31'),(179,'2022-06-20','16:31:23'),(180,'2016-12-31','05:24:58'),(181,'2022-01-02','07:56:53'),(182,'2012-10-07','11:16:11'),(183,'2018-09-30','07:17:11'),(184,'2017-03-26','17:00:15'),(185,'2012-08-20','21:54:07'),(186,'2014-12-03','21:32:42'),(187,'2018-07-03','08:13:58'),(188,'2021-11-20','13:11:27'),(189,'2021-01-30','01:55:35'),(190,'2021-03-24','00:42:29'),(191,'2015-04-01','01:32:35'),(192,'2021-11-08','07:49:09'),(193,'2015-07-04','09:15:42'),(194,'2017-02-10','20:51:39'),(195,'2013-03-11','03:57:23'),(196,'2021-10-20','02:03:52'),(197,'2012-08-12','09:59:09'),(198,'2014-11-05','01:00:45'),(199,'2020-01-13','10:45:27'),(200,'2015-01-13','22:10:00'),(201,'2013-09-04','19:59:17'),(202,'2020-05-26','07:29:08'),(203,'2013-08-18','22:52:31'),(204,'2017-06-27','19:38:13'),(205,'2012-10-09','09:11:05'),(206,'2012-07-10','22:59:31'),(207,'2014-12-21','05:17:42'),(208,'2012-04-03','20:49:48'),(209,'2014-03-13','08:47:30'),(210,'2017-12-03','08:05:59'),(211,'2013-04-19','12:55:46'),(212,'2017-08-28','15:32:14'),(213,'2021-05-06','11:13:13'),(214,'2016-02-05','13:13:22'),(215,'2020-06-21','23:09:40'),(216,'2017-11-16','14:10:59'),(217,'2017-08-27','03:52:20'),(218,'2019-02-19','00:37:08'),(219,'2013-04-25','23:03:48'),(220,'2017-02-20','22:44:13'),(221,'2018-12-17','20:45:14'),(222,'2021-07-23','23:31:45'),(223,'2014-06-05','10:08:02'),(224,'2014-02-03','00:06:08'),(225,'2019-04-16','10:53:51'),(226,'2015-04-09','20:11:51'),(227,'2016-04-20','09:47:02'),(228,'2016-12-16','11:37:24'),(229,'2023-01-19','04:38:23'),(230,'2018-03-30','13:58:30'),(231,'2012-02-03','09:20:46'),(232,'2021-07-23','13:51:28'),(233,'2020-12-07','19:07:58'),(234,'2021-06-15','07:33:39'),(235,'2014-09-02','02:47:38'),(236,'2018-06-18','07:52:35'),(237,'2018-12-05','22:45:03'),(238,'2018-01-22','01:03:08'),(239,'2019-12-09','20:04:33'),(240,'2019-01-20','15:15:39'),(241,'2015-04-28','02:42:36'),(242,'2013-07-31','12:30:14'),(243,'2016-08-19','02:58:53'),(244,'2019-12-16','23:40:44'),(245,'2020-12-05','11:45:15'),(246,'2021-03-01','03:51:12'),(247,'2020-01-01','20:28:03'),(248,'2015-06-28','07:22:44'),(249,'2021-09-27','06:34:28'),(250,'2021-11-05','12:52:42'),(251,'2022-03-28','19:25:14'),(252,'2015-09-16','16:51:32'),(253,'2019-06-18','12:35:09'),(254,'2022-09-28','07:52:54'),(255,'2022-08-21','21:40:55'),(256,'2017-01-30','17:51:39'),(257,'2017-08-03','11:57:23'),(258,'2014-07-23','08:08:16'),(259,'2021-03-03','18:50:41'),(260,'2018-12-12','07:54:09'),(261,'2020-01-06','12:07:10'),(262,'2012-08-18','23:14:29'),(263,'2014-06-07','02:55:00'),(264,'2018-09-10','10:53:22'),(265,'2014-02-11','19:47:28'),(266,'2018-10-13','11:20:15'),(267,'2016-09-27','01:06:09'),(268,'2020-07-04','08:58:47'),(269,'2020-12-15','11:19:53'),(270,'2014-08-16','11:45:38'),(271,'2020-10-18','09:09:29'),(272,'2018-01-03','11:11:30'),(273,'2016-10-10','08:11:01'),(274,'2012-10-04','22:55:06'),(275,'2022-11-07','01:32:27'),(276,'2016-01-31','12:50:55'),(277,'2020-02-20','01:07:52'),(278,'2020-08-30','04:17:53'),(279,'2022-04-17','11:33:30'),(280,'2020-09-25','21:46:19'),(281,'2020-07-08','20:14:23'),(282,'2018-03-30','05:19:20'),(283,'2021-11-04','22:57:35'),(284,'2012-08-24','11:42:47'),(285,'2016-09-01','10:16:20'),(286,'2013-04-11','17:12:18'),(287,'2018-11-20','20:06:09'),(288,'2019-02-11','12:43:16'),(289,'2015-09-08','14:03:00'),(290,'2017-05-12','00:42:00'),(291,'2015-03-16','23:11:14'),(292,'2021-01-14','22:44:32'),(293,'2011-12-31','01:00:37'),(294,'2015-04-03','16:10:06'),(295,'2017-03-11','02:43:36'),(296,'2016-02-19','13:15:14'),(297,'2022-08-10','06:36:00'),(298,'2017-10-30','01:33:29'),(299,'2017-09-26','01:49:02'),(300,'2019-04-23','06:58:48'),(301,'2014-02-12','08:33:10'),(302,'2018-07-16','01:04:23'),(303,'2020-10-11','06:47:32'),(304,'2020-05-27','05:14:34'),(305,'2018-04-19','23:11:29'),(306,'2021-03-15','06:20:57'),(307,'2022-01-07','02:43:51'),(308,'2012-11-22','01:16:21'),(309,'2012-01-08','12:37:13'),(310,'2021-10-13','13:45:03'),(311,'2018-11-19','17:06:08'),(312,'2018-08-17','21:15:16'),(313,'2013-05-26','06:16:47'),(314,'2020-06-23','18:54:11'),(315,'2022-04-04','14:39:50'),(316,'2022-10-08','10:44:52'),(317,'2014-04-30','22:17:04'),(318,'2016-12-12','15:48:07'),(319,'2020-07-03','22:18:19'),(320,'2013-02-18','23:02:42'),(321,'2022-05-01','21:38:24'),(322,'2013-12-23','12:20:34'),(323,'2020-03-05','15:55:34'),(324,'2015-06-02','15:40:31'),(325,'2022-11-12','22:12:54'),(326,'2014-04-20','22:31:59'),(327,'2017-03-08','04:29:27'),(328,'2022-12-29','20:28:27'),(329,'2018-08-04','10:15:44'),(330,'2022-12-18','07:54:13'),(331,'2018-05-29','03:15:48'),(332,'2011-12-25','03:05:21'),(333,'2013-04-15','19:55:24'),(334,'2021-03-27','05:14:29'),(335,'2017-11-25','22:55:10'),(336,'2017-01-08','21:08:34'),(337,'2018-11-04','04:41:21'),(338,'2018-01-07','07:26:19'),(339,'2014-11-02','20:14:11'),(340,'2018-07-08','09:52:12'),(341,'2012-02-29','15:40:06'),(342,'2021-07-15','08:11:09'),(343,'2015-09-25','03:46:09'),(344,'2017-06-09','21:36:28'),(345,'2015-10-23','10:50:30'),(346,'2018-06-09','21:54:44'),(347,'2021-06-18','08:00:29'),(348,'2015-01-05','17:53:36'),(349,'2022-04-24','20:22:15'),(350,'2013-12-12','17:21:26'),(351,'2021-06-16','16:43:56'),(352,'2014-03-29','16:19:28'),(353,'2018-06-30','15:42:49'),(354,'2016-01-29','06:01:45'),(355,'2012-06-03','23:02:17'),(356,'2021-05-20','07:53:13'),(357,'2021-07-12','07:26:27'),(358,'2019-07-31','01:10:41'),(359,'2020-07-14','19:32:57'),(360,'2020-06-03','00:20:42'),(361,'2013-02-11','12:34:30'),(362,'2022-10-09','06:04:10'),(363,'2017-02-23','10:45:02'),(364,'2015-03-07','15:34:58'),(365,'2020-04-12','01:09:47'),(366,'2021-08-23','23:44:28'),(367,'2012-01-07','11:55:09'),(368,'2012-12-15','00:52:53'),(369,'2019-11-09','20:44:00'),(370,'2014-03-16','14:29:38'),(371,'2016-12-11','07:23:59'),(372,'2018-05-16','20:00:41'),(373,'2014-10-03','12:43:03'),(374,'2017-12-24','18:03:23'),(375,'2019-04-01','06:39:41'),(376,'2017-06-14','20:35:57'),(377,'2018-11-26','03:53:38'),(378,'2013-06-17','02:06:47'),(379,'2022-11-30','10:36:20'),(380,'2020-12-10','04:00:00'),(381,'2012-05-21','09:06:54'),(382,'2016-05-29','10:21:44'),(383,'2022-02-11','11:47:18'),(384,'2016-07-17','18:53:28'),(385,'2012-05-03','02:50:23'),(386,'2020-12-23','01:01:06'),(387,'2017-10-01','04:59:58'),(388,'2015-08-19','07:46:16'),(389,'2017-01-03','17:41:21'),(390,'2022-06-15','20:31:50'),(391,'2020-04-01','08:39:02'),(392,'2018-01-27','00:21:31'),(393,'2021-03-14','13:49:07'),(394,'2012-09-10','10:20:36'),(395,'2013-11-04','07:00:23'),(396,'2016-10-29','00:02:11'),(397,'2020-06-19','21:01:55'),(398,'2012-06-13','17:38:55'),(399,'2019-07-30','22:19:40'),(400,'2019-05-29','12:42:28'),(401,'2013-08-17','09:34:55'),(402,'2020-12-01','20:13:10'),(403,'2014-05-27','12:52:36'),(404,'2016-03-11','13:10:22'),(405,'2016-02-09','09:08:26'),(406,'2018-03-06','03:43:55'),(407,'2017-05-11','21:46:01'),(408,'2022-02-18','11:50:35'),(409,'2022-04-26','01:41:21'),(410,'2022-04-20','20:43:29'),(411,'2020-05-06','01:41:45'),(412,'2020-04-02','10:55:47'),(413,'2015-09-10','00:05:40'),(414,'2013-01-12','14:11:36'),(415,'2018-09-20','04:44:18'),(416,'2012-02-09','23:19:01'),(417,'2017-10-15','08:37:17'),(418,'2014-03-03','02:30:53'),(419,'2017-01-10','01:48:12'),(420,'2023-04-11','12:03:09'),(421,'2022-04-15','07:49:33'),(422,'2019-07-05','12:25:56'),(423,'2017-06-18','08:32:52'),(424,'2019-07-13','17:06:57'),(425,'2013-08-20','23:50:03'),(426,'2022-08-10','10:49:11'),(427,'2013-05-07','21:27:03'),(428,'2012-11-17','02:15:27'),(429,'2022-01-14','01:00:17'),(430,'2017-10-25','00:51:05'),(431,'2016-05-14','03:43:38'),(432,'2012-03-23','17:52:17'),(433,'2020-01-30','06:12:21'),(434,'2017-08-24','17:09:04'),(435,'2017-02-16','09:41:29'),(436,'2021-10-06','23:42:25'),(437,'2012-12-10','09:59:09'),(438,'2019-04-13','15:38:54'),(439,'2016-07-06','08:47:59'),(440,'2014-09-24','13:31:56'),(441,'2021-04-22','23:40:33'),(442,'2015-06-09','10:17:07'),(443,'2012-02-15','12:43:16'),(444,'2021-01-03','17:25:26'),(445,'2017-09-14','14:50:44'),(446,'2018-10-06','18:44:46'),(447,'2012-06-01','21:17:00'),(448,'2018-01-20','16:59:32'),(449,'2020-11-25','00:55:23'),(450,'2015-09-09','20:54:18'),(451,'2014-10-06','14:23:41'),(452,'2022-07-03','19:57:42'),(453,'2019-10-15','01:13:50'),(454,'2021-11-13','02:16:41'),(455,'2018-12-22','00:24:12'),(456,'2013-12-25','21:44:30'),(457,'2019-08-09','08:30:48'),(458,'2017-05-11','22:55:57'),(459,'2013-10-10','17:40:42'),(460,'2016-03-11','04:49:09'),(461,'2017-07-06','03:06:08'),(462,'2022-06-28','20:19:15'),(463,'2015-01-18','18:39:29'),(464,'2018-02-02','11:38:53'),(465,'2021-01-18','03:54:03'),(466,'2013-05-05','11:25:32'),(467,'2021-03-07','11:51:34'),(468,'2014-11-28','19:32:47'),(469,'2015-06-22','05:10:37'),(470,'2013-02-15','03:23:21'),(471,'2020-03-12','01:50:32'),(472,'2012-04-17','00:23:54'),(473,'2020-04-23','11:13:50'),(474,'2021-06-21','07:03:53'),(475,'2022-03-11','20:54:11'),(476,'2020-12-27','13:57:53'),(477,'2015-01-06','14:05:18'),(478,'2019-07-29','06:32:03'),(479,'2012-05-27','02:34:31'),(480,'2014-07-15','14:06:12'),(481,'2019-01-24','18:45:57'),(482,'2014-09-22','21:00:01'),(483,'2020-12-18','08:28:48'),(484,'2022-05-18','19:54:25'),(485,'2023-02-18','05:57:39'),(486,'2021-08-03','10:58:54'),(487,'2021-10-23','18:40:08'),(488,'2017-10-15','23:32:06'),(489,'2017-12-16','11:28:38'),(490,'2021-05-26','19:48:13'),(491,'2012-07-27','21:37:15'),(492,'2021-12-08','06:22:15'),(493,'2016-06-22','19:57:32'),(494,'2015-08-25','05:53:20'),(495,'2019-06-12','15:17:18'),(496,'2019-05-03','07:36:48'),(497,'2018-06-19','18:48:54'),(498,'2021-06-17','21:43:59'),(499,'2014-06-09','15:32:55'),(500,'2022-07-18','06:58:49'),(501,'2016-06-18','18:16:06'),(502,'2012-12-05','13:33:22'),(503,'2015-07-10','21:44:13'),(504,'2018-12-02','04:27:42'),(505,'2012-10-25','06:47:35'),(506,'2021-05-06','01:18:48'),(507,'2017-04-08','20:37:44'),(508,'2022-12-30','15:38:25'),(509,'2017-04-30','11:10:11'),(510,'2018-07-27','17:27:56'),(511,'2014-12-09','01:32:03'),(512,'2020-12-30','20:40:49'),(513,'2017-03-30','22:00:05'),(514,'2017-05-13','16:33:30'),(515,'2020-10-29','16:22:08'),(516,'2019-03-16','00:37:18'),(517,'2022-02-12','03:35:52'),(518,'2019-07-31','13:29:25'),(519,'2018-11-05','04:49:00'),(520,'2016-08-31','13:57:31'),(521,'2014-06-28','18:08:51'),(522,'2017-12-29','03:17:29'),(523,'2013-12-03','22:35:04'),(524,'2021-05-04','06:56:21'),(525,'2013-03-12','09:41:39'),(526,'2014-03-05','15:03:05'),(527,'2014-08-08','23:19:50'),(528,'2018-08-02','09:33:09'),(529,'2013-11-22','10:26:54'),(530,'2016-05-14','16:52:35'),(531,'2015-11-09','02:44:04'),(532,'2017-04-21','04:13:59'),(533,'2022-03-08','16:35:59'),(534,'2017-07-20','06:06:30'),(535,'2022-10-08','20:35:18'),(536,'2021-03-03','04:19:47'),(537,'2020-02-01','01:26:59'),(538,'2015-07-14','16:27:07'),(539,'2022-02-20','23:37:11'),(540,'2018-01-27','07:46:54'),(541,'2015-08-18','02:39:08'),(542,'2013-07-25','19:07:09'),(543,'2022-06-11','20:43:24'),(544,'2021-09-02','05:03:24'),(545,'2022-02-01','23:23:09'),(546,'2012-03-20','08:26:30'),(547,'2022-06-11','00:14:44'),(548,'2018-05-20','16:45:56'),(549,'2015-09-05','07:26:28'),(550,'2015-12-18','12:21:59'),(551,'2020-02-08','05:25:24'),(552,'2013-09-20','06:16:44'),(553,'2016-04-12','06:55:59'),(554,'2020-07-06','18:45:07'),(555,'2017-06-06','09:48:07'),(556,'2023-02-12','22:42:44'),(557,'2014-12-19','15:29:12'),(558,'2016-06-25','09:06:29'),(559,'2016-12-29','13:38:45'),(560,'2015-09-12','16:48:50'),(561,'2020-10-04','19:19:17'),(562,'2014-12-06','21:12:24'),(563,'2011-12-25','05:18:21'),(564,'2018-02-09','21:09:41'),(565,'2013-01-01','07:40:50'),(566,'2015-10-16','10:09:49'),(567,'2020-06-19','11:28:04'),(568,'2015-02-15','13:42:45'),(569,'2016-08-22','17:50:02'),(570,'2018-11-12','15:28:05'),(571,'2015-01-23','04:41:00'),(572,'2018-04-01','14:56:54'),(573,'2013-07-11','11:32:15'),(574,'2012-04-29','20:59:30'),(575,'2014-01-20','02:15:45'),(576,'2013-11-01','06:58:42'),(577,'2012-07-05','11:24:01'),(578,'2013-07-16','16:50:15'),(579,'2015-01-30','03:23:11'),(580,'2016-09-28','01:52:25'),(581,'2018-12-09','14:27:01'),(582,'2019-07-09','08:33:04'),(583,'2020-04-24','16:07:55'),(584,'2021-06-23','03:32:26'),(585,'2012-05-07','20:00:39'),(586,'2022-05-24','09:17:37'),(587,'2021-01-05','17:13:01'),(588,'2021-02-28','01:09:55'),(589,'2014-08-17','17:13:47'),(590,'2013-11-14','07:34:16'),(591,'2021-12-29','23:50:16'),(592,'2021-12-20','07:38:01'),(593,'2015-07-13','19:14:28'),(594,'2012-09-09','05:29:02'),(595,'2016-06-05','07:13:28'),(596,'2013-11-25','04:15:53'),(597,'2014-09-12','19:15:59'),(598,'2022-12-26','17:13:49'),(599,'2019-03-16','02:31:27'),(600,'2023-04-09','20:35:36');
/*!40000 ALTER TABLE `services` ENABLE KEYS */;
UNLOCK TABLES;

--
-- Table structure for table `sp_paymethod`
--

DROP TABLE IF EXISTS `sp_paymethod`;
/*!40101 SET @saved_cs_client     = @@character_set_client */;
/*!50503 SET character_set_client = utf8mb4 */;
CREATE TABLE `sp_paymethod` (
  `PayKey` int NOT NULL AUTO_INCREMENT,
  `SPpaymethod` varchar(80) NOT NULL,
  PRIMARY KEY (`PayKey`,`SPpaymethod`)
) ENGINE=InnoDB AUTO_INCREMENT=601 DEFAULT CHARSET=utf8mb4 COLLATE=utf8mb4_0900_ai_ci;
/*!40101 SET character_set_client = @saved_cs_client */;

--
-- Dumping data for table `sp_paymethod`
--

LOCK TABLES `sp_paymethod` WRITE;
/*!40000 ALTER TABLE `sp_paymethod` DISABLE KEYS */;
INSERT INTO `sp_paymethod` VALUES (401,'Cash'),(401,'Credit Card'),(402,'Debit Card'),(402,'Venmo'),(403,'Cash'),(403,'PayPal'),(404,'Credit Card'),(404,'Debit Card'),(405,'PayPal'),(405,'Venmo'),(406,'Cash'),(406,'Credit Card'),(407,'Debit Card'),(407,'Venmo'),(408,'Cash'),(408,'PayPal'),(409,'Credit Card'),(409,'Debit Card'),(410,'PayPal'),(410,'Venmo'),(411,'Cash'),(411,'Credit Card'),(412,'Debit Card'),(412,'Venmo'),(413,'Cash'),(413,'PayPal'),(414,'Credit Card'),(414,'Debit Card'),(415,'PayPal'),(415,'Venmo'),(416,'Cash'),(416,'Credit Card'),(417,'Debit Card'),(417,'Venmo'),(418,'Cash'),(418,'PayPal'),(419,'Credit Card'),(419,'Debit Card'),(420,'PayPal'),(420,'Venmo'),(421,'Cash'),(421,'Credit Card'),(422,'Debit Card'),(422,'Venmo'),(423,'Cash'),(423,'PayPal'),(424,'Credit Card'),(424,'Debit Card'),(425,'PayPal'),(425,'Venmo'),(426,'Cash'),(426,'Credit Card'),(427,'Debit Card'),(427,'Venmo'),(428,'Cash'),(428,'PayPal'),(429,'Credit Card'),(429,'Debit Card'),(430,'PayPal'),(430,'Venmo'),(431,'Cash'),(431,'Credit Card'),(432,'Debit Card'),(432,'Venmo'),(433,'Cash'),(433,'PayPal'),(434,'Credit Card'),(434,'Debit Card'),(435,'PayPal'),(435,'Venmo'),(436,'Cash'),(436,'Credit Card'),(437,'Debit Card'),(437,'Venmo'),(438,'Cash'),(438,'PayPal'),(439,'Credit Card'),(439,'Debit Card'),(440,'PayPal'),(440,'Venmo'),(441,'Cash'),(441,'Credit Card'),(442,'Debit Card'),(442,'Venmo'),(443,'Cash'),(443,'PayPal'),(444,'Credit Card'),(444,'Debit Card'),(445,'PayPal'),(445,'Venmo'),(446,'Cash'),(446,'Credit Card'),(447,'Debit Card'),(447,'Venmo'),(448,'Cash'),(448,'PayPal'),(449,'Credit Card'),(449,'Debit Card'),(450,'PayPal'),(450,'Venmo'),(451,'Cash'),(451,'Credit Card'),(452,'Debit Card'),(452,'Venmo'),(453,'Cash'),(453,'PayPal'),(454,'Credit Card'),(454,'Debit Card'),(455,'PayPal'),(455,'Venmo'),(456,'Cash'),(456,'Credit Card'),(457,'Debit Card'),(457,'Venmo'),(458,'Cash'),(458,'PayPal'),(459,'Credit Card'),(459,'Debit Card'),(460,'PayPal'),(460,'Venmo'),(461,'Cash'),(461,'Credit Card'),(462,'Debit Card'),(462,'Venmo'),(463,'Cash'),(463,'PayPal'),(464,'Credit Card'),(464,'Debit Card'),(465,'PayPal'),(465,'Venmo'),(466,'Cash'),(466,'Credit Card'),(467,'Debit Card'),(467,'Venmo'),(468,'Cash'),(468,'PayPal'),(469,'Credit Card'),(469,'Debit Card'),(470,'PayPal'),(470,'Venmo'),(471,'Cash'),(471,'Credit Card'),(472,'Debit Card'),(472,'Venmo'),(473,'Cash'),(473,'PayPal'),(474,'Credit Card'),(474,'Debit Card'),(475,'PayPal'),(475,'Venmo'),(476,'Cash'),(476,'Credit Card'),(477,'Debit Card'),(477,'Venmo'),(478,'Cash'),(478,'PayPal'),(479,'Credit Card'),(479,'Debit Card'),(480,'PayPal'),(480,'Venmo'),(481,'Cash'),(481,'Credit Card'),(482,'Debit Card'),(482,'Venmo'),(483,'Cash'),(483,'PayPal'),(484,'Credit Card'),(484,'Debit Card'),(485,'PayPal'),(485,'Venmo'),(486,'Cash'),(486,'Credit Card'),(487,'Debit Card'),(487,'Venmo'),(488,'Cash'),(488,'PayPal'),(489,'Credit Card'),(489,'Debit Card'),(490,'PayPal'),(490,'Venmo'),(491,'Cash'),(491,'Credit Card'),(492,'Debit Card'),(492,'Venmo'),(493,'Cash'),(493,'PayPal'),(494,'Credit Card'),(494,'Debit Card'),(495,'PayPal'),(495,'Venmo'),(496,'Cash'),(496,'Credit Card'),(497,'Debit Card'),(497,'Venmo'),(498,'Cash'),(498,'PayPal'),(499,'Credit Card'),(499,'Debit Card'),(500,'PayPal'),(500,'Venmo'),(501,'Cash'),(502,'Credit Card'),(503,'Debit Card'),(504,'Venmo'),(505,'PayPal'),(506,'Cash'),(507,'Credit Card'),(508,'Debit Card'),(509,'Venmo'),(510,'PayPal'),(511,'Cash'),(512,'Credit Card'),(513,'Debit Card'),(514,'Venmo'),(515,'PayPal'),(516,'Cash'),(517,'Credit Card'),(518,'Debit Card'),(519,'Venmo'),(520,'PayPal'),(521,'Cash'),(522,'Credit Card'),(523,'Debit Card'),(524,'Venmo'),(525,'PayPal'),(526,'Cash'),(527,'Credit Card'),(528,'Debit Card'),(529,'Venmo'),(530,'PayPal'),(531,'Cash'),(532,'Credit Card'),(533,'Debit Card'),(534,'Venmo'),(535,'PayPal'),(536,'Cash'),(537,'Credit Card'),(538,'Debit Card'),(539,'Venmo'),(540,'PayPal'),(541,'Cash'),(542,'Credit Card'),(543,'Debit Card'),(544,'Venmo'),(545,'PayPal'),(546,'Cash'),(547,'Credit Card'),(548,'Debit Card'),(549,'Venmo'),(550,'PayPal'),(551,'Cash'),(552,'Credit Card'),(553,'Debit Card'),(554,'Venmo'),(555,'PayPal'),(556,'Cash'),(557,'Credit Card'),(558,'Debit Card'),(559,'Venmo'),(560,'PayPal'),(561,'Cash'),(562,'Credit Card'),(563,'Debit Card'),(564,'Venmo'),(565,'PayPal'),(566,'Cash'),(567,'Credit Card'),(568,'Debit Card'),(569,'Venmo'),(570,'PayPal'),(571,'Cash'),(572,'Credit Card'),(573,'Debit Card'),(574,'Venmo'),(575,'PayPal'),(576,'Cash'),(577,'Credit Card'),(578,'Debit Card'),(579,'Venmo'),(580,'PayPal'),(581,'Cash'),(582,'Credit Card'),(583,'Debit Card'),(584,'Venmo'),(585,'PayPal'),(586,'Cash'),(587,'Credit Card'),(588,'Debit Card'),(589,'Venmo'),(590,'PayPal'),(591,'Cash'),(592,'Credit Card'),(593,'Debit Card'),(594,'Venmo'),(595,'PayPal'),(596,'Cash'),(597,'Credit Card'),(598,'Debit Card'),(599,'Venmo'),(600,'PayPal');
/*!40000 ALTER TABLE `sp_paymethod` ENABLE KEYS */;
UNLOCK TABLES;

--
-- Table structure for table `vaccination`
--

DROP TABLE IF EXISTS `vaccination`;
/*!40101 SET @saved_cs_client     = @@character_set_client */;
/*!50503 SET character_set_client = utf8mb4 */;
CREATE TABLE `vaccination` (
  `SKey` int NOT NULL AUTO_INCREMENT,
  `Covid` tinyint(1) DEFAULT NULL,
  `Tuberculosis` tinyint(1) DEFAULT NULL,
  `Shingrix` tinyint(1) DEFAULT NULL,
  `Pneumococcal` tinyint(1) DEFAULT NULL,
  `Flu` tinyint(1) DEFAULT NULL,
  PRIMARY KEY (`SKey`),
  CONSTRAINT `vaccination_ibfk_1` FOREIGN KEY (`SKey`) REFERENCES `services` (`SKey`)
) ENGINE=InnoDB AUTO_INCREMENT=601 DEFAULT CHARSET=utf8mb4 COLLATE=utf8mb4_0900_ai_ci;
/*!40101 SET character_set_client = @saved_cs_client */;

--
-- Dumping data for table `vaccination`
--

LOCK TABLES `vaccination` WRITE;
/*!40000 ALTER TABLE `vaccination` DISABLE KEYS */;
INSERT INTO `vaccination` VALUES (401,1,0,1,1,1),(402,1,1,1,0,1),(403,0,1,1,0,0),(404,0,1,0,0,1),(405,0,0,1,1,0),(406,0,1,0,1,0),(407,1,1,0,0,0),(408,0,0,1,1,1),(409,0,0,1,1,0),(410,0,0,1,0,1),(411,1,1,1,0,1),(412,0,0,1,0,1),(413,1,0,0,1,1),(414,1,0,1,0,1),(415,0,1,0,1,1),(416,1,1,1,0,0),(417,0,1,0,1,0),(418,1,1,1,0,1),(419,0,1,1,0,1),(420,1,0,0,1,0),(421,0,0,0,1,1),(422,0,1,1,0,1),(423,1,0,0,1,1),(424,1,0,0,0,1),(425,1,1,0,0,1),(426,0,1,1,1,1),(427,0,1,1,1,0),(428,0,0,0,0,0),(429,1,0,0,1,0),(430,1,1,1,1,1),(431,0,1,0,1,0),(432,0,1,1,1,1),(433,1,0,1,0,0),(434,1,1,0,1,1),(435,0,0,0,1,1),(436,1,0,0,1,1),(437,1,0,0,1,1),(438,0,1,1,0,1),(439,1,0,0,1,1),(440,0,0,1,1,0),(441,1,1,0,0,1),(442,0,0,0,1,1),(443,0,1,1,0,0),(444,0,0,0,0,1),(445,1,0,1,0,0),(446,0,0,0,0,1),(447,0,0,0,0,0),(448,1,0,1,0,0),(449,0,1,0,1,1),(450,0,0,1,1,0),(451,1,1,1,1,0),(452,1,1,1,0,1),(453,1,0,0,0,1),(454,0,0,0,0,0),(455,1,0,1,1,0),(456,0,0,1,0,0),(457,0,1,1,0,1),(458,0,1,1,1,1),(459,0,1,0,1,1),(460,0,0,0,0,0),(461,0,0,0,1,0),(462,1,1,1,1,0),(463,1,0,1,1,1),(464,0,1,1,0,1),(465,0,1,1,0,1),(466,1,1,1,0,1),(467,0,1,0,0,0),(468,0,1,1,0,0),(469,1,0,1,1,1),(470,1,1,0,0,1),(471,0,1,0,1,1),(472,1,1,1,1,0),(473,1,0,1,0,0),(474,1,0,0,1,1),(475,1,1,0,1,1),(476,1,1,0,0,0),(477,0,0,0,1,1),(478,0,1,0,0,1),(479,0,1,1,1,0),(480,0,1,0,0,0),(481,1,0,1,0,0),(482,1,0,1,1,0),(483,1,0,1,0,1),(484,0,0,1,1,1),(485,1,1,0,0,1),(486,1,1,0,0,1),(487,0,0,1,1,0),(488,1,0,1,0,1),(489,1,1,1,0,1),(490,1,1,0,0,1),(491,1,0,0,1,1),(492,0,1,0,0,0),(493,1,1,1,1,1),(494,1,0,0,1,1),(495,0,0,0,1,1),(496,1,1,1,0,1),(497,1,0,1,1,0),(498,1,0,0,0,1),(499,1,1,1,1,1),(500,0,0,0,0,1),(501,1,1,1,1,0),(502,0,0,0,1,1),(503,1,1,1,1,0),(504,0,0,0,0,0),(505,0,1,0,1,1),(506,1,0,1,1,1),(507,1,0,1,0,1),(508,1,1,0,1,1),(509,0,1,1,1,1),(510,0,0,1,0,1),(511,0,1,0,1,0),(512,0,0,1,1,0),(513,1,0,1,0,1),(514,0,0,0,0,1),(515,1,0,0,1,0),(516,1,1,1,1,1),(517,0,0,1,1,0),(518,1,0,0,1,0),(519,0,0,1,1,1),(520,0,0,0,0,1),(521,0,1,0,1,0),(522,1,1,1,0,1),(523,1,0,1,1,1),(524,0,1,0,1,0),(525,0,1,1,1,0),(526,1,0,1,1,0),(527,0,1,0,0,0),(528,0,1,1,0,1),(529,0,1,0,1,0),(530,1,1,0,0,0),(531,1,0,1,0,0),(532,0,1,0,0,0),(533,0,1,1,0,1),(534,1,0,1,1,0),(535,1,0,1,0,0),(536,1,1,1,0,1),(537,1,0,1,0,1),(538,0,0,0,1,0),(539,1,0,0,0,1),(540,0,0,1,0,1),(541,1,0,0,1,1),(542,1,0,0,1,1),(543,0,1,0,0,1),(544,1,1,1,0,1),(545,1,0,1,1,0),(546,1,1,0,0,1),(547,1,1,1,1,1),(548,1,0,1,1,0),(549,0,1,0,0,1),(550,0,0,0,0,0),(551,0,1,0,0,1),(552,1,1,0,1,1),(553,0,0,1,0,0),(554,1,0,0,1,0),(555,0,1,0,1,1),(556,1,0,1,0,1),(557,1,0,0,1,1),(558,1,0,1,0,0),(559,1,1,1,1,1),(560,0,1,1,1,0),(561,1,1,0,0,1),(562,0,0,0,1,0),(563,0,1,1,1,1),(564,0,0,0,0,0),(565,1,0,1,0,1),(566,1,0,0,0,1),(567,1,1,1,0,0),(568,1,1,0,0,0),(569,1,0,0,0,0),(570,0,1,1,0,0),(571,0,0,0,1,0),(572,0,0,1,0,0),(573,1,1,1,0,0),(574,1,0,0,1,0),(575,1,0,0,0,0),(576,1,1,0,1,1),(577,0,1,1,1,1),(578,0,1,1,1,0),(579,0,0,0,1,0),(580,1,1,1,1,1),(581,1,1,0,1,0),(582,1,0,0,0,1),(583,1,0,0,1,1),(584,0,1,0,0,0),(585,0,0,1,1,0),(586,0,1,0,1,1),(587,0,0,1,0,1),(588,0,0,1,1,0),(589,1,1,0,1,0),(590,0,1,0,1,1),(591,0,1,0,1,0),(592,0,1,0,0,1),(593,0,0,1,0,0),(594,1,0,0,0,1),(595,0,0,0,1,1),(596,0,0,1,1,0),(597,1,0,1,0,1),(598,0,0,0,1,0),(599,0,1,0,1,1),(600,1,1,1,1,1);
/*!40000 ALTER TABLE `vaccination` ENABLE KEYS */;
UNLOCK TABLES;

--
-- Table structure for table `visit`
--

DROP TABLE IF EXISTS `visit`;
/*!40101 SET @saved_cs_client     = @@character_set_client */;
/*!50503 SET character_set_client = utf8mb4 */;
CREATE TABLE `visit` (
  `PatientKey` int NOT NULL,
  `InstitutionKey` int NOT NULL,
  PRIMARY KEY (`PatientKey`,`InstitutionKey`)
) ENGINE=InnoDB DEFAULT CHARSET=utf8mb4 COLLATE=utf8mb4_0900_ai_ci;
/*!40101 SET character_set_client = @saved_cs_client */;

--
-- Dumping data for table `visit`
--

LOCK TABLES `visit` WRITE;
/*!40000 ALTER TABLE `visit` DISABLE KEYS */;
INSERT INTO `visit` VALUES (1,1),(2,2),(3,3),(4,4),(5,5),(6,6),(7,7),(8,8),(9,9),(10,10),(11,11),(12,12),(13,13),(14,14),(15,15),(16,16),(17,17),(18,18),(19,19),(20,20),(21,21),(22,22),(23,23),(24,24),(25,25),(26,26),(27,27),(28,28),(29,29),(30,30),(31,31),(32,32),(33,33),(34,34),(35,35),(36,36),(37,37),(38,38),(39,39),(40,40),(41,41),(42,42),(43,43),(44,44),(45,45),(46,46),(47,47),(48,48),(49,49),(50,50),(51,51),(52,52),(53,53),(54,54),(55,55),(56,56),(57,57),(58,58),(59,59),(60,60),(61,61),(62,62),(63,63),(64,64),(65,65),(201,201),(202,202),(203,203),(204,204),(205,205),(206,206),(207,207),(208,208),(209,209),(210,210),(211,211),(212,212),(213,213),(214,214),(215,215),(216,216),(217,217),(218,218),(219,219),(220,220),(221,221),(222,222),(223,223),(224,224),(225,225),(226,226),(227,227),(228,228),(229,229),(230,230),(231,231),(232,232),(233,233),(234,234),(235,235),(236,236),(237,237),(238,238),(239,239),(240,240),(241,241),(242,242),(243,243),(244,244),(245,245),(246,246),(247,247),(248,248),(249,249),(250,250),(251,251),(252,252),(253,253),(254,254),(255,255),(256,256),(257,257),(258,258),(259,259),(260,260),(261,261),(262,262),(263,263),(264,264),(265,265),(266,266),(401,401),(402,402),(403,403),(404,404),(405,405),(406,406),(407,407),(408,408),(409,409),(410,410),(411,411),(412,412),(413,413),(414,414),(415,415),(416,416),(417,417),(418,418),(419,419),(420,420),(421,421),(422,422),(423,423),(424,424),(425,425),(426,426),(427,427),(428,428),(429,429),(430,430),(431,431),(432,432),(433,433),(434,434),(435,435),(436,436),(437,437),(438,438),(439,439),(440,440),(441,441),(442,442),(443,443),(444,444),(445,445),(446,446),(447,447),(448,448),(449,449),(450,450),(451,451),(452,452),(453,453),(454,454),(455,455),(456,456),(457,457),(458,458),(459,459),(460,460),(461,461),(462,462),(463,463),(464,464),(465,465),(466,466),(467,467),(468,468),(469,469);
/*!40000 ALTER TABLE `visit` ENABLE KEYS */;
UNLOCK TABLES;
/*!40103 SET TIME_ZONE=@OLD_TIME_ZONE */;

/*!40101 SET SQL_MODE=@OLD_SQL_MODE */;
/*!40014 SET FOREIGN_KEY_CHECKS=@OLD_FOREIGN_KEY_CHECKS */;
/*!40014 SET UNIQUE_CHECKS=@OLD_UNIQUE_CHECKS */;
/*!40101 SET CHARACTER_SET_CLIENT=@OLD_CHARACTER_SET_CLIENT */;
/*!40101 SET CHARACTER_SET_RESULTS=@OLD_CHARACTER_SET_RESULTS */;
/*!40101 SET COLLATION_CONNECTION=@OLD_COLLATION_CONNECTION */;
/*!40111 SET SQL_NOTES=@OLD_SQL_NOTES */;

-- Dump completed on 2023-04-25 10:49:33
